NO,PROVINSI,KABUPATEN,KECAMATAN,KELURAHAN,PUS,UNMET NEED,BULAN
0,SULAWESI BARAT,PASANGKAYU,BAMBAIRA,BAMBAIRA,507,59,JANUARI
1,SULAWESI BARAT,PASANGKAYU,BAMBAIRA,KASOLOANG,322,61,JANUARI
2,SULAWESI BARAT,PASANGKAYU,BAMBAIRA,TAMPAURE,354,27,JANUARI
3,SULAWESI BARAT,PASANGKAYU,BAMBAIRA,KALUKU NANGKA,486,65,JANUARI
4,SULAWESI BARAT,PASANGKAYU,BAMBALAMOTU,BAMBALAMOTU,642,76,JANUARI
5,SULAWESI BARAT,PASANGKAYU,BAMBALAMOTU,POLEWALI,680,24,JANUARI
6,SULAWESI BARAT,PASANGKAYU,BAMBALAMOTU,RANDOMAYANG,653,28,JANUARI
7,SULAWESI BARAT,PASANGKAYU,BAMBALAMOTU,PANGIANG,392,23,JANUARI
8,SULAWESI BARAT,PASANGKAYU,BAMBALAMOTU,KALOLA,678,31,JANUARI
9,SULAWESI BARAT,PASANGKAYU,BAMBALAMOTU,WULAI,392,24,JANUARI
10,SULAWESI BARAT,PASANGKAYU,BULU TABA,LILIMORI,525,27,JANUARI
11,SULAWESI BARAT,PASANGKAYU,BULU TABA,KARAVE,406,27,JANUARI
12,SULAWESI BARAT,PASANGKAYU,BULU TABA,BUKIT HARAPAN,244,22,JANUARI
13,SULAWESI BARAT,PASANGKAYU,BULU TABA,KASTABUANA,254,21,JANUARI
14,SULAWESI BARAT,PASANGKAYU,BULU TABA,SUMBER SARI,41,2,JANUARI
15,SULAWESI BARAT,PASANGKAYU,BULU TABA,LELEJAE,242,16,JANUARI
16,SULAWESI BARAT,PASANGKAYU,BULU TABA,OMPI,134,4,JANUARI
17,SULAWESI BARAT,PASANGKAYU,BARAS,BARAS,507,61,JANUARI
18,SULAWESI BARAT,PASANGKAYU,BARAS,BALANTI,489,13,JANUARI
19,SULAWESI BARAT,PASANGKAYU,BARAS,MOTU,1005,125,JANUARI
20,SULAWESI BARAT,PASANGKAYU,BARAS,BULU PARIGI,315,48,JANUARI
21,SULAWESI BARAT,PASANGKAYU,BARAS,TOWONI,240,5,JANUARI
22,SULAWESI BARAT,PASANGKAYU,BARAS,KASANO,596,97,JANUARI
23,SULAWESI BARAT,PASANGKAYU,LARIANG,PARABU,204,18,JANUARI
24,SULAWESI BARAT,PASANGKAYU,LARIANG,KENANGAN,83,15,JANUARI
25,SULAWESI BARAT,PASANGKAYU,LARIANG,BAJAWALI,148,2,JANUARI
26,SULAWESI BARAT,PASANGKAYU,LARIANG,SINGGANI,288,26,JANUARI
27,SULAWESI BARAT,PASANGKAYU,LARIANG,KULU,156,20,JANUARI
28,SULAWESI BARAT,PASANGKAYU,LARIANG,BATU MATORU,171,22,JANUARI
29,SULAWESI BARAT,PASANGKAYU,LARIANG,BAMBAKORO,268,16,JANUARI
30,SULAWESI BARAT,PASANGKAYU,PASANGKAYU,PASANGKAYU,2494,338,JANUARI
31,SULAWESI BARAT,PASANGKAYU,PASANGKAYU,MARTAJAYA,283,33,JANUARI
32,SULAWESI BARAT,PASANGKAYU,PASANGKAYU,PAKAVA,536,50,JANUARI
33,SULAWESI BARAT,PASANGKAYU,PASANGKAYU,KARYA BERSAMA,459,30,JANUARI
34,SULAWESI BARAT,PASANGKAYU,PASANGKAYU,AKO,600,60,JANUARI
35,SULAWESI BARAT,PASANGKAYU,PASANGKAYU,GUNUNG SARI,760,80,JANUARI
36,SULAWESI BARAT,PASANGKAYU,DURIPOKU,TAMMARUNANG,401,92,JANUARI
37,SULAWESI BARAT,PASANGKAYU,DURIPOKU,SAPTANAJAYA,301,27,JANUARI
38,SULAWESI BARAT,PASANGKAYU,DURIPOKU,TARANGGI,148,13,JANUARI
39,SULAWESI BARAT,PASANGKAYU,DURIPOKU,SIPAKAINGA,140,18,JANUARI
40,SULAWESI BARAT,PASANGKAYU,DAPURANG,DAPURANG,722,89,JANUARI
41,SULAWESI BARAT,PASANGKAYU,DAPURANG,BENGGAULU,519,88,JANUARI
42,SULAWESI BARAT,PASANGKAYU,DAPURANG,TIRTABUANA,211,37,JANUARI
43,SULAWESI BARAT,PASANGKAYU,DAPURANG,BULU BONGGU,390,40,JANUARI
44,SULAWESI BARAT,PASANGKAYU,DAPURANG,SARASA,313,40,JANUARI
45,SULAWESI BARAT,MAMUJU,MAMUJU,BINANGA,2019,155,JANUARI
46,SULAWESI BARAT,MAMUJU,MAMUJU,MAMUNYU,1007,199,JANUARI
47,SULAWESI BARAT,MAMUJU,MAMUJU,KAREMA,1533,92,JANUARI
48,SULAWESI BARAT,MAMUJU,MAMUJU,RIMUKU,1261,226,JANUARI
49,SULAWESI BARAT,MAMUJU,MAMUJU,BAMBU,585,85,JANUARI
50,SULAWESI BARAT,MAMUJU,MAMUJU,KARAMPUANG,606,13,JANUARI
51,SULAWESI BARAT,MAMUJU,MAMUJU,TADUI,668,3,JANUARI
52,SULAWESI BARAT,MAMUJU,MAMUJU,BATU PANNU,247,24,JANUARI
53,SULAWESI BARAT,MAMUJU,TAPALANG,GALUNG,527,41,JANUARI
54,SULAWESI BARAT,MAMUJU,TAPALANG,KASAMBANG,404,52,JANUARI
55,SULAWESI BARAT,MAMUJU,TAPALANG,DAYANGINNA,251,40,JANUARI
56,SULAWESI BARAT,MAMUJU,TAPALANG,OROBATU,166,23,JANUARI
57,SULAWESI BARAT,MAMUJU,TAPALANG,TAKANDEANG,453,50,JANUARI
58,SULAWESI BARAT,MAMUJU,TAPALANG,BELA,80,3,JANUARI
59,SULAWESI BARAT,MAMUJU,TAPALANG,TAAN,451,94,JANUARI
60,SULAWESI BARAT,MAMUJU,TAPALANG,TAMPALANG,439,36,JANUARI
61,SULAWESI BARAT,MAMUJU,TAPALANG,RANTEDODA,205,19,JANUARI
62,SULAWESI BARAT,MAMUJU,TAPALANG,KOPEANG,98,11,JANUARI
63,SULAWESI BARAT,MAMUJU,BONEHAU,BONEHAU,319,32,JANUARI
64,SULAWESI BARAT,MAMUJU,BONEHAU,SALUTIWO,131,12,JANUARI
65,SULAWESI BARAT,MAMUJU,BONEHAU,BUTTUADA,260,16,JANUARI
66,SULAWESI BARAT,MAMUJU,BONEHAU,TAMALEA,66,3,JANUARI
67,SULAWESI BARAT,MAMUJU,BONEHAU,LUMIKA,165,6,JANUARI
68,SULAWESI BARAT,MAMUJU,BONEHAU,MAPPU,95,2,JANUARI
69,SULAWESI BARAT,MAMUJU,BONEHAU,BANUADA,131,1,JANUARI
70,SULAWESI BARAT,MAMUJU,BONEHAU,HINUA,129,3,JANUARI
71,SULAWESI BARAT,MAMUJU,BONEHAU,KINATANG,134,0,JANUARI
72,SULAWESI BARAT,MAMUJU,KALUKKU,SINYONYOI,824,147,JANUARI
73,SULAWESI BARAT,MAMUJU,KALUKKU,BEBANGA,1349,53,JANUARI
74,SULAWESI BARAT,MAMUJU,KALUKKU,KALUKKU,1039,98,JANUARI
75,SULAWESI BARAT,MAMUJU,KALUKKU,SINYONYOI SELATAN,616,115,JANUARI
76,SULAWESI BARAT,MAMUJU,KALUKKU,SONDOANG,400,20,JANUARI
77,SULAWESI BARAT,MAMUJU,KALUKKU,BERU-BERU,910,48,JANUARI
78,SULAWESI BARAT,MAMUJU,KALUKKU,BELANG BELANG,647,63,JANUARI
79,SULAWESI BARAT,MAMUJU,KALUKKU,KABULOANG,587,79,JANUARI
80,SULAWESI BARAT,MAMUJU,KALUKKU,KEANG,420,64,JANUARI
81,SULAWESI BARAT,MAMUJU,KALUKKU,POKKANG,370,26,JANUARI
82,SULAWESI BARAT,MAMUJU,KALUKKU,GULILING,238,14,JANUARI
83,SULAWESI BARAT,MAMUJU,KALUKKU,UHAIMATE,171,3,JANUARI
84,SULAWESI BARAT,MAMUJU,KALUKKU,KALUKKU BARAT,705,63,JANUARI
85,SULAWESI BARAT,MAMUJU,KALUKKU,PAMMULUKANG,317,19,JANUARI
86,SULAWESI BARAT,PASANGKAYU,SARUDU,SARUDU,920,26,JANUARI
87,SULAWESI BARAT,PASANGKAYU,SARUDU,BULU MARIO,677,88,JANUARI
88,SULAWESI BARAT,PASANGKAYU,SARUDU,KUMASARI,414,25,JANUARI
89,SULAWESI BARAT,PASANGKAYU,SARUDU,PATIKA,108,20,JANUARI
90,SULAWESI BARAT,PASANGKAYU,SARUDU,DODA,428,24,JANUARI
91,SULAWESI BARAT,PASANGKAYU,TIKKE RAYA,TIKKE,566,54,JANUARI
92,SULAWESI BARAT,PASANGKAYU,TIKKE RAYA,MAKMUR JAYA,829,143,JANUARI
93,SULAWESI BARAT,PASANGKAYU,TIKKE RAYA,LARIANG,660,39,JANUARI
94,SULAWESI BARAT,PASANGKAYU,TIKKE RAYA,PAJALELE,560,8,JANUARI
95,SULAWESI BARAT,PASANGKAYU,TIKKE RAYA,JENGENG RAYA,400,55,JANUARI
96,SULAWESI BARAT,PASANGKAYU,SARJO,SARJO,463,28,JANUARI
97,SULAWESI BARAT,PASANGKAYU,SARJO,MAPONU,250,17,JANUARI
98,SULAWESI BARAT,PASANGKAYU,SARJO,LETAWA,358,40,JANUARI
99,SULAWESI BARAT,PASANGKAYU,SARJO,SARUDE,391,15,JANUARI
100,SULAWESI BARAT,PASANGKAYU,PEDONGGA,MALEI,364,14,JANUARI
101,SULAWESI BARAT,PASANGKAYU,PEDONGGA,PEDANDA,277,12,JANUARI
102,SULAWESI BARAT,PASANGKAYU,PEDONGGA,BATU OGE,225,13,JANUARI
103,SULAWESI BARAT,PASANGKAYU,PEDONGGA,MARTASARI,792,30,JANUARI
104,SULAWESI BARAT,MAJENE,MALUNDA,MALUNDA,387,48,JANUARI
105,SULAWESI BARAT,MAJENE,MALUNDA,LAMUNGANG BATU,296,33,JANUARI
106,SULAWESI BARAT,MAJENE,MALUNDA,BAMBANGAN,306,24,JANUARI
107,SULAWESI BARAT,MAJENE,MALUNDA,LOMBANG,152,13,JANUARI
108,SULAWESI BARAT,MAJENE,MALUNDA,LOMBONG,369,13,JANUARI
109,SULAWESI BARAT,MAJENE,MALUNDA,MEKKATTA,389,23,JANUARI
110,SULAWESI BARAT,MAJENE,MALUNDA,MALIAYA,296,61,JANUARI
111,SULAWESI BARAT,MAJENE,MALUNDA,LOMBANG TIMUR,186,0,JANUARI
112,SULAWESI BARAT,MAJENE,MALUNDA,SALUTAHONGAN,189,16,JANUARI
113,SULAWESI BARAT,MAJENE,MALUNDA,LOMBONG TIMUR,204,7,JANUARI
114,SULAWESI BARAT,MAJENE,MALUNDA,MEKKATTA SELATAN,196,9,JANUARI
115,SULAWESI BARAT,MAJENE,MALUNDA,KAYUANGIN,276,11,JANUARI
116,SULAWESI BARAT,MAJENE,BANGGAE TIMUR,BAURUNG,866,56,JANUARI
117,SULAWESI BARAT,MAJENE,BANGGAE TIMUR,BARUGA,270,9,JANUARI
118,SULAWESI BARAT,MAJENE,BANGGAE TIMUR,BARUGA DHUA,278,6,JANUARI
119,SULAWESI BARAT,MAJENE,BANGGAE TIMUR,LABUANG,562,99,JANUARI
120,SULAWESI BARAT,MAJENE,BANGGAE TIMUR,TANDE,179,14,JANUARI
121,SULAWESI BARAT,MAJENE,BANGGAE TIMUR,LEMBANG,1112,68,JANUARI
122,SULAWESI BARAT,MAJENE,BANGGAE TIMUR,LABUANG UTARA,660,158,JANUARI
123,SULAWESI BARAT,MAJENE,BANGGAE TIMUR,TANDE TIMUR,314,8,JANUARI
124,SULAWESI BARAT,MAJENE,BANGGAE TIMUR,BUTTU BARUGA,160,13,JANUARI
125,SULAWESI BARAT,MAJENE,SENDANA,MOSSO,633,34,JANUARI
126,SULAWESI BARAT,MAJENE,SENDANA,MOSSO DHUA,210,56,JANUARI
127,SULAWESI BARAT,MAJENE,SENDANA,TOTOLISI SENDANA,234,35,JANUARI
128,SULAWESI BARAT,MAJENE,SENDANA,TALLUBANUA,358,32,JANUARI
129,SULAWESI BARAT,MAJENE,SENDANA,LALATEDZONG,168,13,JANUARI
130,SULAWESI BARAT,MAJENE,SENDANA,BINANGA,110,6,JANUARI
131,SULAWESI BARAT,MAJENE,SENDANA,PUTTADA,111,7,JANUARI
132,SULAWESI BARAT,MAJENE,SENDANA,PAMINGGALAN,95,23,JANUARI
133,SULAWESI BARAT,MAJENE,SENDANA,LEPPANGANG,116,7,JANUARI
134,SULAWESI BARAT,MAJENE,SENDANA,PUNDAU,105,7,JANUARI
135,SULAWESI BARAT,MAJENE,SENDANA,SENDANA,135,19,JANUARI
136,SULAWESI BARAT,MAJENE,SENDANA,BANUA SENDANA,211,9,JANUARI
137,SULAWESI BARAT,MAJENE,SENDANA,TALLUBANUA UTARA,277,26,JANUARI
138,SULAWESI BARAT,MAJENE,SENDANA,"LIMBORO RAMBU-
RAMBU",145,7,JANUARI
139,SULAWESI BARAT,MAJENE,SENDANA,LIMBUA,247,42,JANUARI
140,SULAWESI BARAT,MAJENE,SENDANA,BUKIT SAMANG,200,18,JANUARI
141,SULAWESI BARAT,MAJENE,PAMBOANG,LALAMPANUA,249,29,JANUARI
142,SULAWESI BARAT,MAJENE,PAMBOANG,SIRINDU,227,20,JANUARI
143,SULAWESI BARAT,MAJENE,PAMBOANG,ADOLANG,157,13,JANUARI
144,SULAWESI BARAT,MAJENE,PAMBOANG,BABABULO,326,56,JANUARI
145,SULAWESI BARAT,MAJENE,PAMBOANG,BONDE,365,37,JANUARI
146,SULAWESI BARAT,MAJENE,PAMBOANG,BETTENG,156,13,JANUARI
147,SULAWESI BARAT,MAJENE,PAMBOANG,SIMBANG,120,31,JANUARI
148,SULAWESI BARAT,MAJENE,PAMBOANG,BONDE UTARA,660,25,JANUARI
149,SULAWESI BARAT,MAJENE,PAMBOANG,BABABULO UTARA,187,29,JANUARI
150,SULAWESI BARAT,MAJENE,PAMBOANG,BUTTU PAMBOANG,154,15,JANUARI
151,SULAWESI BARAT,MAJENE,PAMBOANG,BANUA ADOLANG,158,10,JANUARI
152,SULAWESI BARAT,MAJENE,PAMBOANG,ADOLANG DHUA,147,18,JANUARI
153,SULAWESI BARAT,MAJENE,PAMBOANG,TINAMBUNG,353,33,JANUARI
154,SULAWESI BARAT,MAJENE,PAMBOANG,PESULOANG,164,10,JANUARI
155,SULAWESI BARAT,MAJENE,PAMBOANG,BALOMBONG,168,14,JANUARI
156,SULAWESI BARAT,MAJENE,ULUMANDA,KABIRAAN,216,4,JANUARI
157,SULAWESI BARAT,MAJENE,ULUMANDA,SAMBABO,132,6,JANUARI
158,SULAWESI BARAT,MAJENE,ULUMANDA,TANDEALLO,206,8,JANUARI
159,SULAWESI BARAT,MAJENE,ULUMANDA,ULUMANDA,238,10,JANUARI
160,SULAWESI BARAT,MAJENE,ULUMANDA,SALUTAMBUNG,205,4,JANUARI
161,SULAWESI BARAT,MAJENE,ULUMANDA,POPENGA,144,9,JANUARI
162,SULAWESI BARAT,MAJENE,ULUMANDA,SULAI,167,9,JANUARI
163,SULAWESI BARAT,MAJENE,ULUMANDA,PANGGALO,215,5,JANUARI
164,SULAWESI BARAT,POLEWALI MANDAR,ALLU,PETOOSANG,206,36,JANUARI
165,SULAWESI BARAT,POLEWALI MANDAR,ALLU,MOMBI,255,13,JANUARI
166,SULAWESI BARAT,POLEWALI MANDAR,ALLU,KALUMAMMANG,206,36,JANUARI
167,SULAWESI BARAT,POLEWALI MANDAR,ALLU,PAO-PAO,357,48,JANUARI
168,SULAWESI BARAT,POLEWALI MANDAR,ALLU,PUPPU URING,295,24,JANUARI
169,SULAWESI BARAT,POLEWALI MANDAR,ALLU,SARAGIAN,242,40,JANUARI
170,SULAWESI BARAT,POLEWALI MANDAR,ALLU,SAYOANG,96,7,JANUARI
171,SULAWESI BARAT,POLEWALI MANDAR,ALLU,ALU,231,38,JANUARI
172,SULAWESI BARAT,MAJENE,TUBO SENDANA,ONANG,562,80,JANUARI
173,SULAWESI BARAT,MAJENE,TUBO SENDANA,TUBO,136,7,JANUARI
174,SULAWESI BARAT,MAJENE,TUBO SENDANA,ONANG UTARA,162,20,JANUARI
175,SULAWESI BARAT,MAJENE,TUBO SENDANA,TUBO SELATAN,132,2,JANUARI
176,SULAWESI BARAT,MAJENE,TUBO SENDANA,BONDE BONDE,145,21,JANUARI
177,SULAWESI BARAT,MAJENE,TUBO SENDANA,TUBO TENGAH,131,3,JANUARI
178,SULAWESI BARAT,MAJENE,TUBO SENDANA,TUBO POANG,116,6,JANUARI
179,SULAWESI BARAT,MAJENE,TAMMERODO SENDANA,SEPPONG,208,10,JANUARI
180,SULAWESI BARAT,MAJENE,TAMMERODO SENDANA,TAMMERODO,324,27,JANUARI
181,SULAWESI BARAT,MAJENE,TAMMERODO SENDANA,ULIDANG,272,27,JANUARI
182,SULAWESI BARAT,MAJENE,TAMMERODO SENDANA,TALLAMBALAO,303,17,JANUARI
183,SULAWESI BARAT,MAJENE,TAMMERODO SENDANA,TAMMERODO UTARA,324,18,JANUARI
184,SULAWESI BARAT,MAJENE,TAMMERODO SENDANA,MANYAMBA,236,17,JANUARI
185,SULAWESI BARAT,MAJENE,TAMMERODO SENDANA,AWO,309,57,JANUARI
186,SULAWESI BARAT,MAMUJU,SIMBORO,SIMBORO,3281,447,JANUARI
187,SULAWESI BARAT,MAMUJU,SIMBORO,RANGAS,888,55,JANUARI
188,SULAWESI BARAT,MAMUJU,SIMBORO,BOTTENG,382,39,JANUARI
189,SULAWESI BARAT,MAMUJU,SIMBORO,SALETTO,521,70,JANUARI
190,SULAWESI BARAT,MAMUJU,SIMBORO,SUMARE,412,63,JANUARI
191,SULAWESI BARAT,MAMUJU,SIMBORO,BOTTENG UTARA,518,19,JANUARI
192,SULAWESI BARAT,MAMUJU,SIMBORO,TAPANDULLU,117,13,JANUARI
193,SULAWESI BARAT,MAMUJU,SIMBORO,PATI'DI,316,28,JANUARI
194,SULAWESI BARAT,MAMUJU,TAPALANG BARAT,DUNGKAIT,336,21,JANUARI
195,SULAWESI BARAT,MAMUJU,TAPALANG BARAT,LEBANI,229,23,JANUARI
196,SULAWESI BARAT,MAMUJU,TAPALANG BARAT,LABUANG RANO,449,79,JANUARI
197,SULAWESI BARAT,MAMUJU,TAPALANG BARAT,PASABU,271,30,JANUARI
198,SULAWESI BARAT,MAMUJU,TAPALANG BARAT,TANETE PAO,63,1,JANUARI
199,SULAWESI BARAT,MAMUJU,TAPALANG BARAT,PANGASAAN,158,57,JANUARI
200,SULAWESI BARAT,MAMUJU,TAPALANG BARAT,AHU,248,8,JANUARI
201,SULAWESI BARAT,MAJENE,BANGGAE,BANGGAE,576,64,JANUARI
202,SULAWESI BARAT,MAJENE,BANGGAE,BARU,950,61,JANUARI
203,SULAWESI BARAT,MAJENE,BANGGAE,PANGALI ALI,1549,163,JANUARI
204,SULAWESI BARAT,MAJENE,BANGGAE,TOTOLI,879,132,JANUARI
205,SULAWESI BARAT,MAJENE,BANGGAE,RANGAS,1329,54,JANUARI
206,SULAWESI BARAT,MAJENE,BANGGAE,GALUNG,565,110,JANUARI
207,SULAWESI BARAT,MAJENE,BANGGAE,PALIPI SOREANG,394,37,JANUARI
208,SULAWESI BARAT,MAJENE,BANGGAE,PAMBOBORANG,397,28,JANUARI
209,SULAWESI BARAT,MAMUJU,TOMMO,TOMMO,482,17,JANUARI
210,SULAWESI BARAT,MAMUJU,TOMMO,CAMPALOGA,470,58,JANUARI
211,SULAWESI BARAT,MAMUJU,TOMMO,BUANA SAKTI,310,23,JANUARI
212,SULAWESI BARAT,MAMUJU,TOMMO,TAMEMONGGA,288,22,JANUARI
213,SULAWESI BARAT,MAMUJU,TOMMO,TAMEJARRA,347,55,JANUARI
214,SULAWESI BARAT,MAMUJU,TOMMO,RANTEMARIO,212,6,JANUARI
215,SULAWESI BARAT,MAMUJU,TOMMO,MALINO,115,13,JANUARI
216,SULAWESI BARAT,MAMUJU,TOMMO,KAKULLASANG,545,87,JANUARI
217,SULAWESI BARAT,MAMUJU,TOMMO,LELING,199,6,JANUARI
218,SULAWESI BARAT,MAMUJU,TOMMO,KALEPU,148,3,JANUARI
219,SULAWESI BARAT,MAMUJU,TOMMO,SANDANA,202,15,JANUARI
220,SULAWESI BARAT,MAMUJU,TOMMO,LELING BARAT,293,20,JANUARI
221,SULAWESI BARAT,MAMUJU,TOMMO,LELING UTARA,304,30,JANUARI
222,SULAWESI BARAT,MAMUJU,TOMMO,SALUDENGEN,190,22,JANUARI
223,SULAWESI BARAT,MAMUJU,SAMPAGA,BUNDE,761,81,JANUARI
224,SULAWESI BARAT,MAMUJU,SAMPAGA,KALONDING,560,14,JANUARI
225,SULAWESI BARAT,MAMUJU,SAMPAGA,TARAILU,522,129,JANUARI
226,SULAWESI BARAT,MAMUJU,SAMPAGA,SAMPAGA,271,18,JANUARI
227,SULAWESI BARAT,MAMUJU,SAMPAGA,TANAMBUAH,97,10,JANUARI
228,SULAWESI BARAT,MAMUJU,SAMPAGA,SALUBARANA,114,13,JANUARI
229,SULAWESI BARAT,MAMUJU,SAMPAGA,LOSSO,177,16,JANUARI
230,SULAWESI BARAT,MAMUJU,PAPALANG,TOABO,846,16,JANUARI
231,SULAWESI BARAT,MAMUJU,PAPALANG,PAPALANG,1049,80,JANUARI
232,SULAWESI BARAT,MAMUJU,PAPALANG,BONDA,445,31,JANUARI
233,SULAWESI BARAT,MAMUJU,PAPALANG,TOPORE,547,54,JANUARI
234,SULAWESI BARAT,MAMUJU,PAPALANG,SALUKAYU,333,36,JANUARI
235,SULAWESI BARAT,MAMUJU,PAPALANG,SUKADAMAI,132,5,JANUARI
236,SULAWESI BARAT,MAMUJU,PAPALANG,BODA-BODA,272,13,JANUARI
237,SULAWESI BARAT,MAMUJU,PAPALANG,SISANGO,137,2,JANUARI
238,SULAWESI BARAT,MAMUJU,PAPALANG,BATU AMPA,226,39,JANUARI
239,SULAWESI BARAT,MAMUJU,KEP. BALA BALAKANG,BALA BALAKANG,199,24,JANUARI
240,SULAWESI BARAT,MAMUJU,KEP. BALA BALAKANG,BALA-BALAKANG TIMUR,133,9,JANUARI
241,SULAWESI BARAT,MAMUJU,KALUMPANG,KALUMPANG,67,5,JANUARI
242,SULAWESI BARAT,MAMUJU,KALUMPANG,KARATAUN,233,2,JANUARI
243,SULAWESI BARAT,MAMUJU,KALUMPANG,KARAMA,164,3,JANUARI
244,SULAWESI BARAT,MAMUJU,KALUMPANG,SIRAUN,122,2,JANUARI
245,SULAWESI BARAT,MAMUJU,KALUMPANG,TUMOGA,123,8,JANUARI
246,SULAWESI BARAT,MAMUJU,KALUMPANG,SALUMAKKI,115,1,JANUARI
247,SULAWESI BARAT,MAMUJU,KALUMPANG,POLIO,111,32,JANUARI
248,SULAWESI BARAT,MAMUJU,KALUMPANG,LIMBONG,120,6,JANUARI
249,SULAWESI BARAT,MAMUJU,KALUMPANG,SANDAPANG,116,2,JANUARI
250,SULAWESI BARAT,MAMUJU,KALUMPANG,KONDO BULO,130,23,JANUARI
251,SULAWESI BARAT,MAMUJU,KALUMPANG,MAKKALIKI,89,3,JANUARI
252,SULAWESI BARAT,MAMUJU,KALUMPANG,BATU MAKKADA,132,10,JANUARI
253,SULAWESI BARAT,MAMUJU,KALUMPANG,LASA',181,12,JANUARI
254,SULAWESI BARAT,MAMASA,ARALLE,ARALLE,140,4,JANUARI
255,SULAWESI BARAT,MAMASA,ARALLE,RALLE ANAK,51,4,JANUARI
256,SULAWESI BARAT,MAMASA,ARALLE,PANETEAN,85,1,JANUARI
257,SULAWESI BARAT,MAMASA,ARALLE,UHAILANU,133,13,JANUARI
258,SULAWESI BARAT,MAMASA,ARALLE,ARALLE UTARA,114,5,JANUARI
259,SULAWESI BARAT,MAMASA,ARALLE,UHAIDAHO,103,19,JANUARI
260,SULAWESI BARAT,MAMASA,ARALLE,BARURU,110,3,JANUARI
261,SULAWESI BARAT,MAMASA,ARALLE,RALLEANAK UTARA,56,1,JANUARI
262,SULAWESI BARAT,MAMASA,ARALLE,PAMOSEANG PANGGA,61,5,JANUARI
263,SULAWESI BARAT,MAMASA,ARALLE,KALABE,76,3,JANUARI
264,SULAWESI BARAT,MAMASA,ARALLE,ARALLE SELATAN,66,7,JANUARI
265,SULAWESI BARAT,MAMASA,ARALLE,HAHANGAN,46,2,JANUARI
266,SULAWESI BARAT,MAMASA,BALLA,BALLA,233,11,JANUARI
267,SULAWESI BARAT,MAMASA,BALLA,BALLA BARAT,116,1,JANUARI
268,SULAWESI BARAT,MAMASA,BALLA,BALLA SATANETEAN,191,9,JANUARI
269,SULAWESI BARAT,MAMASA,BALLA,BALLA TUMUKA,156,7,JANUARI
270,SULAWESI BARAT,MAMASA,BALLA,SEPAKUAN,193,5,JANUARI
271,SULAWESI BARAT,MAMASA,BALLA,PIDARA,93,10,JANUARI
272,SULAWESI BARAT,MAMASA,BALLA,BAMBAPUANG,82,4,JANUARI
273,SULAWESI BARAT,MAMASA,BALLA,BALLA TIMUR,48,0,JANUARI
274,SULAWESI BARAT,MAMASA,BUNTUMALANGKA,BUNTUMALANGKA,162,1,JANUARI
275,SULAWESI BARAT,MAMASA,BUNTUMALANGKA,RANTEBERAN,155,1,JANUARI
276,SULAWESI BARAT,MAMASA,BUNTUMALANGKA,KEBANGA,77,2,JANUARI
277,SULAWESI BARAT,MAMASA,BUNTUMALANGKA,SALURINDU,71,1,JANUARI
278,SULAWESI BARAT,MAMASA,BUNTUMALANGKA,TAORA,63,1,JANUARI
279,SULAWESI BARAT,MAMASA,BUNTUMALANGKA,KABAE,92,0,JANUARI
280,SULAWESI BARAT,MAMASA,BUNTUMALANGKA,SALUTAMBUN BARAT,88,0,JANUARI
281,SULAWESI BARAT,MAMASA,BUNTUMALANGKA,PENATANGAN,146,1,JANUARI
282,SULAWESI BARAT,MAMASA,BUNTUMALANGKA,SALUTAMBUN TIMUR,70,3,JANUARI
283,SULAWESI BARAT,MAMASA,BUNTUMALANGKA,SALUTAMBUN,46,0,JANUARI
284,SULAWESI BARAT,MAMASA,BUNTUMALANGKA,ARALLE TIMUR,138,1,JANUARI
285,SULAWESI BARAT,MAMASA,BAMBANG,MOKALLANG,49,1,JANUARI
286,SULAWESI BARAT,MAMASA,BAMBANG,MASOSO,58,2,JANUARI
287,SULAWESI BARAT,MAMASA,BAMBANG,SALUASSING,148,0,JANUARI
288,SULAWESI BARAT,MAMASA,BAMBANG,SALUBULO,84,2,JANUARI
289,SULAWESI BARAT,MAMASA,BAMBANG,SALUKADI,105,1,JANUARI
290,SULAWESI BARAT,MAMASA,BAMBANG,SALUKEPOPOK,149,0,JANUARI
291,SULAWESI BARAT,MAMASA,BAMBANG,ULUMAMBI BARAT,76,0,JANUARI
292,SULAWESI BARAT,MAMASA,BAMBANG,LIMBADEBATA,116,0,JANUARI
293,SULAWESI BARAT,MAMASA,BAMBANG,TANETE TOMBA,78,4,JANUARI
294,SULAWESI BARAT,MAMASA,BAMBANG,BAMBANG,156,2,JANUARI
295,SULAWESI BARAT,MAMASA,BAMBANG,RANTELEMO,61,0,JANUARI
296,SULAWESI BARAT,MAMASA,BAMBANG,SALUDENGEN,51,6,JANUARI
297,SULAWESI BARAT,MAMASA,BAMBANG,ULUMAMBI,98,1,JANUARI
298,SULAWESI BARAT,MAMASA,BAMBANG,BAMBANG TIMUR,107,1,JANUARI
299,SULAWESI BARAT,MAMASA,BAMBANG,MINANGA,188,7,JANUARI
300,SULAWESI BARAT,MAMASA,BAMBANG,SIKAMASE,65,0,JANUARI
301,SULAWESI BARAT,MAMASA,BAMBANG,RANTETARIMA,34,0,JANUARI
302,SULAWESI BARAT,MAMASA,BAMBANG,SALURURU,41,1,JANUARI
303,SULAWESI BARAT,MAMASA,BAMBANG,SALUTABANG,42,3,JANUARI
304,SULAWESI BARAT,MAMASA,BAMBANG,BALATANA,58,0,JANUARI
305,SULAWESI BARAT,MAMASA,MESSAWA,MESSAWA,59,5,JANUARI
306,SULAWESI BARAT,MAMASA,MESSAWA,RIPPUNG,185,7,JANUARI
307,SULAWESI BARAT,MAMASA,MESSAWA,MAKUANG,133,7,JANUARI
308,SULAWESI BARAT,MAMASA,MESSAWA,SEPANG,93,0,JANUARI
309,SULAWESI BARAT,MAMASA,MESSAWA,MALIMBONG,66,1,JANUARI
310,SULAWESI BARAT,MAMASA,MESSAWA,MATANDE,89,1,JANUARI
311,SULAWESI BARAT,MAMASA,MESSAWA,SIPAI,108,2,JANUARI
312,SULAWESI BARAT,MAMASA,MESSAWA,PASMA MAMBU,67,2,JANUARI
313,SULAWESI BARAT,MAMASA,MESSAWA,TANETE BATU,68,0,JANUARI
314,SULAWESI BARAT,MAMASA,NOSU,NOSU,113,13,JANUARI
315,SULAWESI BARAT,MAMASA,NOSU,MINANGA,44,4,JANUARI
316,SULAWESI BARAT,MAMASA,NOSU,BATUPAPAN,118,15,JANUARI
317,SULAWESI BARAT,MAMASA,NOSU,MASEWWE,117,25,JANUARI
318,SULAWESI BARAT,MAMASA,NOSU,SIWI,53,12,JANUARI
319,SULAWESI BARAT,MAMASA,NOSU,MINANGA TIMUR,59,26,JANUARI
320,SULAWESI BARAT,MAMASA,NOSU,PARINDING,44,4,JANUARI
321,SULAWESI BARAT,MAMASA,MEHALAAN,MEHALAAN,64,0,JANUARI
322,SULAWESI BARAT,MAMASA,MEHALAAN,BOTTENG,84,1,JANUARI
323,SULAWESI BARAT,MAMASA,MEHALAAN,SALUKONTA,69,0,JANUARI
324,SULAWESI BARAT,MAMASA,MEHALAAN,MESAKADA,82,4,JANUARI
325,SULAWESI BARAT,MAMASA,MEHALAAN,MEHALAAN BARAT,116,4,JANUARI
326,SULAWESI BARAT,MAMASA,MEHALAAN,SALUAHOK,86,0,JANUARI
327,SULAWESI BARAT,MAMASA,MEHALAAN,SALUBALO,56,0,JANUARI
328,SULAWESI BARAT,MAMASA,MEHALAAN,PASSEMBUK,52,0,JANUARI
329,SULAWESI BARAT,MAMASA,MEHALAAN,KONDO,43,1,JANUARI
330,SULAWESI BARAT,MAMASA,MEHALAAN,LEKO SUKAMAJU,35,0,JANUARI
331,SULAWESI BARAT,MAMASA,MEHALAAN,ULUMEA,32,0,JANUARI
332,SULAWESI BARAT,MAMASA,MAMBI,MAMBI,217,61,JANUARI
333,SULAWESI BARAT,MAMASA,MAMBI,TALIPUKKI,196,5,JANUARI
334,SULAWESI BARAT,MAMASA,MAMBI,RANTEBULAHAN,92,2,JANUARI
335,SULAWESI BARAT,MAMASA,MAMBI,SONDONGLAYU,85,9,JANUARI
336,SULAWESI BARAT,MAMASA,MAMBI,SALUBANUA,45,1,JANUARI
337,SULAWESI BARAT,MAMASA,MAMBI,TAPALINA,141,3,JANUARI
338,SULAWESI BARAT,MAMASA,MAMBI,SENDANA,205,5,JANUARI
339,SULAWESI BARAT,MAMASA,MAMBI,PAMOSEAN,75,6,JANUARI
340,SULAWESI BARAT,MAMASA,MAMBI,SELUMAKA,153,1,JANUARI
341,SULAWESI BARAT,MAMASA,MAMBI,BUJUNG MANURUNG,66,8,JANUARI
342,SULAWESI BARAT,MAMASA,MAMBI,SALU ALO,124,16,JANUARI
343,SULAWESI BARAT,MAMASA,MAMBI,INDOBANUA,56,12,JANUARI
344,SULAWESI BARAT,MAMASA,MAMBI,SALUDURIAN,149,8,JANUARI
345,SULAWESI BARAT,MAMASA,TABANG,TABANG,130,6,JANUARI
346,SULAWESI BARAT,MAMASA,TABANG,TADOKALUA,125,3,JANUARI
347,SULAWESI BARAT,MAMASA,TABANG,TABANG BARAT,251,12,JANUARI
348,SULAWESI BARAT,MAMASA,TABANG,MASUPU,95,2,JANUARI
349,SULAWESI BARAT,MAMASA,TABANG,KALAMA,88,6,JANUARI
350,SULAWESI BARAT,MAMASA,TABANG,BAKADISURA,150,1,JANUARI
351,SULAWESI BARAT,MAMASA,TABANG,SALUKONA,121,1,JANUARI
352,SULAWESI BARAT,MAMASA,TABULAHAN,LAKAHANG,319,5,JANUARI
353,SULAWESI BARAT,MAMASA,TABULAHAN,PERIANGAN,93,4,JANUARI
354,SULAWESI BARAT,MAMASA,TABULAHAN,MALATIRO,191,4,JANUARI
355,SULAWESI BARAT,MAMASA,TABULAHAN,TABULAHAN,67,0,JANUARI
356,SULAWESI BARAT,MAMASA,TABULAHAN,SALULEANG,49,1,JANUARI
357,SULAWESI BARAT,MAMASA,TABULAHAN,TAMPAK KURRA,244,3,JANUARI
358,SULAWESI BARAT,MAMASA,TABULAHAN,GANDANG DEWATA,41,1,JANUARI
359,SULAWESI BARAT,MAMASA,TABULAHAN,BURANA,132,13,JANUARI
360,SULAWESI BARAT,MAMASA,TABULAHAN,SALUBAKKA,120,3,JANUARI
361,SULAWESI BARAT,MAMASA,TABULAHAN,PANGANDARAN,171,0,JANUARI
362,SULAWESI BARAT,MAMASA,TABULAHAN,TALOPAK,60,0,JANUARI
363,SULAWESI BARAT,MAMASA,TABULAHAN,PEU',57,0,JANUARI
364,SULAWESI BARAT,MAMASA,TABULAHAN,TIMORO,50,0,JANUARI
365,SULAWESI BARAT,MAMASA,TABULAHAN,LAKAHANG UTAMA,111,1,JANUARI
366,SULAWESI BARAT,MAMASA,TAWALIAN,TAWALIAN,353,24,JANUARI
367,SULAWESI BARAT,MAMASA,TAWALIAN,TAWALIAN TIMUR,224,10,JANUARI
368,SULAWESI BARAT,MAMASA,TAWALIAN,KARIANGO,251,3,JANUARI
369,SULAWESI BARAT,MAMASA,TAWALIAN,RANTETANGNGA,190,16,JANUARI
370,SULAWESI BARAT,MAMASA,TANDUK KALUA,MINAKE,135,12,JANUARI
371,SULAWESI BARAT,MAMASA,TANDUK KALUA,MALABO,68,3,JANUARI
372,SULAWESI BARAT,MAMASA,TANDUK KALUA,SINDAGAMANIK,178,8,JANUARI
373,SULAWESI BARAT,MAMASA,TANDUK KALUA,PARONDOBULAWAN,134,9,JANUARI
374,SULAWESI BARAT,MAMASA,TANDUK KALUA,TAMALANTIK,204,7,JANUARI
375,SULAWESI BARAT,MAMASA,TANDUK KALUA,MANNABABA,85,3,JANUARI
376,SULAWESI BARAT,MAMASA,TANDUK KALUA,MESAKADA,137,5,JANUARI
377,SULAWESI BARAT,MAMASA,TANDUK KALUA,BALLABATU,197,3,JANUARI
378,SULAWESI BARAT,MAMASA,TANDUK KALUA,PAMBE,98,3,JANUARI
379,SULAWESI BARAT,MAMASA,TANDUK KALUA,SALURANO,98,6,JANUARI
380,SULAWESI BARAT,MAMASA,TANDUK KALUA,TALIMBUNG,119,6,JANUARI
381,SULAWESI BARAT,MAMASA,TANDUK KALUA,KANAN,151,17,JANUARI
382,SULAWESI BARAT,MAMASA,SESENAPADANG,OROBUA,279,13,JANUARI
383,SULAWESI BARAT,MAMASA,SESENAPADANG,PALADAN,103,5,JANUARI
384,SULAWESI BARAT,MAMASA,SESENAPADANG,OROBUA TIMUR,61,3,JANUARI
385,SULAWESI BARAT,MAMASA,SESENAPADANG,RANTE PUANG,162,13,JANUARI
386,SULAWESI BARAT,MAMASA,SESENAPADANG,SATENETEAN,61,2,JANUARI
387,SULAWESI BARAT,MAMASA,SESENAPADANG,LISUAN ADA,95,2,JANUARI
388,SULAWESI BARAT,MAMASA,SESENAPADANG,OROBUA SELATAN,96,9,JANUARI
389,SULAWESI BARAT,MAMASA,SESENAPADANG,MALANGKENA PADANG,89,3,JANUARI
390,SULAWESI BARAT,MAMASA,SESENAPADANG,MALIMBONG,33,0,JANUARI
391,SULAWESI BARAT,MAMASA,SESENAPADANG,MARAMPAN OROBUA,49,0,JANUARI
392,SULAWESI BARAT,MAMASA,SUMARORONG,SUMARORONG,197,10,JANUARI
393,SULAWESI BARAT,MAMASA,SUMARORONG,TABONE,132,6,JANUARI
394,SULAWESI BARAT,MAMASA,SUMARORONG,BATANG  URU,115,5,JANUARI
395,SULAWESI BARAT,MAMASA,SUMARORONG,SASAKAN,199,0,JANUARI
396,SULAWESI BARAT,MAMASA,SUMARORONG,TADISI,62,0,JANUARI
397,SULAWESI BARAT,MAMASA,SUMARORONG,SIBANAWA,135,22,JANUARI
398,SULAWESI BARAT,MAMASA,SUMARORONG,BATANGNGURU TIMUR,133,8,JANUARI
399,SULAWESI BARAT,MAMASA,SUMARORONG,SALUBALO,147,1,JANUARI
400,SULAWESI BARAT,MAMASA,SUMARORONG,BANEA,82,5,JANUARI
401,SULAWESI BARAT,MAMASA,SUMARORONG,RANTE KAMASE,197,4,JANUARI
402,SULAWESI BARAT,MAMASA,RANTEBULAHAN TIMUR,SALUMOKANAN,131,4,JANUARI
403,SULAWESI BARAT,MAMASA,RANTEBULAHAN TIMUR,SALUMOKANAN BARAT,132,1,JANUARI
404,SULAWESI BARAT,MAMASA,RANTEBULAHAN TIMUR,BUANGIN,137,2,JANUARI
405,SULAWESI BARAT,MAMASA,RANTEBULAHAN TIMUR,BAMBANG BUDA,142,1,JANUARI
406,SULAWESI BARAT,MAMASA,RANTEBULAHAN TIMUR,LEKO,39,3,JANUARI
407,SULAWESI BARAT,MAMASA,RANTEBULAHAN TIMUR,KIRAK,105,3,JANUARI
408,SULAWESI BARAT,MAMASA,RANTEBULAHAN TIMUR,SALUMOKANAN UTARA,137,2,JANUARI
409,SULAWESI BARAT,MAMASA,RANTEBULAHAN TIMUR,SAMPALE,63,0,JANUARI
410,SULAWESI BARAT,MAMASA,PANA,PANA,80,2,JANUARI
411,SULAWESI BARAT,MAMASA,PANA,MANIPI,164,7,JANUARI
412,SULAWESI BARAT,MAMASA,PANA,MAMULLU,84,6,JANUARI
413,SULAWESI BARAT,MAMASA,PANA,SAPAN,73,0,JANUARI
414,SULAWESI BARAT,MAMASA,PANA,DATUBARINGAN,110,3,JANUARI
415,SULAWESI BARAT,MAMASA,PANA,PANURA,76,5,JANUARI
416,SULAWESI BARAT,MAMASA,PANA,TALLANG BULAWAN,82,1,JANUARI
417,SULAWESI BARAT,MAMASA,PANA,KARAKA,87,0,JANUARI
418,SULAWESI BARAT,MAMASA,PANA,ULUSALU,75,5,JANUARI
419,SULAWESI BARAT,MAMASA,PANA,WERI,67,2,JANUARI
420,SULAWESI BARAT,MAMASA,PANA,SALUTAMBUN,70,7,JANUARI
421,SULAWESI BARAT,MAMASA,PANA,SALOAN,110,6,JANUARI
422,SULAWESI BARAT,MAMASA,PANA,ULUSALU INDAH,68,2,JANUARI
423,SULAWESI BARAT,POLEWALI MANDAR,MATAKALI,MATAKALI,537,98,JANUARI
424,SULAWESI BARAT,POLEWALI MANDAR,MATAKALI,PETAMPANUA,701,223,JANUARI
425,SULAWESI BARAT,POLEWALI MANDAR,MATAKALI,BARUMBUNG,403,57,JANUARI
426,SULAWESI BARAT,POLEWALI MANDAR,MATAKALI,PASIANG,680,99,JANUARI
427,SULAWESI BARAT,POLEWALI MANDAR,MATAKALI,TONROLIMA,433,46,JANUARI
428,SULAWESI BARAT,POLEWALI MANDAR,MATAKALI,INDOMAKKOMBONG,573,46,JANUARI
429,SULAWESI BARAT,POLEWALI MANDAR,MATAKALI,BUNGA-BUNGA,228,6,JANUARI
430,SULAWESI BARAT,POLEWALI MANDAR,MATANGNGA,MATANGNGA,123,12,JANUARI
431,SULAWESI BARAT,POLEWALI MANDAR,MATANGNGA,LILLI,142,5,JANUARI
432,SULAWESI BARAT,POLEWALI MANDAR,MATANGNGA,RANGOAN,128,4,JANUARI
433,SULAWESI BARAT,POLEWALI MANDAR,MATANGNGA,TAPUA,213,9,JANUARI
434,SULAWESI BARAT,POLEWALI MANDAR,MATANGNGA,MAMBU TAPUA,117,2,JANUARI
435,SULAWESI BARAT,POLEWALI MANDAR,MATANGNGA,BA'BA TAPUA,97,1,JANUARI
436,SULAWESI BARAT,POLEWALI MANDAR,MATANGNGA,KATIMBANG,112,1,JANUARI
437,SULAWESI BARAT,POLEWALI MANDAR,TAPANGO,PELITAKAN,271,33,JANUARI
438,SULAWESI BARAT,POLEWALI MANDAR,TAPANGO,TAPANGO,411,89,JANUARI
439,SULAWESI BARAT,POLEWALI MANDAR,TAPANGO,RAPPANG,349,41,JANUARI
440,SULAWESI BARAT,POLEWALI MANDAR,TAPANGO,DAKKA,331,36,JANUARI
441,SULAWESI BARAT,POLEWALI MANDAR,TAPANGO,BATU,168,6,JANUARI
442,SULAWESI BARAT,POLEWALI MANDAR,TAPANGO,RISO,329,79,JANUARI
443,SULAWESI BARAT,POLEWALI MANDAR,TAPANGO,PALATTA,251,10,JANUARI
444,SULAWESI BARAT,POLEWALI MANDAR,TAPANGO,TAPANGO BARAT,297,45,JANUARI
445,SULAWESI BARAT,POLEWALI MANDAR,TAPANGO,KURRAK,98,0,JANUARI
446,SULAWESI BARAT,POLEWALI MANDAR,TAPANGO,BUSSU,207,13,JANUARI
447,SULAWESI BARAT,POLEWALI MANDAR,TAPANGO,TUTTULA,174,22,JANUARI
448,SULAWESI BARAT,POLEWALI MANDAR,TAPANGO,JAMBU MALEA,301,37,JANUARI
449,SULAWESI BARAT,POLEWALI MANDAR,TAPANGO,KALIMBUA,269,19,JANUARI
450,SULAWESI BARAT,POLEWALI MANDAR,TAPANGO,BANATO REJO,422,5,JANUARI
451,SULAWESI BARAT,POLEWALI MANDAR,POLEWALI,POLEWALI,854,110,JANUARI
452,SULAWESI BARAT,POLEWALI MANDAR,POLEWALI,WATTANG,486,85,JANUARI
453,SULAWESI BARAT,POLEWALI MANDAR,POLEWALI,SULEWATANG,557,16,JANUARI
454,SULAWESI BARAT,POLEWALI MANDAR,POLEWALI,LANTORA,705,89,JANUARI
455,SULAWESI BARAT,POLEWALI MANDAR,POLEWALI,TAKATIDUNG,855,79,JANUARI
456,SULAWESI BARAT,POLEWALI MANDAR,POLEWALI,PEKKABATA,601,26,JANUARI
457,SULAWESI BARAT,POLEWALI MANDAR,POLEWALI,MADATE,1085,110,JANUARI
458,SULAWESI BARAT,POLEWALI MANDAR,POLEWALI,MANDING,775,42,JANUARI
459,SULAWESI BARAT,POLEWALI MANDAR,POLEWALI,DARMA,1044,170,JANUARI
460,SULAWESI BARAT,POLEWALI MANDAR,WONOMULYO,SIDODADI,1101,221,JANUARI
461,SULAWESI BARAT,POLEWALI MANDAR,WONOMULYO,SIDOREJO,648,89,JANUARI
462,SULAWESI BARAT,POLEWALI MANDAR,WONOMULYO,SUMBEREJO,779,59,JANUARI
463,SULAWESI BARAT,POLEWALI MANDAR,WONOMULYO,BUMIAYU,597,39,JANUARI
464,SULAWESI BARAT,POLEWALI MANDAR,WONOMULYO,KEBUNSARI,376,19,JANUARI
465,SULAWESI BARAT,POLEWALI MANDAR,WONOMULYO,BANUA BARU,301,21,JANUARI
466,SULAWESI BARAT,POLEWALI MANDAR,WONOMULYO,NEPO,424,40,JANUARI
467,SULAWESI BARAT,POLEWALI MANDAR,WONOMULYO,SUGIHWARAS,804,43,JANUARI
468,SULAWESI BARAT,POLEWALI MANDAR,WONOMULYO,CAMPURJO,453,55,JANUARI
469,SULAWESI BARAT,POLEWALI MANDAR,WONOMULYO,BUMIMULYO,319,5,JANUARI
470,SULAWESI BARAT,POLEWALI MANDAR,WONOMULYO,TUMPILING,374,38,JANUARI
471,SULAWESI BARAT,POLEWALI MANDAR,WONOMULYO,BAKKA-BAKKA,293,3,JANUARI
472,SULAWESI BARAT,POLEWALI MANDAR,WONOMULYO,ARJO SARI,398,13,JANUARI
473,SULAWESI BARAT,POLEWALI MANDAR,WONOMULYO,GALESON,454,47,JANUARI
474,SULAWESI BARAT,MAMASA,MAMASA,MAMASA,499,24,JANUARI
475,SULAWESI BARAT,MAMASA,MAMASA,RAMBUSARATU,294,4,JANUARI
476,SULAWESI BARAT,MAMASA,MAMASA,OSANGO,631,35,JANUARI
477,SULAWESI BARAT,MAMASA,MAMASA,LAMBANAN,269,9,JANUARI
478,SULAWESI BARAT,MAMASA,MAMASA,LEMBANA SALULO,129,2,JANUARI
479,SULAWESI BARAT,MAMASA,MAMASA,TAUPE,301,17,JANUARI
480,SULAWESI BARAT,MAMASA,MAMASA,BUNTU BUDA,419,7,JANUARI
481,SULAWESI BARAT,MAMASA,MAMASA,TONDOK BAKARU,340,13,JANUARI
482,SULAWESI BARAT,MAMASA,MAMASA,PEBASSIAN,115,0,JANUARI
483,SULAWESI BARAT,MAMASA,MAMASA,MAMBULILING,157,4,JANUARI
484,SULAWESI BARAT,MAMASA,MAMASA,BOMBONG LAMBE,232,21,JANUARI
485,SULAWESI BARAT,MAMASA,MAMASA,BUBUN BATU,155,8,JANUARI
486,SULAWESI BARAT,POLEWALI MANDAR,TUTAR,TARAMANU,286,33,JANUARI
487,SULAWESI BARAT,POLEWALI MANDAR,TUTAR,AMBOPADANG,371,16,JANUARI
488,SULAWESI BARAT,POLEWALI MANDAR,TUTAR,TUBBI,201,17,JANUARI
489,SULAWESI BARAT,POLEWALI MANDAR,TUTAR,RATTE,317,48,JANUARI
490,SULAWESI BARAT,POLEWALI MANDAR,TUTAR,BESOANGIN,177,7,JANUARI
491,SULAWESI BARAT,POLEWALI MANDAR,TUTAR,PIRIANG TAPIKO,197,22,JANUARI
492,SULAWESI BARAT,POLEWALI MANDAR,TUTAR,PEBURRU,301,36,JANUARI
493,SULAWESI BARAT,POLEWALI MANDAR,TUTAR,TALOBA,140,18,JANUARI
494,SULAWESI BARAT,POLEWALI MANDAR,TUTAR,POLLEWANI,430,74,JANUARI
495,SULAWESI BARAT,POLEWALI MANDAR,TUTAR,ARABUA,176,0,JANUARI
496,SULAWESI BARAT,POLEWALI MANDAR,TUTAR,BESOANGIN UTARA,155,11,JANUARI
497,SULAWESI BARAT,POLEWALI MANDAR,TUTAR,PODA,206,35,JANUARI
498,SULAWESI BARAT,POLEWALI MANDAR,TUTAR,TARAMANU TUA,246,14,JANUARI
499,SULAWESI BARAT,POLEWALI MANDAR,TINAMBUNG,TINAMBUNG,376,98,JANUARI
500,SULAWESI BARAT,POLEWALI MANDAR,TINAMBUNG,KARAMA,690,56,JANUARI
501,SULAWESI BARAT,POLEWALI MANDAR,TINAMBUNG,TANGNGA TANGNGA,438,99,JANUARI
502,SULAWESI BARAT,POLEWALI MANDAR,TINAMBUNG,LEKOPADIS,320,86,JANUARI
503,SULAWESI BARAT,POLEWALI MANDAR,TINAMBUNG,GALUNG LOMBOK,311,74,JANUARI
504,SULAWESI BARAT,POLEWALI MANDAR,TINAMBUNG,TANDUNG,258,33,JANUARI
505,SULAWESI BARAT,POLEWALI MANDAR,TINAMBUNG,BATULAYA,206,23,JANUARI
506,SULAWESI BARAT,POLEWALI MANDAR,TINAMBUNG,SEPABATU,248,38,JANUARI
507,SULAWESI BARAT,POLEWALI MANDAR,CAMPALAGIAN,PAPPANG,383,36,JANUARI
508,SULAWESI BARAT,POLEWALI MANDAR,CAMPALAGIAN,LALIKO,494,109,JANUARI
509,SULAWESI BARAT,POLEWALI MANDAR,CAMPALAGIAN,BONDE,481,154,JANUARI
510,SULAWESI BARAT,POLEWALI MANDAR,CAMPALAGIAN,KATUMBANGAN LEMO,511,108,JANUARI
511,SULAWESI BARAT,POLEWALI MANDAR,CAMPALAGIAN,PANYAMPA,526,83,JANUARI
512,SULAWESI BARAT,POLEWALI MANDAR,CAMPALAGIAN,SURUANG,259,10,JANUARI
513,SULAWESI BARAT,POLEWALI MANDAR,CAMPALAGIAN,LAMPOKO,622,168,JANUARI
514,SULAWESI BARAT,POLEWALI MANDAR,CAMPALAGIAN,KATUMBANGAN,648,126,JANUARI
515,SULAWESI BARAT,POLEWALI MANDAR,CAMPALAGIAN,LAPEO,472,210,JANUARI
516,SULAWESI BARAT,POLEWALI MANDAR,CAMPALAGIAN,PARAPPE,651,110,JANUARI
517,SULAWESI BARAT,POLEWALI MANDAR,CAMPALAGIAN,ONGKO,253,23,JANUARI
518,SULAWESI BARAT,POLEWALI MANDAR,CAMPALAGIAN,KENJE,458,26,JANUARI
519,SULAWESI BARAT,POLEWALI MANDAR,CAMPALAGIAN,SUMARRANG,837,46,JANUARI
520,SULAWESI BARAT,POLEWALI MANDAR,CAMPALAGIAN,BOTTO,439,33,JANUARI
521,SULAWESI BARAT,POLEWALI MANDAR,CAMPALAGIAN,GATTUNGAN,340,66,JANUARI
522,SULAWESI BARAT,POLEWALI MANDAR,CAMPALAGIAN,PADANG TIMUR,241,38,JANUARI
523,SULAWESI BARAT,POLEWALI MANDAR,CAMPALAGIAN,PADANG,156,18,JANUARI
524,SULAWESI BARAT,POLEWALI MANDAR,CAMPALAGIAN,LAGI-AGI,389,34,JANUARI
525,SULAWESI BARAT,POLEWALI MANDAR,LIMBORO,LIMBORO,231,31,JANUARI
526,SULAWESI BARAT,POLEWALI MANDAR,LIMBORO,LEMBANG LEMBANG,348,23,JANUARI
527,SULAWESI BARAT,POLEWALI MANDAR,LIMBORO,TANDASURA,210,10,JANUARI
528,SULAWESI BARAT,POLEWALI MANDAR,LIMBORO,SAMASUNDU,190,6,JANUARI
529,SULAWESI BARAT,POLEWALI MANDAR,LIMBORO,NAPO,270,17,JANUARI
530,SULAWESI BARAT,POLEWALI MANDAR,LIMBORO,TODANG TODANG,107,26,JANUARI
531,SULAWESI BARAT,POLEWALI MANDAR,LIMBORO,PENDULANGAN,103,6,JANUARI
532,SULAWESI BARAT,POLEWALI MANDAR,LIMBORO,RENGGEANG,197,15,JANUARI
533,SULAWESI BARAT,POLEWALI MANDAR,LIMBORO,SALARRI,140,33,JANUARI
534,SULAWESI BARAT,POLEWALI MANDAR,LIMBORO,TANGAN BARU,150,14,JANUARI
535,SULAWESI BARAT,POLEWALI MANDAR,LIMBORO,PALECE,180,1,JANUARI
536,SULAWESI BARAT,POLEWALI MANDAR,MAPILLI,MAPILI,279,83,JANUARI
537,SULAWESI BARAT,POLEWALI MANDAR,MAPILLI,UGIBARU,386,116,JANUARI
538,SULAWESI BARAT,POLEWALI MANDAR,MAPILLI,RUMPA,460,76,JANUARI
539,SULAWESI BARAT,POLEWALI MANDAR,MAPILLI,KURMA,552,58,JANUARI
540,SULAWESI BARAT,POLEWALI MANDAR,MAPILLI,BUKU,324,21,JANUARI
541,SULAWESI BARAT,POLEWALI MANDAR,MAPILLI,BONNE BONNE,253,41,JANUARI
542,SULAWESI BARAT,POLEWALI MANDAR,MAPILLI,BEROANGIN,353,43,JANUARI
543,SULAWESI BARAT,POLEWALI MANDAR,MAPILLI,SEGERANG,221,18,JANUARI
544,SULAWESI BARAT,POLEWALI MANDAR,MAPILLI,BONRA,402,108,JANUARI
545,SULAWESI BARAT,POLEWALI MANDAR,MAPILLI,SATTOKO,106,8,JANUARI
546,SULAWESI BARAT,POLEWALI MANDAR,MAPILLI,RAPPANG BARAT,432,24,JANUARI
547,SULAWESI BARAT,POLEWALI MANDAR,MAPILLI,LANDI KANUSUANG,554,52,JANUARI
548,SULAWESI BARAT,POLEWALI MANDAR,LUYO,BATUPANGA,489,97,JANUARI
549,SULAWESI BARAT,POLEWALI MANDAR,LUYO,MAMBU,404,72,JANUARI
550,SULAWESI BARAT,POLEWALI MANDAR,LUYO,TENGGELANG,523,59,JANUARI
551,SULAWESI BARAT,POLEWALI MANDAR,LUYO,BARU,587,73,JANUARI
552,SULAWESI BARAT,POLEWALI MANDAR,LUYO,PUSSUI,302,9,JANUARI
553,SULAWESI BARAT,POLEWALI MANDAR,LUYO,MAPILI BARAT,362,12,JANUARI
554,SULAWESI BARAT,POLEWALI MANDAR,LUYO,SAMBALI WALI,394,13,JANUARI
555,SULAWESI BARAT,POLEWALI MANDAR,LUYO,BATUPANGA DAALA,441,16,JANUARI
556,SULAWESI BARAT,POLEWALI MANDAR,LUYO,LUYO,304,36,JANUARI
557,SULAWESI BARAT,POLEWALI MANDAR,LUYO,PUSSUI BARAT,220,31,JANUARI
558,SULAWESI BARAT,POLEWALI MANDAR,LUYO,PUCCADI,264,2,JANUARI
559,SULAWESI BARAT,POLEWALI MANDAR,BINUANG,AMASSANGAN,633,12,JANUARI
560,SULAWESI BARAT,POLEWALI MANDAR,BINUANG,TONYAMAN,787,76,JANUARI
561,SULAWESI BARAT,POLEWALI MANDAR,BINUANG,KUAJANG,691,41,JANUARI
562,SULAWESI BARAT,POLEWALI MANDAR,BINUANG,PAKU,334,85,JANUARI
563,SULAWESI BARAT,POLEWALI MANDAR,BINUANG,MIRRING,479,69,JANUARI
564,SULAWESI BARAT,POLEWALI MANDAR,BINUANG,BATETANGNGA,1102,109,JANUARI
565,SULAWESI BARAT,POLEWALI MANDAR,BINUANG,MAMMI,371,25,JANUARI
566,SULAWESI BARAT,POLEWALI MANDAR,BINUANG,KALEOK,211,8,JANUARI
567,SULAWESI BARAT,POLEWALI MANDAR,BINUANG,AMOLA,281,34,JANUARI
568,SULAWESI BARAT,POLEWALI MANDAR,BINUANG,REA,446,46,JANUARI
569,SULAWESI BARAT,POLEWALI MANDAR,BULO,BULO,152,17,JANUARI
570,SULAWESI BARAT,POLEWALI MANDAR,BULO,PULLIWA,479,73,JANUARI
571,SULAWESI BARAT,POLEWALI MANDAR,BULO,PATAMBANUA,163,0,JANUARI
572,SULAWESI BARAT,POLEWALI MANDAR,BULO,KAROMBANG,219,24,JANUARI
573,SULAWESI BARAT,POLEWALI MANDAR,BULO,DAALA TIMUR,160,1,JANUARI
574,SULAWESI BARAT,POLEWALI MANDAR,BULO,LENGGO,121,11,JANUARI
575,SULAWESI BARAT,POLEWALI MANDAR,BULO,SABURA,122,14,JANUARI
576,SULAWESI BARAT,POLEWALI MANDAR,BULO,SEPPORRAKI,141,2,JANUARI
577,SULAWESI BARAT,POLEWALI MANDAR,BULO,IHING,191,15,JANUARI
578,SULAWESI BARAT,POLEWALI MANDAR,BALANIPA,BALANIPA,450,87,JANUARI
579,SULAWESI BARAT,POLEWALI MANDAR,BALANIPA,TAMMAJARRA,283,27,JANUARI
580,SULAWESI BARAT,POLEWALI MANDAR,BALANIPA,TAMANGGALLE,340,47,JANUARI
581,SULAWESI BARAT,POLEWALI MANDAR,BALANIPA,MOSSO,112,10,JANUARI
582,SULAWESI BARAT,POLEWALI MANDAR,BALANIPA,GALUNG TULUK,509,104,JANUARI
583,SULAWESI BARAT,POLEWALI MANDAR,BALANIPA,SABANG SUBIK,419,74,JANUARI
584,SULAWESI BARAT,POLEWALI MANDAR,BALANIPA,PAMBUSUANG,836,51,JANUARI
585,SULAWESI BARAT,POLEWALI MANDAR,BALANIPA,BALA,826,131,JANUARI
586,SULAWESI BARAT,POLEWALI MANDAR,BALANIPA,LAMBANAN,69,11,JANUARI
587,SULAWESI BARAT,POLEWALI MANDAR,BALANIPA,LEGO,195,24,JANUARI
588,SULAWESI BARAT,POLEWALI MANDAR,BALANIPA,PALLIS,91,22,JANUARI
589,SULAWESI BARAT,POLEWALI MANDAR,ANREAPI,ANREAPI,214,8,JANUARI
590,SULAWESI BARAT,POLEWALI MANDAR,ANREAPI,DUAMPANUA,512,35,JANUARI
591,SULAWESI BARAT,POLEWALI MANDAR,ANREAPI,KELAPA DUA,341,14,JANUARI
592,SULAWESI BARAT,POLEWALI MANDAR,ANREAPI,PAPPANDANGAN,301,11,JANUARI
593,SULAWESI BARAT,POLEWALI MANDAR,ANREAPI,KUNYI,279,5,JANUARI
594,SULAWESI BARAT,MAMUJU TENGAH,BUDONG-BUDONG,BABANA,1216,49,JANUARI
595,SULAWESI BARAT,MAMUJU TENGAH,BUDONG-BUDONG,LUMU,424,36,JANUARI
596,SULAWESI BARAT,MAMUJU TENGAH,BUDONG-BUDONG,PONTANAKAYANG,619,73,JANUARI
597,SULAWESI BARAT,MAMUJU TENGAH,BUDONG-BUDONG,SALOGATTA,778,16,JANUARI
598,SULAWESI BARAT,MAMUJU TENGAH,BUDONG-BUDONG,KIRE,347,55,JANUARI
599,SULAWESI BARAT,MAMUJU TENGAH,BUDONG-BUDONG,TINALI,322,18,JANUARI
600,SULAWESI BARAT,MAMUJU TENGAH,BUDONG-BUDONG,SALUMANURUNG,325,52,JANUARI
601,SULAWESI BARAT,MAMUJU TENGAH,BUDONG-BUDONG,PASAPA,240,3,JANUARI
602,SULAWESI BARAT,MAMUJU TENGAH,BUDONG-BUDONG,BOJO,334,11,JANUARI
603,SULAWESI BARAT,MAMUJU TENGAH,BUDONG-BUDONG,BARAKKANG,283,50,JANUARI
604,SULAWESI BARAT,MAMUJU TENGAH,BUDONG-BUDONG,LEMBAH HADA,120,21,JANUARI
605,SULAWESI BARAT,MAMUJU TENGAH,TOPOYO,BUDONG-BUDONG,382,29,JANUARI
606,SULAWESI BARAT,MAMUJU TENGAH,TOPOYO,TOPOYO,1684,136,JANUARI
607,SULAWESI BARAT,MAMUJU TENGAH,TOPOYO,TUMBU,469,30,JANUARI
608,SULAWESI BARAT,MAMUJU TENGAH,TOPOYO,KABUBU,403,9,JANUARI
609,SULAWESI BARAT,MAMUJU TENGAH,TOPOYO,WAEPUTEH,355,31,JANUARI
610,SULAWESI BARAT,MAMUJU TENGAH,TOPOYO,TANGKOU,211,4,JANUARI
611,SULAWESI BARAT,MAMUJU TENGAH,TOPOYO,TABOLANG,688,48,JANUARI
612,SULAWESI BARAT,MAMUJU TENGAH,TOPOYO,PARAILI,259,6,JANUARI
613,SULAWESI BARAT,MAMUJU TENGAH,TOPOYO,SALUPANGKANG,574,11,JANUARI
614,SULAWESI BARAT,MAMUJU TENGAH,TOPOYO,SALUPANGKANG IV,84,7,JANUARI
615,SULAWESI BARAT,MAMUJU TENGAH,TOPOYO,TAPPILINA,252,28,JANUARI
616,SULAWESI BARAT,MAMUJU TENGAH,TOPOYO,BAMBAMANURUNG,213,7,JANUARI
617,SULAWESI BARAT,MAMUJU TENGAH,TOPOYO,SALULEKBO,579,73,JANUARI
618,SULAWESI BARAT,MAMUJU TENGAH,TOPOYO,PANGALLOANG,361,22,JANUARI
619,SULAWESI BARAT,MAMUJU TENGAH,TOPOYO,SINABATTA,176,18,JANUARI
620,SULAWESI BARAT,MAMUJU TENGAH,PANGALE,POLO PANGALE,364,17,JANUARI
621,SULAWESI BARAT,MAMUJU TENGAH,PANGALE,PANGALE,335,33,JANUARI
622,SULAWESI BARAT,MAMUJU TENGAH,PANGALE,SARTANAMAJU,114,4,JANUARI
623,SULAWESI BARAT,MAMUJU TENGAH,PANGALE,POLO LERENG,307,23,JANUARI
624,SULAWESI BARAT,MAMUJU TENGAH,PANGALE,KUO,542,22,JANUARI
625,SULAWESI BARAT,MAMUJU TENGAH,PANGALE,POLO CAMBA,201,6,JANUARI
626,SULAWESI BARAT,MAMUJU TENGAH,PANGALE,LAMBA-LAMBA,184,30,JANUARI
627,SULAWESI BARAT,MAMUJU TENGAH,PANGALE,KOMBILING,420,80,JANUARI
628,SULAWESI BARAT,MAMUJU TENGAH,PANGALE,LEMO-LEMO,177,6,JANUARI
629,SULAWESI BARAT,MAMUJU TENGAH,KAROSSA,KAROSSA,1133,86,JANUARI
630,SULAWESI BARAT,MAMUJU TENGAH,KAROSSA,TASOKKO,720,116,JANUARI
631,SULAWESI BARAT,MAMUJU TENGAH,KAROSSA,LARA,269,34,JANUARI
632,SULAWESI BARAT,MAMUJU TENGAH,KAROSSA,KADAILA,302,18,JANUARI
633,SULAWESI BARAT,MAMUJU TENGAH,KAROSSA,KAYU CALLA,121,10,JANUARI
634,SULAWESI BARAT,MAMUJU TENGAH,KAROSSA,LEMBAH HOPO,205,11,JANUARI
635,SULAWESI BARAT,MAMUJU TENGAH,KAROSSA,BENGGAULU,439,28,JANUARI
636,SULAWESI BARAT,MAMUJU TENGAH,KAROSSA,SUKA MAJU,238,36,JANUARI
637,SULAWESI BARAT,MAMUJU TENGAH,KAROSSA,KAMBUNONG,392,16,JANUARI
638,SULAWESI BARAT,MAMUJU TENGAH,KAROSSA,SALUBIRO,216,1,JANUARI
639,SULAWESI BARAT,MAMUJU TENGAH,KAROSSA,SANJANGO,279,27,JANUARI
640,SULAWESI BARAT,MAMUJU TENGAH,TOBADAK,MAHAHE,504,49,JANUARI
641,SULAWESI BARAT,MAMUJU TENGAH,TOBADAK,SALOBAJA,544,35,JANUARI
642,SULAWESI BARAT,MAMUJU TENGAH,TOBADAK,TOBADAK,1865,66,JANUARI
643,SULAWESI BARAT,MAMUJU TENGAH,TOBADAK,PALONGAAN,422,32,JANUARI
644,SULAWESI BARAT,MAMUJU TENGAH,TOBADAK,BATU PARIGI,1076,35,JANUARI
645,SULAWESI BARAT,MAMUJU TENGAH,TOBADAK,BAMBADARU,241,3,JANUARI
646,SULAWESI BARAT,MAMUJU TENGAH,TOBADAK,SEJATI,185,2,JANUARI
647,SULAWESI BARAT,MAMUJU TENGAH,TOBADAK,SALOADAK,362,6,JANUARI
648,SULAWESI BARAT,POLEWALI MANDAR,ALLU,PETOOSANG,206,36,FEBRUARI
649,SULAWESI BARAT,POLEWALI MANDAR,ALLU,MOMBI,255,13,FEBRUARI
650,SULAWESI BARAT,POLEWALI MANDAR,ALLU,KALUMAMMANG,206,36,FEBRUARI
651,SULAWESI BARAT,POLEWALI MANDAR,ALLU,PAO-PAO,359,50,FEBRUARI
652,SULAWESI BARAT,POLEWALI MANDAR,ALLU,PUPPU URING,294,24,FEBRUARI
653,SULAWESI BARAT,POLEWALI MANDAR,ALLU,SARAGIAN,242,40,FEBRUARI
654,SULAWESI BARAT,POLEWALI MANDAR,ALLU,SAYOANG,96,7,FEBRUARI
655,SULAWESI BARAT,POLEWALI MANDAR,ALLU,ALU,231,38,FEBRUARI
656,SULAWESI BARAT,MAJENE,TAMMERODO SENDANA,SEPPONG,210,10,FEBRUARI
657,SULAWESI BARAT,MAJENE,TAMMERODO SENDANA,TAMMERODO,324,26,FEBRUARI
658,SULAWESI BARAT,MAJENE,TAMMERODO SENDANA,ULIDANG,273,27,FEBRUARI
659,SULAWESI BARAT,MAJENE,TAMMERODO SENDANA,TALLAMBALAO,307,17,FEBRUARI
660,SULAWESI BARAT,MAJENE,TAMMERODO SENDANA,TAMMERODO UTARA,324,18,FEBRUARI
661,SULAWESI BARAT,MAJENE,TAMMERODO SENDANA,MANYAMBA,236,17,FEBRUARI
662,SULAWESI BARAT,MAJENE,TAMMERODO SENDANA,AWO,309,56,FEBRUARI
663,SULAWESI BARAT,MAJENE,ULUMANDA,KABIRAAN,217,4,FEBRUARI
664,SULAWESI BARAT,MAJENE,ULUMANDA,SAMBABO,135,6,FEBRUARI
665,SULAWESI BARAT,MAJENE,ULUMANDA,TANDEALLO,206,8,FEBRUARI
666,SULAWESI BARAT,MAJENE,ULUMANDA,ULUMANDA,242,13,FEBRUARI
667,SULAWESI BARAT,MAJENE,ULUMANDA,SALUTAMBUNG,204,4,FEBRUARI
668,SULAWESI BARAT,MAJENE,ULUMANDA,POPENGA,144,9,FEBRUARI
669,SULAWESI BARAT,MAJENE,ULUMANDA,SULAI,175,10,FEBRUARI
670,SULAWESI BARAT,MAJENE,ULUMANDA,PANGGALO,217,5,FEBRUARI
671,SULAWESI BARAT,MAMUJU,PAPALANG,TOABO,869,16,FEBRUARI
672,SULAWESI BARAT,MAMUJU,PAPALANG,PAPALANG,1055,80,FEBRUARI
673,SULAWESI BARAT,MAMUJU,PAPALANG,BONDA,444,31,FEBRUARI
674,SULAWESI BARAT,MAMUJU,PAPALANG,TOPORE,546,54,FEBRUARI
675,SULAWESI BARAT,MAMUJU,PAPALANG,SALUKAYU,344,36,FEBRUARI
676,SULAWESI BARAT,MAMUJU,PAPALANG,SUKADAMAI,133,5,FEBRUARI
677,SULAWESI BARAT,MAMUJU,PAPALANG,BODA-BODA,275,13,FEBRUARI
678,SULAWESI BARAT,MAMUJU,PAPALANG,SISANGO,137,2,FEBRUARI
679,SULAWESI BARAT,MAMUJU,PAPALANG,BATU AMPA,232,26,FEBRUARI
680,SULAWESI BARAT,MAMUJU,SAMPAGA,BUNDE,752,80,FEBRUARI
681,SULAWESI BARAT,MAMUJU,SAMPAGA,KALONDING,558,14,FEBRUARI
682,SULAWESI BARAT,MAMUJU,SAMPAGA,TARAILU,523,129,FEBRUARI
683,SULAWESI BARAT,MAMUJU,SAMPAGA,SAMPAGA,268,18,FEBRUARI
684,SULAWESI BARAT,MAMUJU,SAMPAGA,TANAMBUAH,97,10,FEBRUARI
685,SULAWESI BARAT,MAMUJU,SAMPAGA,SALUBARANA,114,13,FEBRUARI
686,SULAWESI BARAT,MAMUJU,SAMPAGA,LOSSO,176,16,FEBRUARI
687,SULAWESI BARAT,MAMUJU,KALUMPANG,KALUMPANG,67,5,FEBRUARI
688,SULAWESI BARAT,MAMUJU,KALUMPANG,KARATAUN,233,2,FEBRUARI
689,SULAWESI BARAT,MAMUJU,KALUMPANG,KARAMA,164,3,FEBRUARI
690,SULAWESI BARAT,MAMUJU,KALUMPANG,SIRAUN,121,2,FEBRUARI
691,SULAWESI BARAT,MAMUJU,KALUMPANG,TUMOGA,123,8,FEBRUARI
692,SULAWESI BARAT,MAMUJU,KALUMPANG,SALUMAKKI,114,1,FEBRUARI
693,SULAWESI BARAT,MAMUJU,KALUMPANG,POLIO,111,32,FEBRUARI
694,SULAWESI BARAT,MAMUJU,KALUMPANG,LIMBONG,120,6,FEBRUARI
695,SULAWESI BARAT,MAMUJU,KALUMPANG,SANDAPANG,116,2,FEBRUARI
696,SULAWESI BARAT,MAMUJU,KALUMPANG,KONDO BULO,130,23,FEBRUARI
697,SULAWESI BARAT,MAMUJU,KALUMPANG,MAKKALIKI,89,3,FEBRUARI
698,SULAWESI BARAT,MAMUJU,KALUMPANG,BATU MAKKADA,132,10,FEBRUARI
699,SULAWESI BARAT,MAMUJU,KALUMPANG,LASA',181,12,FEBRUARI
700,SULAWESI BARAT,MAJENE,TUBO SENDANA,ONANG,560,80,FEBRUARI
701,SULAWESI BARAT,MAJENE,TUBO SENDANA,TUBO,136,7,FEBRUARI
702,SULAWESI BARAT,MAJENE,TUBO SENDANA,ONANG UTARA,161,20,FEBRUARI
703,SULAWESI BARAT,MAJENE,TUBO SENDANA,TUBO SELATAN,132,2,FEBRUARI
704,SULAWESI BARAT,MAJENE,TUBO SENDANA,BONDE BONDE,145,21,FEBRUARI
705,SULAWESI BARAT,MAJENE,TUBO SENDANA,TUBO TENGAH,131,3,FEBRUARI
706,SULAWESI BARAT,MAJENE,TUBO SENDANA,TUBO POANG,116,6,FEBRUARI
707,SULAWESI BARAT,MAJENE,BANGGAE TIMUR,BAURUNG,866,53,FEBRUARI
708,SULAWESI BARAT,MAJENE,BANGGAE TIMUR,BARUGA,276,10,FEBRUARI
709,SULAWESI BARAT,MAJENE,BANGGAE TIMUR,BARUGA DHUA,278,6,FEBRUARI
710,SULAWESI BARAT,MAJENE,BANGGAE TIMUR,LABUANG,559,97,FEBRUARI
711,SULAWESI BARAT,MAJENE,BANGGAE TIMUR,TANDE,179,14,FEBRUARI
712,SULAWESI BARAT,MAJENE,BANGGAE TIMUR,LEMBANG,1112,68,FEBRUARI
713,SULAWESI BARAT,MAJENE,BANGGAE TIMUR,LABUANG UTARA,667,158,FEBRUARI
714,SULAWESI BARAT,MAJENE,BANGGAE TIMUR,TANDE TIMUR,314,8,FEBRUARI
715,SULAWESI BARAT,MAJENE,BANGGAE TIMUR,BUTTU BARUGA,160,13,FEBRUARI
716,SULAWESI BARAT,MAJENE,MALUNDA,MALUNDA,388,47,FEBRUARI
717,SULAWESI BARAT,MAJENE,MALUNDA,LAMUNGANG BATU,296,33,FEBRUARI
718,SULAWESI BARAT,MAJENE,MALUNDA,BAMBANGAN,306,23,FEBRUARI
719,SULAWESI BARAT,MAJENE,MALUNDA,LOMBANG,151,13,FEBRUARI
720,SULAWESI BARAT,MAJENE,MALUNDA,LOMBONG,370,12,FEBRUARI
721,SULAWESI BARAT,MAJENE,MALUNDA,MEKKATTA,389,23,FEBRUARI
722,SULAWESI BARAT,MAJENE,MALUNDA,MALIAYA,296,61,FEBRUARI
723,SULAWESI BARAT,MAJENE,MALUNDA,LOMBANG TIMUR,186,0,FEBRUARI
724,SULAWESI BARAT,MAJENE,MALUNDA,SALUTAHONGAN,192,16,FEBRUARI
725,SULAWESI BARAT,MAJENE,MALUNDA,LOMBONG TIMUR,204,7,FEBRUARI
726,SULAWESI BARAT,MAJENE,MALUNDA,MEKKATTA SELATAN,196,9,FEBRUARI
727,SULAWESI BARAT,MAJENE,MALUNDA,KAYUANGIN,276,11,FEBRUARI
728,SULAWESI BARAT,MAJENE,PAMBOANG,LALAMPANUA,249,29,FEBRUARI
729,SULAWESI BARAT,MAJENE,PAMBOANG,SIRINDU,227,20,FEBRUARI
730,SULAWESI BARAT,MAJENE,PAMBOANG,ADOLANG,157,13,FEBRUARI
731,SULAWESI BARAT,MAJENE,PAMBOANG,BABABULO,329,55,FEBRUARI
732,SULAWESI BARAT,MAJENE,PAMBOANG,BONDE,362,37,FEBRUARI
733,SULAWESI BARAT,MAJENE,PAMBOANG,BETTENG,156,13,FEBRUARI
734,SULAWESI BARAT,MAJENE,PAMBOANG,SIMBANG,119,30,FEBRUARI
735,SULAWESI BARAT,MAJENE,PAMBOANG,BONDE UTARA,653,24,FEBRUARI
736,SULAWESI BARAT,MAJENE,PAMBOANG,BABABULO UTARA,187,29,FEBRUARI
737,SULAWESI BARAT,MAJENE,PAMBOANG,BUTTU PAMBOANG,154,14,FEBRUARI
738,SULAWESI BARAT,MAJENE,PAMBOANG,BANUA ADOLANG,158,10,FEBRUARI
739,SULAWESI BARAT,MAJENE,PAMBOANG,ADOLANG DHUA,147,18,FEBRUARI
740,SULAWESI BARAT,MAJENE,PAMBOANG,TINAMBUNG,355,32,FEBRUARI
741,SULAWESI BARAT,MAJENE,PAMBOANG,PESULOANG,165,10,FEBRUARI
742,SULAWESI BARAT,MAJENE,PAMBOANG,BALOMBONG,170,15,FEBRUARI
743,SULAWESI BARAT,MAJENE,SENDANA,MOSSO,631,34,FEBRUARI
744,SULAWESI BARAT,MAJENE,SENDANA,MOSSO DHUA,209,56,FEBRUARI
745,SULAWESI BARAT,MAJENE,SENDANA,TOTOLISI SENDANA,234,35,FEBRUARI
746,SULAWESI BARAT,MAJENE,SENDANA,TALLUBANUA,358,32,FEBRUARI
747,SULAWESI BARAT,MAJENE,SENDANA,LALATEDZONG,168,13,FEBRUARI
748,SULAWESI BARAT,MAJENE,SENDANA,BINANGA,110,6,FEBRUARI
749,SULAWESI BARAT,MAJENE,SENDANA,PUTTADA,111,7,FEBRUARI
750,SULAWESI BARAT,MAJENE,SENDANA,PAMINGGALAN,95,23,FEBRUARI
751,SULAWESI BARAT,MAJENE,SENDANA,LEPPANGANG,116,7,FEBRUARI
752,SULAWESI BARAT,MAJENE,SENDANA,PUNDAU,105,7,FEBRUARI
753,SULAWESI BARAT,MAJENE,SENDANA,SENDANA,135,19,FEBRUARI
754,SULAWESI BARAT,MAJENE,SENDANA,BANUA SENDANA,211,9,FEBRUARI
755,SULAWESI BARAT,MAJENE,SENDANA,TALLUBANUA UTARA,275,25,FEBRUARI
756,SULAWESI BARAT,MAJENE,SENDANA,"LIMBORO RAMBU-
RAMBU",144,7,FEBRUARI
757,SULAWESI BARAT,MAJENE,SENDANA,LIMBUA,246,42,FEBRUARI
758,SULAWESI BARAT,MAJENE,SENDANA,BUKIT SAMANG,200,18,FEBRUARI
759,SULAWESI BARAT,PASANGKAYU,PASANGKAYU,PASANGKAYU,2509,334,FEBRUARI
760,SULAWESI BARAT,PASANGKAYU,PASANGKAYU,MARTAJAYA,283,33,FEBRUARI
761,SULAWESI BARAT,PASANGKAYU,PASANGKAYU,PAKAVA,536,50,FEBRUARI
762,SULAWESI BARAT,PASANGKAYU,PASANGKAYU,KARYA BERSAMA,460,30,FEBRUARI
763,SULAWESI BARAT,PASANGKAYU,PASANGKAYU,AKO,604,60,FEBRUARI
764,SULAWESI BARAT,PASANGKAYU,PASANGKAYU,GUNUNG SARI,770,80,FEBRUARI
765,SULAWESI BARAT,PASANGKAYU,LARIANG,PARABU,204,17,FEBRUARI
766,SULAWESI BARAT,PASANGKAYU,LARIANG,KENANGAN,82,13,FEBRUARI
767,SULAWESI BARAT,PASANGKAYU,LARIANG,BAJAWALI,147,2,FEBRUARI
768,SULAWESI BARAT,PASANGKAYU,LARIANG,SINGGANI,288,26,FEBRUARI
769,SULAWESI BARAT,PASANGKAYU,LARIANG,KULU,156,20,FEBRUARI
770,SULAWESI BARAT,PASANGKAYU,LARIANG,BATU MATORU,170,21,FEBRUARI
771,SULAWESI BARAT,PASANGKAYU,LARIANG,BAMBAKORO,268,16,FEBRUARI
772,SULAWESI BARAT,PASANGKAYU,DAPURANG,DAPURANG,724,89,FEBRUARI
773,SULAWESI BARAT,PASANGKAYU,DAPURANG,BENGGAULU,518,88,FEBRUARI
774,SULAWESI BARAT,PASANGKAYU,DAPURANG,TIRTABUANA,211,37,FEBRUARI
775,SULAWESI BARAT,PASANGKAYU,DAPURANG,BULU BONGGU,388,39,FEBRUARI
776,SULAWESI BARAT,PASANGKAYU,DAPURANG,SARASA,312,39,FEBRUARI
777,SULAWESI BARAT,PASANGKAYU,DURIPOKU,TAMMARUNANG,400,92,FEBRUARI
778,SULAWESI BARAT,PASANGKAYU,DURIPOKU,SAPTANAJAYA,301,27,FEBRUARI
779,SULAWESI BARAT,PASANGKAYU,DURIPOKU,TARANGGI,147,13,FEBRUARI
780,SULAWESI BARAT,PASANGKAYU,DURIPOKU,SIPAKAINGA,140,18,FEBRUARI
781,SULAWESI BARAT,PASANGKAYU,BAMBALAMOTU,BAMBALAMOTU,646,76,FEBRUARI
782,SULAWESI BARAT,PASANGKAYU,BAMBALAMOTU,POLEWALI,680,24,FEBRUARI
783,SULAWESI BARAT,PASANGKAYU,BAMBALAMOTU,RANDOMAYANG,652,28,FEBRUARI
784,SULAWESI BARAT,PASANGKAYU,BAMBALAMOTU,PANGIANG,391,23,FEBRUARI
785,SULAWESI BARAT,PASANGKAYU,BAMBALAMOTU,KALOLA,676,31,FEBRUARI
786,SULAWESI BARAT,PASANGKAYU,BAMBALAMOTU,WULAI,391,24,FEBRUARI
787,SULAWESI BARAT,PASANGKAYU,BAMBAIRA,BAMBAIRA,512,59,FEBRUARI
788,SULAWESI BARAT,PASANGKAYU,BAMBAIRA,KASOLOANG,322,60,FEBRUARI
789,SULAWESI BARAT,PASANGKAYU,BAMBAIRA,TAMPAURE,353,27,FEBRUARI
790,SULAWESI BARAT,PASANGKAYU,BAMBAIRA,KALUKU NANGKA,487,62,FEBRUARI
791,SULAWESI BARAT,PASANGKAYU,BARAS,BARAS,509,61,FEBRUARI
792,SULAWESI BARAT,PASANGKAYU,BARAS,BALANTI,487,12,FEBRUARI
793,SULAWESI BARAT,PASANGKAYU,BARAS,MOTU,1004,125,FEBRUARI
794,SULAWESI BARAT,PASANGKAYU,BARAS,BULU PARIGI,314,48,FEBRUARI
795,SULAWESI BARAT,PASANGKAYU,BARAS,TOWONI,240,5,FEBRUARI
796,SULAWESI BARAT,PASANGKAYU,BARAS,KASANO,593,96,FEBRUARI
797,SULAWESI BARAT,PASANGKAYU,BULU TABA,LILIMORI,524,27,FEBRUARI
798,SULAWESI BARAT,PASANGKAYU,BULU TABA,KARAVE,405,26,FEBRUARI
799,SULAWESI BARAT,PASANGKAYU,BULU TABA,BUKIT HARAPAN,244,22,FEBRUARI
800,SULAWESI BARAT,PASANGKAYU,BULU TABA,KASTABUANA,253,21,FEBRUARI
801,SULAWESI BARAT,PASANGKAYU,BULU TABA,SUMBER SARI,41,2,FEBRUARI
802,SULAWESI BARAT,PASANGKAYU,BULU TABA,LELEJAE,242,16,FEBRUARI
803,SULAWESI BARAT,PASANGKAYU,BULU TABA,OMPI,133,4,FEBRUARI
804,SULAWESI BARAT,PASANGKAYU,TIKKE RAYA,TIKKE,564,53,FEBRUARI
805,SULAWESI BARAT,PASANGKAYU,TIKKE RAYA,MAKMUR JAYA,829,143,FEBRUARI
806,SULAWESI BARAT,PASANGKAYU,TIKKE RAYA,LARIANG,659,39,FEBRUARI
807,SULAWESI BARAT,PASANGKAYU,TIKKE RAYA,PAJALELE,558,8,FEBRUARI
808,SULAWESI BARAT,PASANGKAYU,TIKKE RAYA,JENGENG RAYA,399,55,FEBRUARI
809,SULAWESI BARAT,PASANGKAYU,SARUDU,SARUDU,919,26,FEBRUARI
810,SULAWESI BARAT,PASANGKAYU,SARUDU,BULU MARIO,678,86,FEBRUARI
811,SULAWESI BARAT,PASANGKAYU,SARUDU,KUMASARI,412,24,FEBRUARI
812,SULAWESI BARAT,PASANGKAYU,SARUDU,PATIKA,108,20,FEBRUARI
813,SULAWESI BARAT,PASANGKAYU,SARUDU,DODA,427,24,FEBRUARI
814,SULAWESI BARAT,PASANGKAYU,PEDONGGA,MALEI,362,14,FEBRUARI
815,SULAWESI BARAT,PASANGKAYU,PEDONGGA,PEDANDA,277,11,FEBRUARI
816,SULAWESI BARAT,PASANGKAYU,PEDONGGA,BATU OGE,225,13,FEBRUARI
817,SULAWESI BARAT,PASANGKAYU,PEDONGGA,MARTASARI,799,30,FEBRUARI
818,SULAWESI BARAT,MAMUJU,KEP. BALA BALAKANG,BALA BALAKANG,202,24,FEBRUARI
819,SULAWESI BARAT,MAMUJU,KEP. BALA BALAKANG,BALA-BALAKANG TIMUR,133,9,FEBRUARI
820,SULAWESI BARAT,MAMUJU,TAPALANG BARAT,DUNGKAIT,336,21,FEBRUARI
821,SULAWESI BARAT,MAMUJU,TAPALANG BARAT,LEBANI,229,23,FEBRUARI
822,SULAWESI BARAT,MAMUJU,TAPALANG BARAT,LABUANG RANO,449,79,FEBRUARI
823,SULAWESI BARAT,MAMUJU,TAPALANG BARAT,PASABU,273,30,FEBRUARI
824,SULAWESI BARAT,MAMUJU,TAPALANG BARAT,TANETE PAO,63,1,FEBRUARI
825,SULAWESI BARAT,MAMUJU,TAPALANG BARAT,PANGASAAN,158,57,FEBRUARI
826,SULAWESI BARAT,MAMUJU,TAPALANG BARAT,AHU,252,8,FEBRUARI
827,SULAWESI BARAT,MAMUJU,SIMBORO,SIMBORO,3284,443,FEBRUARI
828,SULAWESI BARAT,MAMUJU,SIMBORO,RANGAS,875,55,FEBRUARI
829,SULAWESI BARAT,MAMUJU,SIMBORO,BOTTENG,380,39,FEBRUARI
830,SULAWESI BARAT,MAMUJU,SIMBORO,SALETTO,520,68,FEBRUARI
831,SULAWESI BARAT,MAMUJU,SIMBORO,SUMARE,408,62,FEBRUARI
832,SULAWESI BARAT,MAMUJU,SIMBORO,BOTTENG UTARA,516,18,FEBRUARI
833,SULAWESI BARAT,MAMUJU,SIMBORO,TAPANDULLU,117,13,FEBRUARI
834,SULAWESI BARAT,MAMUJU,SIMBORO,PATI'DI,315,28,FEBRUARI
835,SULAWESI BARAT,MAMUJU,TOMMO,TOMMO,481,17,FEBRUARI
836,SULAWESI BARAT,MAMUJU,TOMMO,CAMPALOGA,469,58,FEBRUARI
837,SULAWESI BARAT,MAMUJU,TOMMO,BUANA SAKTI,316,23,FEBRUARI
838,SULAWESI BARAT,MAMUJU,TOMMO,TAMEMONGGA,293,22,FEBRUARI
839,SULAWESI BARAT,MAMUJU,TOMMO,TAMEJARRA,347,55,FEBRUARI
840,SULAWESI BARAT,MAMUJU,TOMMO,RANTEMARIO,218,6,FEBRUARI
841,SULAWESI BARAT,MAMUJU,TOMMO,MALINO,112,13,FEBRUARI
842,SULAWESI BARAT,MAMUJU,TOMMO,KAKULLASANG,549,92,FEBRUARI
843,SULAWESI BARAT,MAMUJU,TOMMO,LELING,200,6,FEBRUARI
844,SULAWESI BARAT,MAMUJU,TOMMO,KALEPU,148,3,FEBRUARI
845,SULAWESI BARAT,MAMUJU,TOMMO,SANDANA,201,15,FEBRUARI
846,SULAWESI BARAT,MAMUJU,TOMMO,LELING BARAT,297,20,FEBRUARI
847,SULAWESI BARAT,MAMUJU,TOMMO,LELING UTARA,305,30,FEBRUARI
848,SULAWESI BARAT,MAMUJU,TOMMO,SALUDENGEN,190,22,FEBRUARI
849,SULAWESI BARAT,MAJENE,BANGGAE,BANGGAE,577,63,FEBRUARI
850,SULAWESI BARAT,MAJENE,BANGGAE,BARU,950,61,FEBRUARI
851,SULAWESI BARAT,MAJENE,BANGGAE,PANGALI ALI,1547,162,FEBRUARI
852,SULAWESI BARAT,MAJENE,BANGGAE,TOTOLI,879,131,FEBRUARI
853,SULAWESI BARAT,MAJENE,BANGGAE,RANGAS,1326,54,FEBRUARI
854,SULAWESI BARAT,MAJENE,BANGGAE,GALUNG,563,107,FEBRUARI
855,SULAWESI BARAT,MAJENE,BANGGAE,PALIPI SOREANG,394,37,FEBRUARI
856,SULAWESI BARAT,MAJENE,BANGGAE,PAMBOBORANG,396,28,FEBRUARI
857,SULAWESI BARAT,MAMASA,MAMASA,MAMASA,497,24,FEBRUARI
858,SULAWESI BARAT,MAMASA,MAMASA,RAMBUSARATU,293,4,FEBRUARI
859,SULAWESI BARAT,MAMASA,MAMASA,OSANGO,630,35,FEBRUARI
860,SULAWESI BARAT,MAMASA,MAMASA,LAMBANAN,268,9,FEBRUARI
861,SULAWESI BARAT,MAMASA,MAMASA,LEMBANA SALULO,129,2,FEBRUARI
862,SULAWESI BARAT,MAMASA,MAMASA,TAUPE,300,17,FEBRUARI
863,SULAWESI BARAT,MAMASA,MAMASA,BUNTU BUDA,417,7,FEBRUARI
864,SULAWESI BARAT,MAMASA,MAMASA,TONDOK BAKARU,340,13,FEBRUARI
865,SULAWESI BARAT,MAMASA,MAMASA,PEBASSIAN,114,0,FEBRUARI
866,SULAWESI BARAT,MAMASA,MAMASA,MAMBULILING,156,4,FEBRUARI
867,SULAWESI BARAT,MAMASA,MAMASA,BOMBONG LAMBE,231,20,FEBRUARI
868,SULAWESI BARAT,MAMASA,MAMASA,BUBUN BATU,154,8,FEBRUARI
869,SULAWESI BARAT,POLEWALI MANDAR,WONOMULYO,SIDODADI,1102,216,FEBRUARI
870,SULAWESI BARAT,POLEWALI MANDAR,WONOMULYO,SIDOREJO,646,89,FEBRUARI
871,SULAWESI BARAT,POLEWALI MANDAR,WONOMULYO,SUMBEREJO,773,57,FEBRUARI
872,SULAWESI BARAT,POLEWALI MANDAR,WONOMULYO,BUMIAYU,599,39,FEBRUARI
873,SULAWESI BARAT,POLEWALI MANDAR,WONOMULYO,KEBUNSARI,376,19,FEBRUARI
874,SULAWESI BARAT,POLEWALI MANDAR,WONOMULYO,BANUA BARU,301,21,FEBRUARI
875,SULAWESI BARAT,POLEWALI MANDAR,WONOMULYO,NEPO,425,39,FEBRUARI
876,SULAWESI BARAT,POLEWALI MANDAR,WONOMULYO,SUGIHWARAS,802,43,FEBRUARI
877,SULAWESI BARAT,POLEWALI MANDAR,WONOMULYO,CAMPURJO,452,53,FEBRUARI
878,SULAWESI BARAT,POLEWALI MANDAR,WONOMULYO,BUMIMULYO,319,5,FEBRUARI
879,SULAWESI BARAT,POLEWALI MANDAR,WONOMULYO,TUMPILING,372,38,FEBRUARI
880,SULAWESI BARAT,POLEWALI MANDAR,WONOMULYO,BAKKA-BAKKA,292,3,FEBRUARI
881,SULAWESI BARAT,POLEWALI MANDAR,WONOMULYO,ARJO SARI,397,13,FEBRUARI
882,SULAWESI BARAT,POLEWALI MANDAR,WONOMULYO,GALESON,454,47,FEBRUARI
883,SULAWESI BARAT,POLEWALI MANDAR,TINAMBUNG,TINAMBUNG,375,97,FEBRUARI
884,SULAWESI BARAT,POLEWALI MANDAR,TINAMBUNG,KARAMA,691,56,FEBRUARI
885,SULAWESI BARAT,POLEWALI MANDAR,TINAMBUNG,TANGNGA TANGNGA,437,98,FEBRUARI
886,SULAWESI BARAT,POLEWALI MANDAR,TINAMBUNG,LEKOPADIS,320,86,FEBRUARI
887,SULAWESI BARAT,POLEWALI MANDAR,TINAMBUNG,GALUNG LOMBOK,311,74,FEBRUARI
888,SULAWESI BARAT,POLEWALI MANDAR,TINAMBUNG,TANDUNG,258,33,FEBRUARI
889,SULAWESI BARAT,POLEWALI MANDAR,TINAMBUNG,BATULAYA,207,24,FEBRUARI
890,SULAWESI BARAT,POLEWALI MANDAR,TINAMBUNG,SEPABATU,248,38,FEBRUARI
891,SULAWESI BARAT,POLEWALI MANDAR,TUTAR,TARAMANU,288,33,FEBRUARI
892,SULAWESI BARAT,POLEWALI MANDAR,TUTAR,AMBOPADANG,371,16,FEBRUARI
893,SULAWESI BARAT,POLEWALI MANDAR,TUTAR,TUBBI,201,17,FEBRUARI
894,SULAWESI BARAT,POLEWALI MANDAR,TUTAR,RATTE,316,48,FEBRUARI
895,SULAWESI BARAT,POLEWALI MANDAR,TUTAR,BESOANGIN,177,7,FEBRUARI
896,SULAWESI BARAT,POLEWALI MANDAR,TUTAR,PIRIANG TAPIKO,197,22,FEBRUARI
897,SULAWESI BARAT,POLEWALI MANDAR,TUTAR,PEBURRU,301,36,FEBRUARI
898,SULAWESI BARAT,POLEWALI MANDAR,TUTAR,TALOBA,140,18,FEBRUARI
899,SULAWESI BARAT,POLEWALI MANDAR,TUTAR,POLLEWANI,429,74,FEBRUARI
900,SULAWESI BARAT,POLEWALI MANDAR,TUTAR,ARABUA,178,1,FEBRUARI
901,SULAWESI BARAT,POLEWALI MANDAR,TUTAR,BESOANGIN UTARA,155,11,FEBRUARI
902,SULAWESI BARAT,POLEWALI MANDAR,TUTAR,PODA,206,35,FEBRUARI
903,SULAWESI BARAT,POLEWALI MANDAR,TUTAR,TARAMANU TUA,248,14,FEBRUARI
904,SULAWESI BARAT,POLEWALI MANDAR,MATANGNGA,MATANGNGA,123,12,FEBRUARI
905,SULAWESI BARAT,POLEWALI MANDAR,MATANGNGA,LILLI,142,5,FEBRUARI
906,SULAWESI BARAT,POLEWALI MANDAR,MATANGNGA,RANGOAN,128,4,FEBRUARI
907,SULAWESI BARAT,POLEWALI MANDAR,MATANGNGA,TAPUA,213,9,FEBRUARI
908,SULAWESI BARAT,POLEWALI MANDAR,MATANGNGA,MAMBU TAPUA,118,2,FEBRUARI
909,SULAWESI BARAT,POLEWALI MANDAR,MATANGNGA,BA'BA TAPUA,97,1,FEBRUARI
910,SULAWESI BARAT,POLEWALI MANDAR,MATANGNGA,KATIMBANG,112,1,FEBRUARI
911,SULAWESI BARAT,POLEWALI MANDAR,MATAKALI,MATAKALI,538,98,FEBRUARI
912,SULAWESI BARAT,POLEWALI MANDAR,MATAKALI,PETAMPANUA,699,223,FEBRUARI
913,SULAWESI BARAT,POLEWALI MANDAR,MATAKALI,BARUMBUNG,402,56,FEBRUARI
914,SULAWESI BARAT,POLEWALI MANDAR,MATAKALI,PASIANG,686,99,FEBRUARI
915,SULAWESI BARAT,POLEWALI MANDAR,MATAKALI,TONROLIMA,431,46,FEBRUARI
916,SULAWESI BARAT,POLEWALI MANDAR,MATAKALI,INDOMAKKOMBONG,572,46,FEBRUARI
917,SULAWESI BARAT,POLEWALI MANDAR,MATAKALI,BUNGA-BUNGA,228,6,FEBRUARI
918,SULAWESI BARAT,POLEWALI MANDAR,POLEWALI,POLEWALI,855,111,FEBRUARI
919,SULAWESI BARAT,POLEWALI MANDAR,POLEWALI,WATTANG,484,83,FEBRUARI
920,SULAWESI BARAT,POLEWALI MANDAR,POLEWALI,SULEWATANG,554,15,FEBRUARI
921,SULAWESI BARAT,POLEWALI MANDAR,POLEWALI,LANTORA,708,87,FEBRUARI
922,SULAWESI BARAT,POLEWALI MANDAR,POLEWALI,TAKATIDUNG,855,78,FEBRUARI
923,SULAWESI BARAT,POLEWALI MANDAR,POLEWALI,PEKKABATA,598,26,FEBRUARI
924,SULAWESI BARAT,POLEWALI MANDAR,POLEWALI,MADATE,1085,109,FEBRUARI
925,SULAWESI BARAT,POLEWALI MANDAR,POLEWALI,MANDING,775,42,FEBRUARI
926,SULAWESI BARAT,POLEWALI MANDAR,POLEWALI,DARMA,1043,169,FEBRUARI
927,SULAWESI BARAT,POLEWALI MANDAR,TAPANGO,PELITAKAN,271,33,FEBRUARI
928,SULAWESI BARAT,POLEWALI MANDAR,TAPANGO,TAPANGO,411,89,FEBRUARI
929,SULAWESI BARAT,POLEWALI MANDAR,TAPANGO,RAPPANG,349,41,FEBRUARI
930,SULAWESI BARAT,POLEWALI MANDAR,TAPANGO,DAKKA,330,36,FEBRUARI
931,SULAWESI BARAT,POLEWALI MANDAR,TAPANGO,BATU,168,6,FEBRUARI
932,SULAWESI BARAT,POLEWALI MANDAR,TAPANGO,RISO,330,79,FEBRUARI
933,SULAWESI BARAT,POLEWALI MANDAR,TAPANGO,PALATTA,251,10,FEBRUARI
934,SULAWESI BARAT,POLEWALI MANDAR,TAPANGO,TAPANGO BARAT,297,45,FEBRUARI
935,SULAWESI BARAT,POLEWALI MANDAR,TAPANGO,KURRAK,97,0,FEBRUARI
936,SULAWESI BARAT,POLEWALI MANDAR,TAPANGO,BUSSU,207,13,FEBRUARI
937,SULAWESI BARAT,POLEWALI MANDAR,TAPANGO,TUTTULA,174,22,FEBRUARI
938,SULAWESI BARAT,POLEWALI MANDAR,TAPANGO,JAMBU MALEA,303,37,FEBRUARI
939,SULAWESI BARAT,POLEWALI MANDAR,TAPANGO,KALIMBUA,272,19,FEBRUARI
940,SULAWESI BARAT,POLEWALI MANDAR,TAPANGO,BANATO REJO,423,5,FEBRUARI
941,SULAWESI BARAT,POLEWALI MANDAR,BULO,BULO,153,17,FEBRUARI
942,SULAWESI BARAT,POLEWALI MANDAR,BULO,PULLIWA,478,73,FEBRUARI
943,SULAWESI BARAT,POLEWALI MANDAR,BULO,PATAMBANUA,163,0,FEBRUARI
944,SULAWESI BARAT,POLEWALI MANDAR,BULO,KAROMBANG,219,24,FEBRUARI
945,SULAWESI BARAT,POLEWALI MANDAR,BULO,DAALA TIMUR,160,1,FEBRUARI
946,SULAWESI BARAT,POLEWALI MANDAR,BULO,LENGGO,121,11,FEBRUARI
947,SULAWESI BARAT,POLEWALI MANDAR,BULO,SABURA,123,14,FEBRUARI
948,SULAWESI BARAT,POLEWALI MANDAR,BULO,SEPPORRAKI,141,2,FEBRUARI
949,SULAWESI BARAT,POLEWALI MANDAR,BULO,IHING,192,15,FEBRUARI
950,SULAWESI BARAT,POLEWALI MANDAR,BINUANG,AMASSANGAN,633,12,FEBRUARI
951,SULAWESI BARAT,POLEWALI MANDAR,BINUANG,TONYAMAN,785,76,FEBRUARI
952,SULAWESI BARAT,POLEWALI MANDAR,BINUANG,KUAJANG,693,41,FEBRUARI
953,SULAWESI BARAT,POLEWALI MANDAR,BINUANG,PAKU,334,85,FEBRUARI
954,SULAWESI BARAT,POLEWALI MANDAR,BINUANG,MIRRING,478,68,FEBRUARI
955,SULAWESI BARAT,POLEWALI MANDAR,BINUANG,BATETANGNGA,1115,109,FEBRUARI
956,SULAWESI BARAT,POLEWALI MANDAR,BINUANG,MAMMI,370,25,FEBRUARI
957,SULAWESI BARAT,POLEWALI MANDAR,BINUANG,KALEOK,211,8,FEBRUARI
958,SULAWESI BARAT,POLEWALI MANDAR,BINUANG,AMOLA,280,34,FEBRUARI
959,SULAWESI BARAT,POLEWALI MANDAR,BINUANG,REA,444,45,FEBRUARI
960,SULAWESI BARAT,POLEWALI MANDAR,ANREAPI,ANREAPI,214,8,FEBRUARI
961,SULAWESI BARAT,POLEWALI MANDAR,ANREAPI,DUAMPANUA,512,36,FEBRUARI
962,SULAWESI BARAT,POLEWALI MANDAR,ANREAPI,KELAPA DUA,341,14,FEBRUARI
963,SULAWESI BARAT,POLEWALI MANDAR,ANREAPI,PAPPANDANGAN,301,11,FEBRUARI
964,SULAWESI BARAT,POLEWALI MANDAR,ANREAPI,KUNYI,275,5,FEBRUARI
965,SULAWESI BARAT,POLEWALI MANDAR,BALANIPA,BALANIPA,453,87,FEBRUARI
966,SULAWESI BARAT,POLEWALI MANDAR,BALANIPA,TAMMAJARRA,283,27,FEBRUARI
967,SULAWESI BARAT,POLEWALI MANDAR,BALANIPA,TAMANGGALLE,340,47,FEBRUARI
968,SULAWESI BARAT,POLEWALI MANDAR,BALANIPA,MOSSO,114,10,FEBRUARI
969,SULAWESI BARAT,POLEWALI MANDAR,BALANIPA,GALUNG TULUK,509,104,FEBRUARI
970,SULAWESI BARAT,POLEWALI MANDAR,BALANIPA,SABANG SUBIK,420,74,FEBRUARI
971,SULAWESI BARAT,POLEWALI MANDAR,BALANIPA,PAMBUSUANG,835,50,FEBRUARI
972,SULAWESI BARAT,POLEWALI MANDAR,BALANIPA,BALA,826,131,FEBRUARI
973,SULAWESI BARAT,POLEWALI MANDAR,BALANIPA,LAMBANAN,69,11,FEBRUARI
974,SULAWESI BARAT,POLEWALI MANDAR,BALANIPA,LEGO,195,24,FEBRUARI
975,SULAWESI BARAT,POLEWALI MANDAR,BALANIPA,PALLIS,91,22,FEBRUARI
976,SULAWESI BARAT,POLEWALI MANDAR,LIMBORO,LIMBORO,231,31,FEBRUARI
977,SULAWESI BARAT,POLEWALI MANDAR,LIMBORO,LEMBANG LEMBANG,348,23,FEBRUARI
978,SULAWESI BARAT,POLEWALI MANDAR,LIMBORO,TANDASURA,210,10,FEBRUARI
979,SULAWESI BARAT,POLEWALI MANDAR,LIMBORO,SAMASUNDU,188,6,FEBRUARI
980,SULAWESI BARAT,POLEWALI MANDAR,LIMBORO,NAPO,270,17,FEBRUARI
981,SULAWESI BARAT,POLEWALI MANDAR,LIMBORO,TODANG TODANG,107,26,FEBRUARI
982,SULAWESI BARAT,POLEWALI MANDAR,LIMBORO,PENDULANGAN,103,6,FEBRUARI
983,SULAWESI BARAT,POLEWALI MANDAR,LIMBORO,RENGGEANG,197,15,FEBRUARI
984,SULAWESI BARAT,POLEWALI MANDAR,LIMBORO,SALARRI,140,33,FEBRUARI
985,SULAWESI BARAT,POLEWALI MANDAR,LIMBORO,TANGAN BARU,150,14,FEBRUARI
986,SULAWESI BARAT,POLEWALI MANDAR,LIMBORO,PALECE,180,1,FEBRUARI
987,SULAWESI BARAT,POLEWALI MANDAR,CAMPALAGIAN,PAPPANG,384,36,FEBRUARI
988,SULAWESI BARAT,POLEWALI MANDAR,CAMPALAGIAN,LALIKO,494,108,FEBRUARI
989,SULAWESI BARAT,POLEWALI MANDAR,CAMPALAGIAN,BONDE,478,154,FEBRUARI
990,SULAWESI BARAT,POLEWALI MANDAR,CAMPALAGIAN,KATUMBANGAN LEMO,510,107,FEBRUARI
991,SULAWESI BARAT,POLEWALI MANDAR,CAMPALAGIAN,PANYAMPA,527,83,FEBRUARI
992,SULAWESI BARAT,POLEWALI MANDAR,CAMPALAGIAN,SURUANG,259,10,FEBRUARI
993,SULAWESI BARAT,POLEWALI MANDAR,CAMPALAGIAN,LAMPOKO,622,167,FEBRUARI
994,SULAWESI BARAT,POLEWALI MANDAR,CAMPALAGIAN,KATUMBANGAN,648,126,FEBRUARI
995,SULAWESI BARAT,POLEWALI MANDAR,CAMPALAGIAN,LAPEO,472,210,FEBRUARI
996,SULAWESI BARAT,POLEWALI MANDAR,CAMPALAGIAN,PARAPPE,651,110,FEBRUARI
997,SULAWESI BARAT,POLEWALI MANDAR,CAMPALAGIAN,ONGKO,254,23,FEBRUARI
998,SULAWESI BARAT,POLEWALI MANDAR,CAMPALAGIAN,KENJE,458,26,FEBRUARI
999,SULAWESI BARAT,POLEWALI MANDAR,CAMPALAGIAN,SUMARRANG,837,43,FEBRUARI
1000,SULAWESI BARAT,POLEWALI MANDAR,CAMPALAGIAN,BOTTO,444,38,FEBRUARI
1001,SULAWESI BARAT,POLEWALI MANDAR,CAMPALAGIAN,GATTUNGAN,339,66,FEBRUARI
1002,SULAWESI BARAT,POLEWALI MANDAR,CAMPALAGIAN,PADANG TIMUR,241,38,FEBRUARI
1003,SULAWESI BARAT,POLEWALI MANDAR,CAMPALAGIAN,PADANG,156,18,FEBRUARI
1004,SULAWESI BARAT,POLEWALI MANDAR,CAMPALAGIAN,LAGI-AGI,389,34,FEBRUARI
1005,SULAWESI BARAT,POLEWALI MANDAR,LUYO,BATUPANGA,489,97,FEBRUARI
1006,SULAWESI BARAT,POLEWALI MANDAR,LUYO,MAMBU,404,72,FEBRUARI
1007,SULAWESI BARAT,POLEWALI MANDAR,LUYO,TENGGELANG,522,58,FEBRUARI
1008,SULAWESI BARAT,POLEWALI MANDAR,LUYO,BARU,585,72,FEBRUARI
1009,SULAWESI BARAT,POLEWALI MANDAR,LUYO,PUSSUI,302,9,FEBRUARI
1010,SULAWESI BARAT,POLEWALI MANDAR,LUYO,MAPILI BARAT,362,13,FEBRUARI
1011,SULAWESI BARAT,POLEWALI MANDAR,LUYO,SAMBALI WALI,394,13,FEBRUARI
1012,SULAWESI BARAT,POLEWALI MANDAR,LUYO,BATUPANGA DAALA,442,16,FEBRUARI
1013,SULAWESI BARAT,POLEWALI MANDAR,LUYO,LUYO,305,36,FEBRUARI
1014,SULAWESI BARAT,POLEWALI MANDAR,LUYO,PUSSUI BARAT,220,31,FEBRUARI
1015,SULAWESI BARAT,POLEWALI MANDAR,LUYO,PUCCADI,264,2,FEBRUARI
1016,SULAWESI BARAT,POLEWALI MANDAR,MAPILLI,MAPILI,279,83,FEBRUARI
1017,SULAWESI BARAT,POLEWALI MANDAR,MAPILLI,UGIBARU,385,116,FEBRUARI
1018,SULAWESI BARAT,POLEWALI MANDAR,MAPILLI,RUMPA,459,76,FEBRUARI
1019,SULAWESI BARAT,POLEWALI MANDAR,MAPILLI,KURMA,550,56,FEBRUARI
1020,SULAWESI BARAT,POLEWALI MANDAR,MAPILLI,BUKU,323,21,FEBRUARI
1021,SULAWESI BARAT,POLEWALI MANDAR,MAPILLI,BONNE BONNE,251,41,FEBRUARI
1022,SULAWESI BARAT,POLEWALI MANDAR,MAPILLI,BEROANGIN,352,43,FEBRUARI
1023,SULAWESI BARAT,POLEWALI MANDAR,MAPILLI,SEGERANG,221,18,FEBRUARI
1024,SULAWESI BARAT,POLEWALI MANDAR,MAPILLI,BONRA,406,108,FEBRUARI
1025,SULAWESI BARAT,POLEWALI MANDAR,MAPILLI,SATTOKO,105,8,FEBRUARI
1026,SULAWESI BARAT,POLEWALI MANDAR,MAPILLI,RAPPANG BARAT,429,23,FEBRUARI
1027,SULAWESI BARAT,POLEWALI MANDAR,MAPILLI,LANDI KANUSUANG,552,50,FEBRUARI
1028,SULAWESI BARAT,MAMASA,NOSU,NOSU,113,13,FEBRUARI
1029,SULAWESI BARAT,MAMASA,NOSU,MINANGA,44,4,FEBRUARI
1030,SULAWESI BARAT,MAMASA,NOSU,BATUPAPAN,116,15,FEBRUARI
1031,SULAWESI BARAT,MAMASA,NOSU,MASEWWE,117,25,FEBRUARI
1032,SULAWESI BARAT,MAMASA,NOSU,SIWI,53,12,FEBRUARI
1033,SULAWESI BARAT,MAMASA,NOSU,MINANGA TIMUR,59,26,FEBRUARI
1034,SULAWESI BARAT,MAMASA,NOSU,PARINDING,44,4,FEBRUARI
1035,SULAWESI BARAT,MAMASA,MESSAWA,MESSAWA,59,5,FEBRUARI
1036,SULAWESI BARAT,MAMASA,MESSAWA,RIPPUNG,183,7,FEBRUARI
1037,SULAWESI BARAT,MAMASA,MESSAWA,MAKUANG,133,7,FEBRUARI
1038,SULAWESI BARAT,MAMASA,MESSAWA,SEPANG,93,0,FEBRUARI
1039,SULAWESI BARAT,MAMASA,MESSAWA,MALIMBONG,66,1,FEBRUARI
1040,SULAWESI BARAT,MAMASA,MESSAWA,MATANDE,89,1,FEBRUARI
1041,SULAWESI BARAT,MAMASA,MESSAWA,SIPAI,108,2,FEBRUARI
1042,SULAWESI BARAT,MAMASA,MESSAWA,PASMA MAMBU,67,2,FEBRUARI
1043,SULAWESI BARAT,MAMASA,MESSAWA,TANETE BATU,69,0,FEBRUARI
1044,SULAWESI BARAT,MAMASA,MAMBI,MAMBI,216,61,FEBRUARI
1045,SULAWESI BARAT,MAMASA,MAMBI,TALIPUKKI,196,5,FEBRUARI
1046,SULAWESI BARAT,MAMASA,MAMBI,RANTEBULAHAN,92,2,FEBRUARI
1047,SULAWESI BARAT,MAMASA,MAMBI,SONDONGLAYU,85,9,FEBRUARI
1048,SULAWESI BARAT,MAMASA,MAMBI,SALUBANUA,45,1,FEBRUARI
1049,SULAWESI BARAT,MAMASA,MAMBI,TAPALINA,141,3,FEBRUARI
1050,SULAWESI BARAT,MAMASA,MAMBI,SENDANA,207,5,FEBRUARI
1051,SULAWESI BARAT,MAMASA,MAMBI,PAMOSEAN,75,6,FEBRUARI
1052,SULAWESI BARAT,MAMASA,MAMBI,SELUMAKA,153,1,FEBRUARI
1053,SULAWESI BARAT,MAMASA,MAMBI,BUJUNG MANURUNG,66,8,FEBRUARI
1054,SULAWESI BARAT,MAMASA,MAMBI,SALU ALO,124,16,FEBRUARI
1055,SULAWESI BARAT,MAMASA,MAMBI,INDOBANUA,56,12,FEBRUARI
1056,SULAWESI BARAT,MAMASA,MAMBI,SALUDURIAN,149,8,FEBRUARI
1057,SULAWESI BARAT,MAMASA,MEHALAAN,MEHALAAN,63,0,FEBRUARI
1058,SULAWESI BARAT,MAMASA,MEHALAAN,BOTTENG,84,1,FEBRUARI
1059,SULAWESI BARAT,MAMASA,MEHALAAN,SALUKONTA,68,0,FEBRUARI
1060,SULAWESI BARAT,MAMASA,MEHALAAN,MESAKADA,82,4,FEBRUARI
1061,SULAWESI BARAT,MAMASA,MEHALAAN,MEHALAAN BARAT,116,4,FEBRUARI
1062,SULAWESI BARAT,MAMASA,MEHALAAN,SALUAHOK,86,0,FEBRUARI
1063,SULAWESI BARAT,MAMASA,MEHALAAN,SALUBALO,56,0,FEBRUARI
1064,SULAWESI BARAT,MAMASA,MEHALAAN,PASSEMBUK,52,0,FEBRUARI
1065,SULAWESI BARAT,MAMASA,MEHALAAN,KONDO,43,1,FEBRUARI
1066,SULAWESI BARAT,MAMASA,MEHALAAN,LEKO SUKAMAJU,35,0,FEBRUARI
1067,SULAWESI BARAT,MAMASA,MEHALAAN,ULUMEA,32,0,FEBRUARI
1068,SULAWESI BARAT,MAMASA,BALLA,BALLA,234,11,FEBRUARI
1069,SULAWESI BARAT,MAMASA,BALLA,BALLA BARAT,115,1,FEBRUARI
1070,SULAWESI BARAT,MAMASA,BALLA,BALLA SATANETEAN,190,9,FEBRUARI
1071,SULAWESI BARAT,MAMASA,BALLA,BALLA TUMUKA,156,7,FEBRUARI
1072,SULAWESI BARAT,MAMASA,BALLA,SEPAKUAN,191,5,FEBRUARI
1073,SULAWESI BARAT,MAMASA,BALLA,PIDARA,94,10,FEBRUARI
1074,SULAWESI BARAT,MAMASA,BALLA,BAMBAPUANG,82,4,FEBRUARI
1075,SULAWESI BARAT,MAMASA,BALLA,BALLA TIMUR,48,0,FEBRUARI
1076,SULAWESI BARAT,MAMASA,ARALLE,ARALLE,141,4,FEBRUARI
1077,SULAWESI BARAT,MAMASA,ARALLE,RALLE ANAK,51,4,FEBRUARI
1078,SULAWESI BARAT,MAMASA,ARALLE,PANETEAN,85,1,FEBRUARI
1079,SULAWESI BARAT,MAMASA,ARALLE,UHAILANU,133,13,FEBRUARI
1080,SULAWESI BARAT,MAMASA,ARALLE,ARALLE UTARA,114,5,FEBRUARI
1081,SULAWESI BARAT,MAMASA,ARALLE,UHAIDAHO,103,19,FEBRUARI
1082,SULAWESI BARAT,MAMASA,ARALLE,BARURU,110,3,FEBRUARI
1083,SULAWESI BARAT,MAMASA,ARALLE,RALLEANAK UTARA,56,1,FEBRUARI
1084,SULAWESI BARAT,MAMASA,ARALLE,PAMOSEANG PANGGA,61,5,FEBRUARI
1085,SULAWESI BARAT,MAMASA,ARALLE,KALABE,75,3,FEBRUARI
1086,SULAWESI BARAT,MAMASA,ARALLE,ARALLE SELATAN,66,7,FEBRUARI
1087,SULAWESI BARAT,MAMASA,ARALLE,HAHANGAN,46,2,FEBRUARI
1088,SULAWESI BARAT,MAMASA,BAMBANG,MOKALLANG,49,1,FEBRUARI
1089,SULAWESI BARAT,MAMASA,BAMBANG,MASOSO,58,2,FEBRUARI
1090,SULAWESI BARAT,MAMASA,BAMBANG,SALUASSING,147,0,FEBRUARI
1091,SULAWESI BARAT,MAMASA,BAMBANG,SALUBULO,85,2,FEBRUARI
1092,SULAWESI BARAT,MAMASA,BAMBANG,SALUKADI,105,1,FEBRUARI
1093,SULAWESI BARAT,MAMASA,BAMBANG,SALUKEPOPOK,150,0,FEBRUARI
1094,SULAWESI BARAT,MAMASA,BAMBANG,ULUMAMBI BARAT,76,0,FEBRUARI
1095,SULAWESI BARAT,MAMASA,BAMBANG,LIMBADEBATA,115,0,FEBRUARI
1096,SULAWESI BARAT,MAMASA,BAMBANG,TANETE TOMBA,78,4,FEBRUARI
1097,SULAWESI BARAT,MAMASA,BAMBANG,BAMBANG,155,2,FEBRUARI
1098,SULAWESI BARAT,MAMASA,BAMBANG,RANTELEMO,61,0,FEBRUARI
1099,SULAWESI BARAT,MAMASA,BAMBANG,SALUDENGEN,54,6,FEBRUARI
1100,SULAWESI BARAT,MAMASA,BAMBANG,ULUMAMBI,97,1,FEBRUARI
1101,SULAWESI BARAT,MAMASA,BAMBANG,BAMBANG TIMUR,107,1,FEBRUARI
1102,SULAWESI BARAT,MAMASA,BAMBANG,MINANGA,187,7,FEBRUARI
1103,SULAWESI BARAT,MAMASA,BAMBANG,SIKAMASE,65,0,FEBRUARI
1104,SULAWESI BARAT,MAMASA,BAMBANG,RANTETARIMA,34,0,FEBRUARI
1105,SULAWESI BARAT,MAMASA,BAMBANG,SALURURU,41,1,FEBRUARI
1106,SULAWESI BARAT,MAMASA,BAMBANG,SALUTABANG,42,3,FEBRUARI
1107,SULAWESI BARAT,MAMASA,BAMBANG,BALATANA,57,0,FEBRUARI
1108,SULAWESI BARAT,MAMASA,BUNTUMALANGKA,BUNTUMALANGKA,167,1,FEBRUARI
1109,SULAWESI BARAT,MAMASA,BUNTUMALANGKA,RANTEBERAN,155,1,FEBRUARI
1110,SULAWESI BARAT,MAMASA,BUNTUMALANGKA,KEBANGA,77,2,FEBRUARI
1111,SULAWESI BARAT,MAMASA,BUNTUMALANGKA,SALURINDU,71,1,FEBRUARI
1112,SULAWESI BARAT,MAMASA,BUNTUMALANGKA,TAORA,63,1,FEBRUARI
1113,SULAWESI BARAT,MAMASA,BUNTUMALANGKA,KABAE,92,0,FEBRUARI
1114,SULAWESI BARAT,MAMASA,BUNTUMALANGKA,SALUTAMBUN BARAT,88,0,FEBRUARI
1115,SULAWESI BARAT,MAMASA,BUNTUMALANGKA,PENATANGAN,146,1,FEBRUARI
1116,SULAWESI BARAT,MAMASA,BUNTUMALANGKA,SALUTAMBUN TIMUR,70,3,FEBRUARI
1117,SULAWESI BARAT,MAMASA,BUNTUMALANGKA,SALUTAMBUN,45,0,FEBRUARI
1118,SULAWESI BARAT,MAMASA,BUNTUMALANGKA,ARALLE TIMUR,138,1,FEBRUARI
1119,SULAWESI BARAT,MAMASA,SUMARORONG,SUMARORONG,196,10,FEBRUARI
1120,SULAWESI BARAT,MAMASA,SUMARORONG,TABONE,132,6,FEBRUARI
1121,SULAWESI BARAT,MAMASA,SUMARORONG,BATANG  URU,115,5,FEBRUARI
1122,SULAWESI BARAT,MAMASA,SUMARORONG,SASAKAN,199,0,FEBRUARI
1123,SULAWESI BARAT,MAMASA,SUMARORONG,TADISI,62,0,FEBRUARI
1124,SULAWESI BARAT,MAMASA,SUMARORONG,SIBANAWA,135,22,FEBRUARI
1125,SULAWESI BARAT,MAMASA,SUMARORONG,BATANGNGURU TIMUR,133,8,FEBRUARI
1126,SULAWESI BARAT,MAMASA,SUMARORONG,SALUBALO,147,1,FEBRUARI
1127,SULAWESI BARAT,MAMASA,SUMARORONG,BANEA,82,5,FEBRUARI
1128,SULAWESI BARAT,MAMASA,SUMARORONG,RANTE KAMASE,197,3,FEBRUARI
1129,SULAWESI BARAT,MAMASA,SESENAPADANG,OROBUA,279,13,FEBRUARI
1130,SULAWESI BARAT,MAMASA,SESENAPADANG,PALADAN,103,5,FEBRUARI
1131,SULAWESI BARAT,MAMASA,SESENAPADANG,OROBUA TIMUR,61,3,FEBRUARI
1132,SULAWESI BARAT,MAMASA,SESENAPADANG,RANTE PUANG,162,13,FEBRUARI
1133,SULAWESI BARAT,MAMASA,SESENAPADANG,SATENETEAN,61,2,FEBRUARI
1134,SULAWESI BARAT,MAMASA,SESENAPADANG,LISUAN ADA,95,2,FEBRUARI
1135,SULAWESI BARAT,MAMASA,SESENAPADANG,OROBUA SELATAN,96,9,FEBRUARI
1136,SULAWESI BARAT,MAMASA,SESENAPADANG,MALANGKENA PADANG,89,3,FEBRUARI
1137,SULAWESI BARAT,MAMASA,SESENAPADANG,MALIMBONG,33,0,FEBRUARI
1138,SULAWESI BARAT,MAMASA,SESENAPADANG,MARAMPAN OROBUA,50,0,FEBRUARI
1139,SULAWESI BARAT,MAMASA,PANA,PANA,80,2,FEBRUARI
1140,SULAWESI BARAT,MAMASA,PANA,MANIPI,164,7,FEBRUARI
1141,SULAWESI BARAT,MAMASA,PANA,MAMULLU,84,6,FEBRUARI
1142,SULAWESI BARAT,MAMASA,PANA,SAPAN,73,0,FEBRUARI
1143,SULAWESI BARAT,MAMASA,PANA,DATUBARINGAN,110,3,FEBRUARI
1144,SULAWESI BARAT,MAMASA,PANA,PANURA,75,5,FEBRUARI
1145,SULAWESI BARAT,MAMASA,PANA,TALLANG BULAWAN,82,1,FEBRUARI
1146,SULAWESI BARAT,MAMASA,PANA,KARAKA,87,0,FEBRUARI
1147,SULAWESI BARAT,MAMASA,PANA,ULUSALU,75,5,FEBRUARI
1148,SULAWESI BARAT,MAMASA,PANA,WERI,67,2,FEBRUARI
1149,SULAWESI BARAT,MAMASA,PANA,SALUTAMBUN,70,7,FEBRUARI
1150,SULAWESI BARAT,MAMASA,PANA,SALOAN,110,6,FEBRUARI
1151,SULAWESI BARAT,MAMASA,PANA,ULUSALU INDAH,68,2,FEBRUARI
1152,SULAWESI BARAT,PASANGKAYU,SARJO,SARJO,462,28,FEBRUARI
1153,SULAWESI BARAT,PASANGKAYU,SARJO,MAPONU,249,16,FEBRUARI
1154,SULAWESI BARAT,PASANGKAYU,SARJO,LETAWA,358,40,FEBRUARI
1155,SULAWESI BARAT,PASANGKAYU,SARJO,SARUDE,388,15,FEBRUARI
1156,SULAWESI BARAT,MAMUJU,TAPALANG,GALUNG,527,41,FEBRUARI
1157,SULAWESI BARAT,MAMUJU,TAPALANG,KASAMBANG,407,52,FEBRUARI
1158,SULAWESI BARAT,MAMUJU,TAPALANG,DAYANGINNA,252,40,FEBRUARI
1159,SULAWESI BARAT,MAMUJU,TAPALANG,OROBATU,165,22,FEBRUARI
1160,SULAWESI BARAT,MAMUJU,TAPALANG,TAKANDEANG,451,48,FEBRUARI
1161,SULAWESI BARAT,MAMUJU,TAPALANG,BELA,80,3,FEBRUARI
1162,SULAWESI BARAT,MAMUJU,TAPALANG,TAAN,451,94,FEBRUARI
1163,SULAWESI BARAT,MAMUJU,TAPALANG,TAMPALANG,439,36,FEBRUARI
1164,SULAWESI BARAT,MAMUJU,TAPALANG,RANTEDODA,205,17,FEBRUARI
1165,SULAWESI BARAT,MAMUJU,TAPALANG,KOPEANG,98,10,FEBRUARI
1166,SULAWESI BARAT,MAMUJU,MAMUJU,BINANGA,2023,155,FEBRUARI
1167,SULAWESI BARAT,MAMUJU,MAMUJU,MAMUNYU,1008,198,FEBRUARI
1168,SULAWESI BARAT,MAMUJU,MAMUJU,KAREMA,1540,91,FEBRUARI
1169,SULAWESI BARAT,MAMUJU,MAMUJU,RIMUKU,1272,224,FEBRUARI
1170,SULAWESI BARAT,MAMUJU,MAMUJU,BAMBU,594,85,FEBRUARI
1171,SULAWESI BARAT,MAMUJU,MAMUJU,KARAMPUANG,612,13,FEBRUARI
1172,SULAWESI BARAT,MAMUJU,MAMUJU,TADUI,672,3,FEBRUARI
1173,SULAWESI BARAT,MAMUJU,MAMUJU,BATU PANNU,256,24,FEBRUARI
1174,SULAWESI BARAT,MAMUJU,KALUKKU,SINYONYOI,832,145,FEBRUARI
1175,SULAWESI BARAT,MAMUJU,KALUKKU,BEBANGA,1349,53,FEBRUARI
1176,SULAWESI BARAT,MAMUJU,KALUKKU,KALUKKU,1043,97,FEBRUARI
1177,SULAWESI BARAT,MAMUJU,KALUKKU,SINYONYOI SELATAN,617,114,FEBRUARI
1178,SULAWESI BARAT,MAMUJU,KALUKKU,SONDOANG,400,20,FEBRUARI
1179,SULAWESI BARAT,MAMUJU,KALUKKU,BERU-BERU,917,47,FEBRUARI
1180,SULAWESI BARAT,MAMUJU,KALUKKU,BELANG BELANG,656,63,FEBRUARI
1181,SULAWESI BARAT,MAMUJU,KALUKKU,KABULOANG,590,79,FEBRUARI
1182,SULAWESI BARAT,MAMUJU,KALUKKU,KEANG,420,64,FEBRUARI
1183,SULAWESI BARAT,MAMUJU,KALUKKU,POKKANG,369,26,FEBRUARI
1184,SULAWESI BARAT,MAMUJU,KALUKKU,GULILING,238,14,FEBRUARI
1185,SULAWESI BARAT,MAMUJU,KALUKKU,UHAIMATE,175,3,FEBRUARI
1186,SULAWESI BARAT,MAMUJU,KALUKKU,KALUKKU BARAT,704,63,FEBRUARI
1187,SULAWESI BARAT,MAMUJU,KALUKKU,PAMMULUKANG,318,19,FEBRUARI
1188,SULAWESI BARAT,MAMUJU,BONEHAU,BONEHAU,320,32,FEBRUARI
1189,SULAWESI BARAT,MAMUJU,BONEHAU,SALUTIWO,131,12,FEBRUARI
1190,SULAWESI BARAT,MAMUJU,BONEHAU,BUTTUADA,259,16,FEBRUARI
1191,SULAWESI BARAT,MAMUJU,BONEHAU,TAMALEA,68,3,FEBRUARI
1192,SULAWESI BARAT,MAMUJU,BONEHAU,LUMIKA,177,6,FEBRUARI
1193,SULAWESI BARAT,MAMUJU,BONEHAU,MAPPU,95,2,FEBRUARI
1194,SULAWESI BARAT,MAMUJU,BONEHAU,BANUADA,135,1,FEBRUARI
1195,SULAWESI BARAT,MAMUJU,BONEHAU,HINUA,130,3,FEBRUARI
1196,SULAWESI BARAT,MAMUJU,BONEHAU,KINATANG,134,0,FEBRUARI
1197,SULAWESI BARAT,MAMASA,TAWALIAN,TAWALIAN,354,24,FEBRUARI
1198,SULAWESI BARAT,MAMASA,TAWALIAN,TAWALIAN TIMUR,224,10,FEBRUARI
1199,SULAWESI BARAT,MAMASA,TAWALIAN,KARIANGO,251,3,FEBRUARI
1200,SULAWESI BARAT,MAMASA,TAWALIAN,RANTETANGNGA,190,15,FEBRUARI
1201,SULAWESI BARAT,MAMASA,TANDUK KALUA,MINAKE,135,12,FEBRUARI
1202,SULAWESI BARAT,MAMASA,TANDUK KALUA,MALABO,68,3,FEBRUARI
1203,SULAWESI BARAT,MAMASA,TANDUK KALUA,SINDAGAMANIK,178,8,FEBRUARI
1204,SULAWESI BARAT,MAMASA,TANDUK KALUA,PARONDOBULAWAN,134,9,FEBRUARI
1205,SULAWESI BARAT,MAMASA,TANDUK KALUA,TAMALANTIK,203,6,FEBRUARI
1206,SULAWESI BARAT,MAMASA,TANDUK KALUA,MANNABABA,85,3,FEBRUARI
1207,SULAWESI BARAT,MAMASA,TANDUK KALUA,MESAKADA,138,5,FEBRUARI
1208,SULAWESI BARAT,MAMASA,TANDUK KALUA,BALLABATU,196,3,FEBRUARI
1209,SULAWESI BARAT,MAMASA,TANDUK KALUA,PAMBE,97,3,FEBRUARI
1210,SULAWESI BARAT,MAMASA,TANDUK KALUA,SALURANO,98,6,FEBRUARI
1211,SULAWESI BARAT,MAMASA,TANDUK KALUA,TALIMBUNG,119,6,FEBRUARI
1212,SULAWESI BARAT,MAMASA,TANDUK KALUA,KANAN,149,16,FEBRUARI
1213,SULAWESI BARAT,MAMASA,TABANG,TABANG,130,6,FEBRUARI
1214,SULAWESI BARAT,MAMASA,TABANG,TADOKALUA,124,3,FEBRUARI
1215,SULAWESI BARAT,MAMASA,TABANG,TABANG BARAT,249,12,FEBRUARI
1216,SULAWESI BARAT,MAMASA,TABANG,MASUPU,95,2,FEBRUARI
1217,SULAWESI BARAT,MAMASA,TABANG,KALAMA,86,6,FEBRUARI
1218,SULAWESI BARAT,MAMASA,TABANG,BAKADISURA,151,1,FEBRUARI
1219,SULAWESI BARAT,MAMASA,TABANG,SALUKONA,122,1,FEBRUARI
1220,SULAWESI BARAT,MAMASA,TABULAHAN,LAKAHANG,319,5,FEBRUARI
1221,SULAWESI BARAT,MAMASA,TABULAHAN,PERIANGAN,92,4,FEBRUARI
1222,SULAWESI BARAT,MAMASA,TABULAHAN,MALATIRO,190,4,FEBRUARI
1223,SULAWESI BARAT,MAMASA,TABULAHAN,TABULAHAN,67,0,FEBRUARI
1224,SULAWESI BARAT,MAMASA,TABULAHAN,SALULEANG,49,1,FEBRUARI
1225,SULAWESI BARAT,MAMASA,TABULAHAN,TAMPAK KURRA,244,3,FEBRUARI
1226,SULAWESI BARAT,MAMASA,TABULAHAN,GANDANG DEWATA,41,1,FEBRUARI
1227,SULAWESI BARAT,MAMASA,TABULAHAN,BURANA,132,13,FEBRUARI
1228,SULAWESI BARAT,MAMASA,TABULAHAN,SALUBAKKA,120,3,FEBRUARI
1229,SULAWESI BARAT,MAMASA,TABULAHAN,PANGANDARAN,171,0,FEBRUARI
1230,SULAWESI BARAT,MAMASA,TABULAHAN,TALOPAK,60,0,FEBRUARI
1231,SULAWESI BARAT,MAMASA,TABULAHAN,PEU',57,0,FEBRUARI
1232,SULAWESI BARAT,MAMASA,TABULAHAN,TIMORO,50,0,FEBRUARI
1233,SULAWESI BARAT,MAMASA,TABULAHAN,LAKAHANG UTAMA,111,1,FEBRUARI
1234,SULAWESI BARAT,MAMASA,RANTEBULAHAN TIMUR,SALUMOKANAN,131,4,FEBRUARI
1235,SULAWESI BARAT,MAMASA,RANTEBULAHAN TIMUR,SALUMOKANAN BARAT,132,1,FEBRUARI
1236,SULAWESI BARAT,MAMASA,RANTEBULAHAN TIMUR,BUANGIN,137,2,FEBRUARI
1237,SULAWESI BARAT,MAMASA,RANTEBULAHAN TIMUR,BAMBANG BUDA,142,1,FEBRUARI
1238,SULAWESI BARAT,MAMASA,RANTEBULAHAN TIMUR,LEKO,39,3,FEBRUARI
1239,SULAWESI BARAT,MAMASA,RANTEBULAHAN TIMUR,KIRAK,104,3,FEBRUARI
1240,SULAWESI BARAT,MAMASA,RANTEBULAHAN TIMUR,SALUMOKANAN UTARA,137,2,FEBRUARI
1241,SULAWESI BARAT,MAMASA,RANTEBULAHAN TIMUR,SAMPALE,63,0,FEBRUARI
1242,SULAWESI BARAT,MAMUJU TENGAH,PANGALE,POLO PANGALE,357,17,FEBRUARI
1243,SULAWESI BARAT,MAMUJU TENGAH,PANGALE,PANGALE,331,33,FEBRUARI
1244,SULAWESI BARAT,MAMUJU TENGAH,PANGALE,SARTANAMAJU,115,4,FEBRUARI
1245,SULAWESI BARAT,MAMUJU TENGAH,PANGALE,POLO LERENG,311,23,FEBRUARI
1246,SULAWESI BARAT,MAMUJU TENGAH,PANGALE,KUO,561,22,FEBRUARI
1247,SULAWESI BARAT,MAMUJU TENGAH,PANGALE,POLO CAMBA,204,6,FEBRUARI
1248,SULAWESI BARAT,MAMUJU TENGAH,PANGALE,LAMBA-LAMBA,184,30,FEBRUARI
1249,SULAWESI BARAT,MAMUJU TENGAH,PANGALE,KOMBILING,423,80,FEBRUARI
1250,SULAWESI BARAT,MAMUJU TENGAH,PANGALE,LEMO-LEMO,177,6,FEBRUARI
1251,SULAWESI BARAT,MAMUJU TENGAH,BUDONG-BUDONG,BABANA,1212,49,FEBRUARI
1252,SULAWESI BARAT,MAMUJU TENGAH,BUDONG-BUDONG,LUMU,423,36,FEBRUARI
1253,SULAWESI BARAT,MAMUJU TENGAH,BUDONG-BUDONG,PONTANAKAYANG,618,73,FEBRUARI
1254,SULAWESI BARAT,MAMUJU TENGAH,BUDONG-BUDONG,SALOGATTA,774,15,FEBRUARI
1255,SULAWESI BARAT,MAMUJU TENGAH,BUDONG-BUDONG,KIRE,350,55,FEBRUARI
1256,SULAWESI BARAT,MAMUJU TENGAH,BUDONG-BUDONG,TINALI,323,18,FEBRUARI
1257,SULAWESI BARAT,MAMUJU TENGAH,BUDONG-BUDONG,SALUMANURUNG,325,52,FEBRUARI
1258,SULAWESI BARAT,MAMUJU TENGAH,BUDONG-BUDONG,PASAPA,234,3,FEBRUARI
1259,SULAWESI BARAT,MAMUJU TENGAH,BUDONG-BUDONG,BOJO,331,10,FEBRUARI
1260,SULAWESI BARAT,MAMUJU TENGAH,BUDONG-BUDONG,BARAKKANG,282,50,FEBRUARI
1261,SULAWESI BARAT,MAMUJU TENGAH,BUDONG-BUDONG,LEMBAH HADA,121,21,FEBRUARI
1262,SULAWESI BARAT,MAMUJU TENGAH,TOBADAK,MAHAHE,506,49,FEBRUARI
1263,SULAWESI BARAT,MAMUJU TENGAH,TOBADAK,SALOBAJA,544,35,FEBRUARI
1264,SULAWESI BARAT,MAMUJU TENGAH,TOBADAK,TOBADAK,1871,66,FEBRUARI
1265,SULAWESI BARAT,MAMUJU TENGAH,TOBADAK,PALONGAAN,422,32,FEBRUARI
1266,SULAWESI BARAT,MAMUJU TENGAH,TOBADAK,BATU PARIGI,1077,34,FEBRUARI
1267,SULAWESI BARAT,MAMUJU TENGAH,TOBADAK,BAMBADARU,242,3,FEBRUARI
1268,SULAWESI BARAT,MAMUJU TENGAH,TOBADAK,SEJATI,185,2,FEBRUARI
1269,SULAWESI BARAT,MAMUJU TENGAH,TOBADAK,SALOADAK,364,6,FEBRUARI
1270,SULAWESI BARAT,MAMUJU TENGAH,TOPOYO,BUDONG-BUDONG,381,29,FEBRUARI
1271,SULAWESI BARAT,MAMUJU TENGAH,TOPOYO,TOPOYO,1684,136,FEBRUARI
1272,SULAWESI BARAT,MAMUJU TENGAH,TOPOYO,TUMBU,470,30,FEBRUARI
1273,SULAWESI BARAT,MAMUJU TENGAH,TOPOYO,KABUBU,404,8,FEBRUARI
1274,SULAWESI BARAT,MAMUJU TENGAH,TOPOYO,WAEPUTEH,355,31,FEBRUARI
1275,SULAWESI BARAT,MAMUJU TENGAH,TOPOYO,TANGKOU,210,4,FEBRUARI
1276,SULAWESI BARAT,MAMUJU TENGAH,TOPOYO,TABOLANG,688,47,FEBRUARI
1277,SULAWESI BARAT,MAMUJU TENGAH,TOPOYO,PARAILI,259,6,FEBRUARI
1278,SULAWESI BARAT,MAMUJU TENGAH,TOPOYO,SALUPANGKANG,573,11,FEBRUARI
1279,SULAWESI BARAT,MAMUJU TENGAH,TOPOYO,SALUPANGKANG IV,84,7,FEBRUARI
1280,SULAWESI BARAT,MAMUJU TENGAH,TOPOYO,TAPPILINA,253,28,FEBRUARI
1281,SULAWESI BARAT,MAMUJU TENGAH,TOPOYO,BAMBAMANURUNG,213,7,FEBRUARI
1282,SULAWESI BARAT,MAMUJU TENGAH,TOPOYO,SALULEKBO,578,73,FEBRUARI
1283,SULAWESI BARAT,MAMUJU TENGAH,TOPOYO,PANGALLOANG,361,22,FEBRUARI
1284,SULAWESI BARAT,MAMUJU TENGAH,TOPOYO,SINABATTA,176,18,FEBRUARI
1285,SULAWESI BARAT,MAMUJU TENGAH,KAROSSA,KAROSSA,1141,86,FEBRUARI
1286,SULAWESI BARAT,MAMUJU TENGAH,KAROSSA,TASOKKO,724,116,FEBRUARI
1287,SULAWESI BARAT,MAMUJU TENGAH,KAROSSA,LARA,269,34,FEBRUARI
1288,SULAWESI BARAT,MAMUJU TENGAH,KAROSSA,KADAILA,303,19,FEBRUARI
1289,SULAWESI BARAT,MAMUJU TENGAH,KAROSSA,KAYU CALLA,121,10,FEBRUARI
1290,SULAWESI BARAT,MAMUJU TENGAH,KAROSSA,LEMBAH HOPO,205,11,FEBRUARI
1291,SULAWESI BARAT,MAMUJU TENGAH,KAROSSA,BENGGAULU,439,28,FEBRUARI
1292,SULAWESI BARAT,MAMUJU TENGAH,KAROSSA,SUKA MAJU,238,36,FEBRUARI
1293,SULAWESI BARAT,MAMUJU TENGAH,KAROSSA,KAMBUNONG,391,15,FEBRUARI
1294,SULAWESI BARAT,MAMUJU TENGAH,KAROSSA,SALUBIRO,216,1,FEBRUARI
1295,SULAWESI BARAT,MAMUJU TENGAH,KAROSSA,SANJANGO,279,27,FEBRUARI
