PROVINSI,KABUPATEN,KECAMATAN,KELURAHAN,PUNYA BADUTA,PUNYA BALITA,PUS,PUS HAMIL,AIR MINUM,TEMPAT BUANG AIR,TERLALU MUDA,TERLALU TUA,TERLALU DEKAT,TERLALU BANYAK,KRS
SULAWESI BARAT,MAJENE,BANGGAE,BANGGAE,84,178,581,30,0,63,5,126,9,207,523
SULAWESI BARAT,MAJENE,BANGGAE,BARU,159,305,890,37,22,170,19,227,13,344,674
SULAWESI BARAT,MAJENE,BANGGAE,GALUNG,107,186,526,25,13,44,9,138,18,229,334
SULAWESI BARAT,MAJENE,BANGGAE,PALIPI SOREANG,89,157,397,25,3,23,8,84,9,165,347
SULAWESI BARAT,MAJENE,BANGGAE,PAMBOBORANG,107,141,416,25,3,186,14,91,10,170,384
SULAWESI BARAT,MAJENE,BANGGAE,PANGALI ALI,359,547,1610,88,19,368,47,362,40,571,1370
SULAWESI BARAT,MAJENE,BANGGAE,RANGAS,343,646,1604,62,4,128,25,389,30,698,1125
SULAWESI BARAT,MAJENE,BANGGAE,TOTOLI,197,298,847,31,14,45,21,203,19,380,704
SULAWESI BARAT,MAJENE,BANGGAE TIMUR,BARUGA,56,93,286,16,23,28,2,71,5,109,291
SULAWESI BARAT,MAJENE,BANGGAE TIMUR,BARUGA DHUA,75,101,246,6,4,4,4,65,11,95,181
SULAWESI BARAT,MAJENE,BANGGAE TIMUR,BAURUNG,194,300,890,48,0,19,25,220,23,349,755
SULAWESI BARAT,MAJENE,BANGGAE TIMUR,BUTTU BARUGA,49,50,170,10,0,6,2,35,1,51,134
SULAWESI BARAT,MAJENE,BANGGAE TIMUR,LABUANG,98,162,571,19,1,12,1,151,9,184,411
SULAWESI BARAT,MAJENE,BANGGAE TIMUR,LABUANG UTARA,95,220,652,20,1,128,6,165,17,271,530
SULAWESI BARAT,MAJENE,BANGGAE TIMUR,LEMBANG,174,349,992,25,0,137,14,251,21,389,674
SULAWESI BARAT,MAJENE,BANGGAE TIMUR,TANDE,33,61,183,6,4,6,1,50,1,82,235
SULAWESI BARAT,MAJENE,BANGGAE TIMUR,TANDE TIMUR,57,105,300,12,0,10,2,75,14,118,218
SULAWESI BARAT,MAJENE,MALUNDA,BAMBANGAN,85,151,356,23,16,53,13,79,12,158,159
SULAWESI BARAT,MAJENE,MALUNDA,KAYUANGIN,58,116,288,23,11,11,10,53,8,114,221
SULAWESI BARAT,MAJENE,MALUNDA,LAMUNGANG BATU,58,117,303,13,46,1,2,87,9,149,142
SULAWESI BARAT,MAJENE,MALUNDA,LOMBANG,28,46,157,7,31,7,5,26,1,54,76
SULAWESI BARAT,MAJENE,MALUNDA,LOMBANG TIMUR,25,54,186,6,5,0,1,34,3,63,177
SULAWESI BARAT,MAJENE,MALUNDA,LOMBONG,72,130,333,15,6,6,5,71,7,157,226
SULAWESI BARAT,MAJENE,MALUNDA,LOMBONG TIMUR,58,71,214,14,64,10,6,41,6,94,129
SULAWESI BARAT,MAJENE,MALUNDA,MALIAYA,64,109,308,14,1,15,6,74,7,137,224
SULAWESI BARAT,MAJENE,MALUNDA,MALUNDA,44,83,313,11,3,0,0,92,7,154,271
SULAWESI BARAT,MAJENE,MALUNDA,MEKKATTA,72,123,343,21,1,14,8,74,7,156,212
SULAWESI BARAT,MAJENE,MALUNDA,MEKKATTA SELATAN,60,96,208,16,2,0,10,41,3,89,141
SULAWESI BARAT,MAJENE,MALUNDA,SALUTAHONGAN,56,99,197,16,1,0,15,34,18,110,83
SULAWESI BARAT,MAJENE,PAMBOANG,ADOLANG,24,48,154,8,0,9,1,37,7,74,124
SULAWESI BARAT,MAJENE,PAMBOANG,ADOLANG DHUA,46,46,161,7,2,27,2,41,1,77,113
SULAWESI BARAT,MAJENE,PAMBOANG,BABABULO,93,120,326,16,1,31,6,82,9,149,235
SULAWESI BARAT,MAJENE,PAMBOANG,BABABULO UTARA,52,69,205,8,0,46,0,51,2,100,184
SULAWESI BARAT,MAJENE,PAMBOANG,BALOMBONG,47,81,186,13,3,7,4,36,7,69,143
SULAWESI BARAT,MAJENE,PAMBOANG,BANUA ADOLANG,60,81,167,14,4,36,5,27,10,99,116
SULAWESI BARAT,MAJENE,PAMBOANG,BETTENG,67,67,180,16,0,76,4,34,9,88,160
SULAWESI BARAT,MAJENE,PAMBOANG,BONDE,79,116,384,29,3,1,9,66,13,181,253
SULAWESI BARAT,MAJENE,PAMBOANG,BONDE UTARA,162,227,670,46,1,225,36,125,10,289,454
SULAWESI BARAT,MAJENE,PAMBOANG,BUTTU PAMBOANG,43,64,160,11,1,44,2,34,2,57,145
SULAWESI BARAT,MAJENE,PAMBOANG,LALAMPANUA,57,80,272,16,0,45,3,69,5,95,231
SULAWESI BARAT,MAJENE,PAMBOANG,PESULOANG,36,72,166,11,0,33,5,37,5,76,140
SULAWESI BARAT,MAJENE,PAMBOANG,SIMBANG,40,39,127,9,5,0,2,20,2,57,92
SULAWESI BARAT,MAJENE,PAMBOANG,SIRINDU,62,97,240,6,0,1,0,71,4,113,192
SULAWESI BARAT,MAJENE,PAMBOANG,TINAMBUNG,66,116,343,15,6,26,9,85,2,146,213
SULAWESI BARAT,MAJENE,SENDANA,BANUA SENDANA,50,79,210,11,0,29,3,49,10,102,139
SULAWESI BARAT,MAJENE,SENDANA,BINANGA,24,43,115,6,0,3,2,18,2,43,102
SULAWESI BARAT,MAJENE,SENDANA,BUKIT SAMANG,48,77,213,10,2,0,5,46,8,112,172
SULAWESI BARAT,MAJENE,SENDANA,LALATEDZONG,37,54,176,9,1,9,6,52,4,71,147
SULAWESI BARAT,MAJENE,SENDANA,LEPPANGANG,27,36,124,10,0,0,4,23,5,47,104
SULAWESI BARAT,MAJENE,SENDANA,LIMBORO RAMBU-RAMBU,50,61,160,14,1,17,7,31,9,79,117
SULAWESI BARAT,MAJENE,SENDANA,LIMBUA,62,87,258,15,1,10,0,57,7,123,185
SULAWESI BARAT,MAJENE,SENDANA,MOSSO,117,203,638,20,2,9,5,143,12,285,849
SULAWESI BARAT,MAJENE,SENDANA,MOSSO DHUA,51,86,222,8,0,1,2,68,6,124,155
SULAWESI BARAT,MAJENE,SENDANA,PAMINGGALAN,20,26,96,1,3,0,0,28,1,46,65
SULAWESI BARAT,MAJENE,SENDANA,PUNDAU,32,51,108,6,0,0,6,20,4,41,88
SULAWESI BARAT,MAJENE,SENDANA,PUTTADA,34,40,118,7,1,59,2,26,4,48,100
SULAWESI BARAT,MAJENE,SENDANA,SENDANA,28,54,139,9,2,26,0,32,3,57,230
SULAWESI BARAT,MAJENE,SENDANA,TALLUBANUA,101,157,338,24,0,70,10,72,21,149,229
SULAWESI BARAT,MAJENE,SENDANA,TALLUBANUA UTARA,80,107,285,16,4,1,3,66,8,141,237
SULAWESI BARAT,MAJENE,SENDANA,TOTOLISI SENDANA,55,88,241,18,0,0,6,62,5,119,203
SULAWESI BARAT,MAJENE,TAMMERODO SENDANA,AWO,56,98,304,9,51,4,13,71,5,134,97
SULAWESI BARAT,MAJENE,TAMMERODO SENDANA,MANYAMBA,37,68,250,4,93,0,6,51,6,110,126
SULAWESI BARAT,MAJENE,TAMMERODO SENDANA,SEPPONG,57,67,224,6,11,0,2,49,13,108,189
SULAWESI BARAT,MAJENE,TAMMERODO SENDANA,TALLAMBALAO,67,98,326,17,27,0,4,92,8,136,223
SULAWESI BARAT,MAJENE,TAMMERODO SENDANA,TAMMERODO,71,104,311,19,1,95,6,79,7,120,227
SULAWESI BARAT,MAJENE,TAMMERODO SENDANA,TAMMERODO UTARA,79,100,321,10,4,26,8,76,13,124,272
SULAWESI BARAT,MAJENE,TAMMERODO SENDANA,ULIDANG,56,96,287,12,24,0,3,80,20,136,217
SULAWESI BARAT,MAJENE,TUBO SENDANA,BONDE BONDE,29,43,148,9,0,7,1,32,3,63,128
SULAWESI BARAT,MAJENE,TUBO SENDANA,ONANG,64,163,492,25,14,40,5,106,6,248,401
SULAWESI BARAT,MAJENE,TUBO SENDANA,ONANG UTARA,21,59,167,16,0,0,1,33,4,65,125
SULAWESI BARAT,MAJENE,TUBO SENDANA,TUBO,25,63,146,8,2,4,1,38,7,73,116
SULAWESI BARAT,MAJENE,TUBO SENDANA,TUBO POANG,23,35,78,4,0,15,1,16,1,49,69
SULAWESI BARAT,MAJENE,TUBO SENDANA,TUBO SELATAN,36,49,128,9,0,6,1,32,6,62,151
SULAWESI BARAT,MAJENE,TUBO SENDANA,TUBO TENGAH,31,37,142,6,0,5,2,29,8,63,116
SULAWESI BARAT,MAJENE,ULUMANDA,KABIRAAN,32,54,223,10,14,46,2,53,4,80,163
SULAWESI BARAT,MAJENE,ULUMANDA,PANGGALO,10,39,232,4,21,79,8,57,4,55,177
SULAWESI BARAT,MAJENE,ULUMANDA,POPENGA,8,45,149,4,0,107,0,30,8,64,128
SULAWESI BARAT,MAJENE,ULUMANDA,SALUTAMBUNG,46,47,217,8,0,156,6,52,4,89,173
SULAWESI BARAT,MAJENE,ULUMANDA,SAMBABO,22,49,140,7,1,30,5,42,3,62,118
SULAWESI BARAT,MAJENE,ULUMANDA,SULAI,29,75,169,14,0,1,4,27,10,73,165
SULAWESI BARAT,MAJENE,ULUMANDA,TANDEALLO,25,52,231,5,14,2,5,58,5,76,172
SULAWESI BARAT,MAJENE,ULUMANDA,ULUMANDA,45,87,258,12,3,138,7,63,4,92,228
SULAWESI BARAT,MAMASA,ARALLE,ARALLE,18,54,147,3,14,9,0,39,4,63,89
SULAWESI BARAT,MAMASA,ARALLE,ARALLE SELATAN,14,24,67,3,3,8,0,11,3,24,58
SULAWESI BARAT,MAMASA,ARALLE,ARALLE UTARA,17,28,117,2,2,18,1,33,2,33,104
SULAWESI BARAT,MAMASA,ARALLE,BARURU,14,32,118,3,0,3,3,20,2,31,61
SULAWESI BARAT,MAMASA,ARALLE,HAHANGAN,8,20,53,4,13,0,1,9,0,20,34
SULAWESI BARAT,MAMASA,ARALLE,KALABE,13,18,85,3,4,14,1,17,0,35,77
SULAWESI BARAT,MAMASA,ARALLE,PAMOSEANG PANGGA,17,16,67,3,13,0,3,15,2,31,45
SULAWESI BARAT,MAMASA,ARALLE,PANETEAN,10,33,95,1,2,0,1,23,0,32,89
SULAWESI BARAT,MAMASA,ARALLE,RALLE ANAK,9,18,59,6,4,10,1,9,1,27,46
SULAWESI BARAT,MAMASA,ARALLE,RALLEANAK UTARA,6,8,62,2,23,0,1,19,0,27,36
SULAWESI BARAT,MAMASA,ARALLE,UHAIDAHO,18,42,112,1,35,0,3,22,2,61,65
SULAWESI BARAT,MAMASA,ARALLE,UHAILANU,35,46,142,13,12,26,1,34,5,63,98
SULAWESI BARAT,MAMASA,BALLA,BALLA,24,41,209,2,0,0,1,38,1,45,204
SULAWESI BARAT,MAMASA,BALLA,BALLA BARAT,11,20,128,2,6,24,2,22,0,23,108
SULAWESI BARAT,MAMASA,BALLA,BALLA SATANETEAN,35,40,198,10,18,32,4,39,3,36,149
SULAWESI BARAT,MAMASA,BALLA,BALLA TIMUR,12,16,51,0,1,8,1,6,0,11,41
SULAWESI BARAT,MAMASA,BALLA,BALLA TUMUKA,13,18,123,4,0,74,4,24,1,18,106
SULAWESI BARAT,MAMASA,BALLA,BAMBAPUANG,9,13,89,2,0,3,3,9,0,12,75
SULAWESI BARAT,MAMASA,BALLA,PIDARA,11,18,76,3,3,2,0,8,0,8,69
SULAWESI BARAT,MAMASA,BALLA,SEPAKUAN,14,38,206,1,29,16,2,40,1,44,136
SULAWESI BARAT,MAMASA,BAMBANG,BALATANA,14,22,56,0,0,0,0,4,2,11,67
SULAWESI BARAT,MAMASA,BAMBANG,BAMBANG,35,46,168,6,0,14,3,29,3,49,166
SULAWESI BARAT,MAMASA,BAMBANG,BAMBANG TIMUR,14,28,112,3,0,13,0,18,0,16,113
SULAWESI BARAT,MAMASA,BAMBANG,LIMBADEBATA,16,39,113,1,1,22,2,19,1,19,109
SULAWESI BARAT,MAMASA,BAMBANG,MASOSO,6,14,60,2,0,0,0,12,1,10,65
SULAWESI BARAT,MAMASA,BAMBANG,MINANGA,36,61,197,5,1,30,0,17,1,41,154
SULAWESI BARAT,MAMASA,BAMBANG,MOKALLANG,8,15,52,4,0,0,0,5,0,22,55
SULAWESI BARAT,MAMASA,BAMBANG,RANTELEMO,15,15,64,3,0,7,1,11,0,10,74
SULAWESI BARAT,MAMASA,BAMBANG,RANTETARIMA,7,4,40,0,0,0,0,3,0,16,40
SULAWESI BARAT,MAMASA,BAMBANG,SALUASSING,32,39,156,6,0,1,0,24,3,59,130
SULAWESI BARAT,MAMASA,BAMBANG,SALUBULO,19,28,86,4,0,0,0,20,1,20,71
SULAWESI BARAT,MAMASA,BAMBANG,SALUDENGEN,16,16,58,1,6,10,0,15,0,17,43
SULAWESI BARAT,MAMASA,BAMBANG,SALUKADI,26,21,112,4,0,1,2,17,0,21,104
SULAWESI BARAT,MAMASA,BAMBANG,SALUKEPOPOK,19,48,151,4,0,3,3,28,0,38,127
SULAWESI BARAT,MAMASA,BAMBANG,SALURURU,9,10,41,3,0,0,0,3,0,10,41
SULAWESI BARAT,MAMASA,BAMBANG,SALUTABANG,10,7,43,2,0,7,0,7,1,14,42
SULAWESI BARAT,MAMASA,BAMBANG,SIKAMASE,10,22,66,11,3,13,1,10,5,19,58
SULAWESI BARAT,MAMASA,BAMBANG,TANETE TOMBA,7,26,79,1,0,0,2,7,1,5,72
SULAWESI BARAT,MAMASA,BAMBANG,ULUMAMBI,31,37,101,8,0,20,1,16,8,40,83
SULAWESI BARAT,MAMASA,BAMBANG,ULUMAMBI BARAT,21,24,82,1,1,7,0,11,0,20,65
SULAWESI BARAT,MAMASA,BUNTUMALANGKA,ARALLE TIMUR,33,48,122,12,123,47,4,12,1,36,4
SULAWESI BARAT,MAMASA,BUNTUMALANGKA,BUNTUMALANGKA,33,32,158,8,1,7,3,29,0,48,149
SULAWESI BARAT,MAMASA,BUNTUMALANGKA,KABAE,19,20,103,6,8,30,2,25,1,20,94
SULAWESI BARAT,MAMASA,BUNTUMALANGKA,KEBANGA,29,36,87,11,15,33,2,12,8,40,67
SULAWESI BARAT,MAMASA,BUNTUMALANGKA,PENATANGAN,56,66,161,18,8,68,6,32,13,79,143
SULAWESI BARAT,MAMASA,BUNTUMALANGKA,RANTEBERAN,39,55,153,6,3,75,0,29,1,66,144
SULAWESI BARAT,MAMASA,BUNTUMALANGKA,SALURINDU,10,30,73,7,2,5,0,13,2,31,69
SULAWESI BARAT,MAMASA,BUNTUMALANGKA,SALUTAMBUN,12,10,56,1,27,3,1,10,0,13,26
SULAWESI BARAT,MAMASA,BUNTUMALANGKA,SALUTAMBUN BARAT,13,21,90,1,34,8,0,13,3,21,54
SULAWESI BARAT,MAMASA,BUNTUMALANGKA,SALUTAMBUN TIMUR,17,16,74,3,4,3,1,12,1,14,71
SULAWESI BARAT,MAMASA,BUNTUMALANGKA,TAORA,15,16,70,2,0,0,0,10,0,19,66
SULAWESI BARAT,MAMASA,MAMASA,BOMBONG LAMBE,28,44,233,3,1,2,3,60,10,71,158
SULAWESI BARAT,MAMASA,MAMASA,BUBUN BATU,12,27,160,3,3,30,2,44,2,42,107
SULAWESI BARAT,MAMASA,MAMASA,BUNTU BUDA,63,82,404,12,0,0,6,94,6,117,341
SULAWESI BARAT,MAMASA,MAMASA,LAMBANAN,31,69,272,8,42,8,4,59,2,97,162
SULAWESI BARAT,MAMASA,MAMASA,LEMBANA SALULO,17,29,105,3,1,8,1,24,1,28,94
SULAWESI BARAT,MAMASA,MAMASA,MAMASA,47,107,432,7,1,73,1,121,5,153,607
SULAWESI BARAT,MAMASA,MAMASA,MAMBULILING,25,47,164,1,14,29,0,33,3,37,154
SULAWESI BARAT,MAMASA,MAMASA,OSANGO,64,149,577,13,20,143,1,164,3,192,497
SULAWESI BARAT,MAMASA,MAMASA,PEBASSIAN,9,33,84,7,0,3,1,21,0,11,78
SULAWESI BARAT,MAMASA,MAMASA,RAMBUSARATU,50,87,310,7,1,4,0,77,2,106,301
SULAWESI BARAT,MAMASA,MAMASA,TAUPE,42,87,313,4,28,1,6,75,3,89,113
SULAWESI BARAT,MAMASA,MAMASA,TONDOK BAKARU,46,93,353,12,5,0,3,78,3,98,331
SULAWESI BARAT,MAMASA,MAMBI,BUJUNG MANURUNG,11,10,73,4,0,4,0,5,1,21,39
SULAWESI BARAT,MAMASA,MAMBI,INDOBANUA,14,17,76,0,4,10,3,10,5,23,31
SULAWESI BARAT,MAMASA,MAMBI,MAMBI,42,47,217,3,2,0,2,50,5,84,151
SULAWESI BARAT,MAMASA,MAMBI,PAMOSEAN,10,20,82,1,33,8,6,9,1,33,32
SULAWESI BARAT,MAMASA,MAMBI,RANTEBULAHAN,23,28,100,5,35,36,2,20,5,31,48
SULAWESI BARAT,MAMASA,MAMBI,SALU ALO,23,36,145,5,47,20,2,18,1,50,76
SULAWESI BARAT,MAMASA,MAMBI,SALUBANUA,9,19,52,3,1,1,1,10,2,28,47
SULAWESI BARAT,MAMASA,MAMBI,SALUDURIAN,26,38,152,6,36,1,1,19,6,51,82
SULAWESI BARAT,MAMASA,MAMBI,SELUMAKA,13,45,170,3,5,4,0,38,4,75,155
SULAWESI BARAT,MAMASA,MAMBI,SENDANA,12,55,230,0,55,0,0,38,1,74,153
SULAWESI BARAT,MAMASA,MAMBI,SONDONGLAYU,22,31,88,0,32,1,0,15,4,36,43
SULAWESI BARAT,MAMASA,MAMBI,TALIPUKKI,48,72,208,9,61,11,2,38,4,84,119
SULAWESI BARAT,MAMASA,MAMBI,TAPALINA,19,39,143,5,55,14,1,26,8,43,80
SULAWESI BARAT,MAMASA,MEHALAAN,BOTTENG,21,27,85,1,6,6,0,9,2,28,62
SULAWESI BARAT,MAMASA,MEHALAAN,KONDO,11,15,47,0,22,1,0,13,0,22,23
SULAWESI BARAT,MAMASA,MEHALAAN,LEKO SUKAMAJU,4,6,38,0,21,1,0,7,1,18,16
SULAWESI BARAT,MAMASA,MEHALAAN,MEHALAAN,16,15,68,3,2,0,1,7,0,11,59
SULAWESI BARAT,MAMASA,MEHALAAN,MEHALAAN BARAT,22,24,113,4,15,1,0,23,0,22,93
SULAWESI BARAT,MAMASA,MEHALAAN,MESAKADA,27,18,89,3,2,7,2,15,0,26,75
SULAWESI BARAT,MAMASA,MEHALAAN,PASSEMBUK,5,21,53,0,9,0,1,13,0,14,33
SULAWESI BARAT,MAMASA,MEHALAAN,SALUAHOK,16,18,88,5,1,0,0,15,1,32,55
SULAWESI BARAT,MAMASA,MEHALAAN,SALUBALO,12,15,56,2,3,47,1,11,2,15,53
SULAWESI BARAT,MAMASA,MEHALAAN,SALUKONTA,11,15,72,4,1,5,1,13,0,24,67
SULAWESI BARAT,MAMASA,MEHALAAN,ULUMEA,3,16,33,1,0,13,0,7,0,8,34
SULAWESI BARAT,MAMASA,MESSAWA,MAKUANG,19,36,146,5,1,29,2,31,2,46,120
SULAWESI BARAT,MAMASA,MESSAWA,MALIMBONG,2,13,67,0,0,1,4,11,1,16,63
SULAWESI BARAT,MAMASA,MESSAWA,MATANDE,1,16,91,0,0,0,0,16,1,22,90
SULAWESI BARAT,MAMASA,MESSAWA,MESSAWA,0,8,65,2,0,6,0,20,0,19,52
SULAWESI BARAT,MAMASA,MESSAWA,PASMA MAMBU,0,6,71,3,0,2,0,16,0,25,61
SULAWESI BARAT,MAMASA,MESSAWA,RIPPUNG,0,35,187,0,0,3,1,43,1,66,185
SULAWESI BARAT,MAMASA,MESSAWA,SEPANG,0,13,90,0,1,4,1,23,0,26,88
SULAWESI BARAT,MAMASA,MESSAWA,SIPAI,15,33,130,0,0,10,1,21,5,68,89
SULAWESI BARAT,MAMASA,MESSAWA,TANETE BATU,4,8,68,0,0,0,0,18,2,14,62
SULAWESI BARAT,MAMASA,NOSU,BATUPAPAN,0,24,123,2,4,15,0,28,2,72,79
SULAWESI BARAT,MAMASA,NOSU,MASEWWE,3,22,116,6,1,98,0,32,2,57,70
SULAWESI BARAT,MAMASA,NOSU,MINANGA,7,12,42,2,0,1,0,4,1,20,30
SULAWESI BARAT,MAMASA,NOSU,MINANGA TIMUR,1,12,60,0,13,1,0,16,1,23,13
SULAWESI BARAT,MAMASA,NOSU,NOSU,10,29,120,4,9,1,0,29,3,54,150
SULAWESI BARAT,MAMASA,NOSU,PARINDING,2,14,45,0,4,9,0,10,2,15,29
SULAWESI BARAT,MAMASA,NOSU,SIWI,11,15,53,1,9,2,0,7,2,22,25
SULAWESI BARAT,MAMASA,PANA,DATUBARINGAN,6,15,126,1,74,50,0,31,1,63,48
SULAWESI BARAT,MAMASA,PANA,KARAKA,0,17,83,2,2,32,0,23,1,34,56
SULAWESI BARAT,MAMASA,PANA,MAMULLU,9,17,90,3,61,16,0,23,0,39,25
SULAWESI BARAT,MAMASA,PANA,MANIPI,20,41,176,3,32,75,4,54,2,95,112
SULAWESI BARAT,MAMASA,PANA,PANA,5,22,82,6,0,9,0,22,1,35,80
SULAWESI BARAT,MAMASA,PANA,PANURA,1,13,82,5,0,75,0,22,0,38,73
SULAWESI BARAT,MAMASA,PANA,SALOAN,19,44,117,1,6,102,2,31,1,51,108
SULAWESI BARAT,MAMASA,PANA,SALUTAMBUN,5,20,70,3,2,53,0,20,0,46,55
SULAWESI BARAT,MAMASA,PANA,SAPAN,10,13,74,1,2,47,1,21,2,36,62
SULAWESI BARAT,MAMASA,PANA,TALLANG BULAWAN,7,19,85,2,3,29,0,24,2,50,53
SULAWESI BARAT,MAMASA,PANA,ULUSALU,0,10,76,0,2,70,0,15,2,40,66
SULAWESI BARAT,MAMASA,PANA,ULUSALU INDAH,13,18,71,5,8,26,0,22,2,36,38
SULAWESI BARAT,MAMASA,PANA,WERI,9,18,69,1,0,51,0,14,2,34,65
SULAWESI BARAT,MAMASA,RANTEBULAHAN TIMUR,BAMBANG BUDA,21,41,166,3,12,22,0,33,4,25,138
SULAWESI BARAT,MAMASA,RANTEBULAHAN TIMUR,BUANGIN,6,35,147,3,13,45,0,27,0,49,105
SULAWESI BARAT,MAMASA,RANTEBULAHAN TIMUR,KIRAK,18,34,109,2,24,60,2,14,4,37,66
SULAWESI BARAT,MAMASA,RANTEBULAHAN TIMUR,LEKO,7,8,45,0,11,3,2,8,0,8,15
SULAWESI BARAT,MAMASA,RANTEBULAHAN TIMUR,SALUMOKANAN,25,40,141,4,30,34,7,29,4,45,92
SULAWESI BARAT,MAMASA,RANTEBULAHAN TIMUR,SALUMOKANAN BARAT,11,39,140,4,42,43,0,26,0,49,83
SULAWESI BARAT,MAMASA,RANTEBULAHAN TIMUR,SALUMOKANAN UTARA,23,25,146,0,16,4,2,22,0,51,103
SULAWESI BARAT,MAMASA,RANTEBULAHAN TIMUR,SAMPALE,2,10,63,2,26,19,0,11,0,13,21
SULAWESI BARAT,MAMASA,SESENAPADANG,LISUAN ADA,16,23,99,3,2,30,1,11,1,31,74
SULAWESI BARAT,MAMASA,SESENAPADANG,MALANGKENA PADANG,8,21,106,4,1,53,1,17,0,31,80
SULAWESI BARAT,MAMASA,SESENAPADANG,MALIMBONG,6,13,34,2,0,7,0,3,1,12,28
SULAWESI BARAT,MAMASA,SESENAPADANG,MARAMPAN OROBUA,7,22,54,2,0,0,0,8,0,21,24
SULAWESI BARAT,MAMASA,SESENAPADANG,OROBUA,38,67,273,7,8,76,2,55,1,103,226
SULAWESI BARAT,MAMASA,SESENAPADANG,OROBUA SELATAN,12,22,101,3,12,12,1,16,0,40,36
SULAWESI BARAT,MAMASA,SESENAPADANG,OROBUA TIMUR,14,11,65,0,0,15,0,12,0,24,37
SULAWESI BARAT,MAMASA,SESENAPADANG,PALADAN,26,33,112,4,12,11,1,20,3,25,71
SULAWESI BARAT,MAMASA,SESENAPADANG,RANTE PUANG,22,44,164,3,2,12,3,36,2,57,123
SULAWESI BARAT,MAMASA,SESENAPADANG,SATENETEAN,7,13,66,3,3,10,1,13,0,29,25
SULAWESI BARAT,MAMASA,SUMARORONG,BANEA,12,19,88,3,28,0,0,24,1,43,29
SULAWESI BARAT,MAMASA,SUMARORONG,BATANG  URU,11,23,123,3,0,1,0,31,0,53,106
SULAWESI BARAT,MAMASA,SUMARORONG,BATANGNGURU TIMUR,14,38,139,2,0,20,0,32,5,60,111
SULAWESI BARAT,MAMASA,SUMARORONG,RANTE KAMASE,19,54,207,3,2,18,0,53,0,77,184
SULAWESI BARAT,MAMASA,SUMARORONG,SALUBALO,26,48,157,4,12,1,1,29,2,53,113
SULAWESI BARAT,MAMASA,SUMARORONG,SASAKAN,28,62,209,10,2,3,1,52,7,82,100
SULAWESI BARAT,MAMASA,SUMARORONG,SIBANAWA,18,30,141,1,1,2,1,34,3,71,91
SULAWESI BARAT,MAMASA,SUMARORONG,SUMARORONG,14,40,224,10,1,0,0,74,3,71,195
SULAWESI BARAT,MAMASA,SUMARORONG,TABONE,21,39,137,2,7,1,2,26,3,56,111
SULAWESI BARAT,MAMASA,SUMARORONG,TADISI,15,22,65,3,0,1,0,11,3,11,49
SULAWESI BARAT,MAMASA,TABANG,BAKADISURA,15,56,168,3,18,5,2,29,7,55,79
SULAWESI BARAT,MAMASA,TABANG,KALAMA,0,12,95,0,32,6,0,11,1,54,40
SULAWESI BARAT,MAMASA,TABANG,MASUPU,0,12,92,3,31,0,1,19,0,32,51
SULAWESI BARAT,MAMASA,TABANG,SALUKONA,0,27,111,9,1,0,0,18,0,36,96
SULAWESI BARAT,MAMASA,TABANG,TABANG,1,26,159,0,45,0,0,46,0,53,91
SULAWESI BARAT,MAMASA,TABANG,TABANG BARAT,9,48,302,0,28,143,0,73,0,106,162
SULAWESI BARAT,MAMASA,TABANG,TADOKALUA,17,24,135,5,28,40,4,28,0,42,83
SULAWESI BARAT,MAMASA,TABULAHAN,BURANA,1,20,134,1,12,1,0,39,0,47,88
SULAWESI BARAT,MAMASA,TABULAHAN,GANDANG DEWATA,1,8,41,5,1,6,1,7,0,6,20
SULAWESI BARAT,MAMASA,TABULAHAN,LAKAHANG,13,72,330,5,78,10,1,72,3,95,127
SULAWESI BARAT,MAMASA,TABULAHAN,LAKAHANG UTAMA,3,16,108,7,2,7,0,28,0,33,83
SULAWESI BARAT,MAMASA,TABULAHAN,MALATIRO,2,44,187,3,6,33,1,47,1,80,169
SULAWESI BARAT,MAMASA,TABULAHAN,PANGANDARAN,7,28,178,2,72,7,1,40,4,21,84
SULAWESI BARAT,MAMASA,TABULAHAN,PERIANGAN,7,18,95,0,22,3,0,17,2,26,53
SULAWESI BARAT,MAMASA,TABULAHAN,PEU',0,10,51,0,5,0,0,10,0,21,47
SULAWESI BARAT,MAMASA,TABULAHAN,SALUBAKKA,15,34,115,5,1,21,0,20,2,17,106
SULAWESI BARAT,MAMASA,TABULAHAN,SALULEANG,1,9,53,2,6,2,1,12,0,18,26
SULAWESI BARAT,MAMASA,TABULAHAN,TABULAHAN,10,17,65,0,49,0,1,12,0,24,18
SULAWESI BARAT,MAMASA,TABULAHAN,TALOPAK,2,7,59,1,0,0,0,12,1,12,38
SULAWESI BARAT,MAMASA,TABULAHAN,TAMPAK KURRA,28,68,252,0,15,11,2,43,5,59,185
SULAWESI BARAT,MAMASA,TABULAHAN,TIMORO,6,6,44,2,5,40,1,8,1,15,36
SULAWESI BARAT,MAMASA,TANDUK KALUA,BALLABATU,23,41,203,3,28,60,1,33,2,48,117
SULAWESI BARAT,MAMASA,TANDUK KALUA,KANAN,24,35,154,5,12,54,1,42,1,49,112
SULAWESI BARAT,MAMASA,TANDUK KALUA,MALABO,6,12,65,2,0,7,0,14,2,22,43
SULAWESI BARAT,MAMASA,TANDUK KALUA,MANNABABA,9,20,96,5,14,19,0,23,0,28,45
SULAWESI BARAT,MAMASA,TANDUK KALUA,MESAKADA,11,34,140,2,19,30,0,24,0,49,120
SULAWESI BARAT,MAMASA,TANDUK KALUA,MINAKE,10,21,141,1,24,12,2,44,1,45,85
SULAWESI BARAT,MAMASA,TANDUK KALUA,PAMBE,9,24,104,2,5,9,1,27,1,29,75
SULAWESI BARAT,MAMASA,TANDUK KALUA,PARONDOBULAWAN,14,29,139,5,0,21,0,31,1,49,70
SULAWESI BARAT,MAMASA,TANDUK KALUA,SALURANO,8,14,97,2,44,3,0,21,0,26,45
SULAWESI BARAT,MAMASA,TANDUK KALUA,SINDAGAMANIK,5,38,183,7,1,52,0,48,0,44,123
SULAWESI BARAT,MAMASA,TANDUK KALUA,TALIMBUNG,14,24,115,1,0,39,0,27,1,28,58
SULAWESI BARAT,MAMASA,TANDUK KALUA,TAMALANTIK,21,61,208,2,109,29,4,42,3,58,75
SULAWESI BARAT,MAMASA,TAWALIAN,KARIANGO,1,26,287,0,3,1,0,51,1,78,180
SULAWESI BARAT,MAMASA,TAWALIAN,RANTETANGNGA,33,76,209,4,21,56,2,39,2,70,180
SULAWESI BARAT,MAMASA,TAWALIAN,TAWALIAN,24,61,361,0,58,11,2,109,5,126,223
SULAWESI BARAT,MAMASA,TAWALIAN,TAWALIAN TIMUR,15,60,239,2,26,17,2,50,4,84,70
SULAWESI BARAT,MAMUJU,BONEHAU,BANUADA,16,37,141,7,2,0,0,27,2,47,125
SULAWESI BARAT,MAMUJU,BONEHAU,BONEHAU,61,96,323,7,24,0,4,74,8,47,199
SULAWESI BARAT,MAMUJU,BONEHAU,BUTTUADA,17,51,233,5,127,0,1,51,1,74,98
SULAWESI BARAT,MAMUJU,BONEHAU,HINUA,12,23,121,4,18,2,1,25,2,26,81
SULAWESI BARAT,MAMUJU,BONEHAU,KINATANG,15,21,128,7,45,7,4,21,0,34,53
SULAWESI BARAT,MAMUJU,BONEHAU,LUMIKA,7,37,176,2,30,1,2,37,3,56,120
SULAWESI BARAT,MAMUJU,BONEHAU,MAPPU,15,19,102,2,38,6,0,18,2,36,42
SULAWESI BARAT,MAMUJU,BONEHAU,SALUTIWO,30,31,142,5,25,4,2,38,2,47,74
SULAWESI BARAT,MAMUJU,BONEHAU,TAMALEA,9,29,69,3,23,17,1,9,2,30,40
SULAWESI BARAT,MAMUJU,KALUKKU,BEBANGA,163,423,1170,22,182,6,22,260,28,517,882
SULAWESI BARAT,MAMUJU,KALUKKU,BELANG BELANG,102,186,592,26,12,3,12,137,5,236,582
SULAWESI BARAT,MAMUJU,KALUKKU,BERU-BERU,127,296,910,29,21,37,4,203,21,311,744
SULAWESI BARAT,MAMUJU,KALUKKU,GULILING,49,80,254,8,3,4,5,51,6,108,226
SULAWESI BARAT,MAMUJU,KALUKKU,KABULOANG,108,210,588,21,5,60,5,149,21,241,618
SULAWESI BARAT,MAMUJU,KALUKKU,KALUKKU,102,214,756,26,14,18,7,185,7,276,792
SULAWESI BARAT,MAMUJU,KALUKKU,KALUKKU BARAT,72,159,677,7,48,18,2,171,4,218,594
SULAWESI BARAT,MAMUJU,KALUKKU,KEANG,8,99,520,2,38,23,5,107,7,180,312
SULAWESI BARAT,MAMUJU,KALUKKU,PAMMULUKANG,47,86,293,2,20,58,8,57,9,139,222
SULAWESI BARAT,MAMUJU,KALUKKU,POKKANG,40,110,350,10,20,8,2,70,3,147,271
SULAWESI BARAT,MAMUJU,KALUKKU,SINYONYOI,115,246,848,16,95,34,1,184,12,353,453
SULAWESI BARAT,MAMUJU,KALUKKU,SINYONYOI SELATAN,49,162,621,18,33,66,4,157,6,250,443
SULAWESI BARAT,MAMUJU,KALUKKU,SONDOANG,48,110,420,16,17,0,7,99,3,179,272
SULAWESI BARAT,MAMUJU,KALUKKU,UHAIMATE,24,44,151,0,44,2,4,27,8,62,77
SULAWESI BARAT,MAMUJU,KALUMPANG,BATU MAKKADA,2,26,137,4,59,0,0,32,0,56,3
SULAWESI BARAT,MAMUJU,KALUMPANG,KALUMPANG,18,33,74,2,0,0,1,16,2,26,64
SULAWESI BARAT,MAMUJU,KALUMPANG,KARAMA,17,44,171,5,47,0,3,29,2,67,66
SULAWESI BARAT,MAMUJU,KALUMPANG,KARATAUN,11,54,313,1,256,3,1,71,2,108,43
SULAWESI BARAT,MAMUJU,KALUMPANG,KONDO BULO,11,51,136,2,117,51,0,32,0,49,22
SULAWESI BARAT,MAMUJU,KALUMPANG,LASA',5,24,190,4,42,20,0,30,0,34,113
SULAWESI BARAT,MAMUJU,KALUMPANG,LIMBONG,1,21,114,4,8,1,2,31,0,55,51
SULAWESI BARAT,MAMUJU,KALUMPANG,MAKKALIKI,3,34,95,1,74,1,2,16,1,43,8
SULAWESI BARAT,MAMUJU,KALUMPANG,POLIO,9,27,115,5,30,3,1,25,0,38,7
SULAWESI BARAT,MAMUJU,KALUMPANG,SALUMAKKI,11,23,132,1,128,0,6,31,0,46,3
SULAWESI BARAT,MAMUJU,KALUMPANG,SANDAPANG,3,22,111,3,5,9,0,23,0,51,21
SULAWESI BARAT,MAMUJU,KALUMPANG,SIRAUN,5,12,118,1,55,0,2,17,0,26,66
SULAWESI BARAT,MAMUJU,KALUMPANG,TUMOGA,20,27,126,3,42,1,0,43,0,52,43
SULAWESI BARAT,MAMUJU,KEP. BALA BALAKANG,BALA BALAKANG,27,65,281,2,244,97,2,82,6,127,32
SULAWESI BARAT,MAMUJU,KEP. BALA BALAKANG,BALA-BALAKANG TIMUR,19,35,135,4,124,12,3,23,1,54,18
SULAWESI BARAT,MAMUJU,MAMUJU,BAMBU,86,230,580,19,12,29,9,133,20,247,426
SULAWESI BARAT,MAMUJU,MAMUJU,BATU PANNU,22,97,239,1,43,1,5,52,2,83,123
SULAWESI BARAT,MAMUJU,MAMUJU,BINANGA,174,514,2043,13,10,299,22,491,36,648,1589
SULAWESI BARAT,MAMUJU,MAMUJU,KARAMPUANG,65,166,522,14,1,18,5,132,3,177,457
SULAWESI BARAT,MAMUJU,MAMUJU,KAREMA,134,310,1611,58,32,52,23,411,23,524,1132
SULAWESI BARAT,MAMUJU,MAMUJU,MAMUNYU,89,302,967,20,134,16,8,244,11,368,497
SULAWESI BARAT,MAMUJU,MAMUJU,RIMUKU,98,308,1275,18,6,3,11,357,16,468,889
SULAWESI BARAT,MAMUJU,MAMUJU,TADUI,125,219,587,34,25,21,22,117,11,231,543
SULAWESI BARAT,MAMUJU,PAPALANG,BATU AMPA,34,60,219,13,2,0,1,48,4,105,168
SULAWESI BARAT,MAMUJU,PAPALANG,BODA-BODA,37,74,257,8,24,46,2,54,4,77,201
SULAWESI BARAT,MAMUJU,PAPALANG,BONDA,37,136,447,21,3,0,0,98,13,191,287
SULAWESI BARAT,MAMUJU,PAPALANG,PAPALANG,112,238,797,15,18,460,9,188,11,328,541
SULAWESI BARAT,MAMUJU,PAPALANG,SALUKAYU,61,107,338,13,25,18,1,74,6,123,256
SULAWESI BARAT,MAMUJU,PAPALANG,SISANGO,24,30,146,7,23,4,2,33,0,34,108
SULAWESI BARAT,MAMUJU,PAPALANG,SUKADAMAI,16,35,140,7,5,9,3,36,1,35,116
SULAWESI BARAT,MAMUJU,PAPALANG,TOABO,151,200,835,22,15,38,19,190,6,151,740
SULAWESI BARAT,MAMUJU,PAPALANG,TOPORE,29,55,470,3,35,1,1,122,3,175,309
SULAWESI BARAT,MAMUJU,SAMPAGA,BUNDE,117,189,791,37,4,11,14,184,7,166,720
SULAWESI BARAT,MAMUJU,SAMPAGA,KALONDING,81,127,554,21,131,9,14,130,2,84,393
SULAWESI BARAT,MAMUJU,SAMPAGA,LOSSO,26,50,175,4,1,1,2,35,4,52,171
SULAWESI BARAT,MAMUJU,SAMPAGA,SALUBARANA,17,38,119,2,5,2,2,22,2,34,131
SULAWESI BARAT,MAMUJU,SAMPAGA,SAMPAGA,52,81,252,14,30,13,7,46,5,87,178
SULAWESI BARAT,MAMUJU,SAMPAGA,TANAMBUAH,13,23,103,3,0,7,0,19,2,20,150
SULAWESI BARAT,MAMUJU,SAMPAGA,TARAILU,71,136,552,12,4,0,6,135,6,145,452
SULAWESI BARAT,MAMUJU,SIMBORO,BOTTENG,54,119,341,12,10,8,5,76,6,118,278
SULAWESI BARAT,MAMUJU,SIMBORO,BOTTENG UTARA,94,167,469,34,115,178,35,91,11,139,309
SULAWESI BARAT,MAMUJU,SIMBORO,PATI'DI,22,55,314,6,80,13,7,61,6,105,148
SULAWESI BARAT,MAMUJU,SIMBORO,RANGAS,143,278,901,30,23,12,29,195,13,301,684
SULAWESI BARAT,MAMUJU,SIMBORO,SALETTO,101,209,532,34,78,76,11,101,18,207,360
SULAWESI BARAT,MAMUJU,SIMBORO,SIMBORO,295,970,3044,35,3,75,7,876,54,941,2238
SULAWESI BARAT,MAMUJU,SIMBORO,SUMARE,41,107,414,11,12,84,6,72,3,145,264
SULAWESI BARAT,MAMUJU,SIMBORO,TAPANDULLU,31,35,127,2,0,0,4,28,4,46,79
SULAWESI BARAT,MAMUJU,TAPALANG,BELA,13,42,84,3,4,0,2,17,5,47,38
SULAWESI BARAT,MAMUJU,TAPALANG,DAYANGINNA,56,94,281,16,7,0,5,59,4,98,171
SULAWESI BARAT,MAMUJU,TAPALANG,GALUNG,91,153,464,25,77,17,9,108,13,202,273
SULAWESI BARAT,MAMUJU,TAPALANG,KASAMBANG,87,127,420,8,60,12,8,102,10,182,257
SULAWESI BARAT,MAMUJU,TAPALANG,KOPEANG,8,22,100,0,0,11,5,21,2,48,47
SULAWESI BARAT,MAMUJU,TAPALANG,OROBATU,35,63,176,7,56,0,2,50,4,75,90
SULAWESI BARAT,MAMUJU,TAPALANG,RANTEDODA,46,57,170,6,63,33,12,45,11,88,39
SULAWESI BARAT,MAMUJU,TAPALANG,TAAN,88,173,482,23,38,52,13,123,14,260,216
SULAWESI BARAT,MAMUJU,TAPALANG,TAKANDEANG,85,145,392,9,16,48,10,75,22,165,212
SULAWESI BARAT,MAMUJU,TAPALANG,TAMPALANG,62,120,374,13,76,15,11,78,13,170,174
SULAWESI BARAT,MAMUJU,TAPALANG BARAT,AHU,81,99,257,14,7,73,13,56,10,124,178
SULAWESI BARAT,MAMUJU,TAPALANG BARAT,DUNGKAIT,72,132,365,14,20,2,11,80,8,160,288
SULAWESI BARAT,MAMUJU,TAPALANG BARAT,LABUANG RANO,96,199,513,19,19,8,12,99,17,255,226
SULAWESI BARAT,MAMUJU,TAPALANG BARAT,LEBANI,70,101,243,6,64,1,2,44,21,126,140
SULAWESI BARAT,MAMUJU,TAPALANG BARAT,PANGASAAN,18,21,153,4,4,13,4,38,2,70,36
SULAWESI BARAT,MAMUJU,TAPALANG BARAT,PASABU,79,115,294,21,25,16,4,64,4,144,213
SULAWESI BARAT,MAMUJU,TAPALANG BARAT,TANETE PAO,13,16,66,3,9,29,0,19,4,26,29
SULAWESI BARAT,MAMUJU,TOMMO,BUANA SAKTI,50,74,295,13,60,0,9,59,2,58,205
SULAWESI BARAT,MAMUJU,TOMMO,CAMPALOGA,58,101,446,16,131,3,17,102,14,148,212
SULAWESI BARAT,MAMUJU,TOMMO,KAKULLASANG,41,103,550,11,243,28,2,130,7,204,237
SULAWESI BARAT,MAMUJU,TOMMO,KALEPU,25,37,118,5,1,1,5,23,5,25,94
SULAWESI BARAT,MAMUJU,TOMMO,LELING,33,56,189,12,1,0,5,34,4,38,155
SULAWESI BARAT,MAMUJU,TOMMO,LELING BARAT,37,71,256,5,19,1,5,46,8,89,188
SULAWESI BARAT,MAMUJU,TOMMO,LELING UTARA,62,97,316,9,85,1,2,78,4,102,132
SULAWESI BARAT,MAMUJU,TOMMO,MALINO,22,32,116,7,13,3,6,23,5,33,69
SULAWESI BARAT,MAMUJU,TOMMO,RANTEMARIO,32,67,218,9,1,2,2,39,0,61,213
SULAWESI BARAT,MAMUJU,TOMMO,SALUDENGEN,42,51,194,6,58,24,3,37,4,76,90
SULAWESI BARAT,MAMUJU,TOMMO,SANDANA,39,51,203,6,56,10,2,49,7,65,111
SULAWESI BARAT,MAMUJU,TOMMO,TAMEJARRA,50,56,293,10,10,8,4,76,8,112,198
SULAWESI BARAT,MAMUJU,TOMMO,TAMEMONGGA,4,53,294,3,83,1,1,62,2,85,184
SULAWESI BARAT,MAMUJU,TOMMO,TOMMO,29,76,368,5,5,1,5,78,5,88,305
SULAWESI BARAT,MAMUJU TENGAH,BUDONG-BUDONG,BABANA,146,363,1288,20,104,26,15,288,18,442,855
SULAWESI BARAT,MAMUJU TENGAH,BUDONG-BUDONG,BARAKKANG,28,68,288,12,34,2,4,56,1,115,194
SULAWESI BARAT,MAMUJU TENGAH,BUDONG-BUDONG,BOJO,53,78,341,8,43,44,4,69,3,107,254
SULAWESI BARAT,MAMUJU TENGAH,BUDONG-BUDONG,KIRE,40,81,342,9,52,3,3,85,7,125,270
SULAWESI BARAT,MAMUJU TENGAH,BUDONG-BUDONG,LEMBAH HADA,6,18,110,4,41,18,1,29,2,29,53
SULAWESI BARAT,MAMUJU TENGAH,BUDONG-BUDONG,LUMU,86,141,414,24,15,23,16,87,9,159,344
SULAWESI BARAT,MAMUJU TENGAH,BUDONG-BUDONG,PASAPA,30,63,256,1,60,10,4,48,2,95,155
SULAWESI BARAT,MAMUJU TENGAH,BUDONG-BUDONG,PONTANAKAYANG,78,161,618,34,546,4,16,129,4,132,65
SULAWESI BARAT,MAMUJU TENGAH,BUDONG-BUDONG,SALOGATTA,104,213,648,29,31,0,11,146,2,129,534
SULAWESI BARAT,MAMUJU TENGAH,BUDONG-BUDONG,SALUMANURUNG,29,82,298,8,28,32,3,68,7,81,230
SULAWESI BARAT,MAMUJU TENGAH,BUDONG-BUDONG,TINALI,47,96,315,12,42,6,9,82,2,76,250
SULAWESI BARAT,MAMUJU TENGAH,KAROSSA,BENGGAULU,86,114,401,18,69,7,16,75,8,111,263
SULAWESI BARAT,MAMUJU TENGAH,KAROSSA,KADAILA,61,88,304,9,0,9,3,54,5,80,258
SULAWESI BARAT,MAMUJU TENGAH,KAROSSA,KAMBUNONG,94,149,415,31,14,21,5,78,10,183,282
SULAWESI BARAT,MAMUJU TENGAH,KAROSSA,KAROSSA,104,241,978,17,4,2,5,278,9,383,1069
SULAWESI BARAT,MAMUJU TENGAH,KAROSSA,KAYU CALLA,31,25,123,3,0,2,11,17,0,19,108
SULAWESI BARAT,MAMUJU TENGAH,KAROSSA,LARA,20,55,257,8,0,5,1,52,5,112,237
SULAWESI BARAT,MAMUJU TENGAH,KAROSSA,LEMBAH HOPO,58,89,214,13,15,3,9,46,4,91,149
SULAWESI BARAT,MAMUJU TENGAH,KAROSSA,SALUBIRO,38,78,223,16,0,7,8,42,8,85,191
SULAWESI BARAT,MAMUJU TENGAH,KAROSSA,SANJANGO,13,45,173,4,9,0,0,33,4,53,133
SULAWESI BARAT,MAMUJU TENGAH,KAROSSA,SUKA MAJU,62,86,247,11,0,0,7,54,10,87,186
SULAWESI BARAT,MAMUJU TENGAH,KAROSSA,TASOKKO,141,257,742,24,49,8,15,173,29,350,523
SULAWESI BARAT,MAMUJU TENGAH,PANGALE,KOMBILING,55,97,281,9,0,1,5,58,6,105,205
SULAWESI BARAT,MAMUJU TENGAH,PANGALE,KUO,80,117,471,19,3,1,3,111,2,101,408
SULAWESI BARAT,MAMUJU TENGAH,PANGALE,LAMBA-LAMBA,27,72,184,12,0,0,3,33,4,57,169
SULAWESI BARAT,MAMUJU TENGAH,PANGALE,LEMO-LEMO,34,45,146,11,0,1,4,33,4,32,139
SULAWESI BARAT,MAMUJU TENGAH,PANGALE,PANGALE,39,83,264,5,32,0,5,55,6,102,194
SULAWESI BARAT,MAMUJU TENGAH,PANGALE,POLO CAMBA,22,61,178,5,1,6,3,31,3,37,139
SULAWESI BARAT,MAMUJU TENGAH,PANGALE,POLO LERENG,49,100,310,11,9,18,4,66,3,80,251
SULAWESI BARAT,MAMUJU TENGAH,PANGALE,POLO PANGALE,39,90,311,4,1,0,1,64,4,68,440
SULAWESI BARAT,MAMUJU TENGAH,PANGALE,SARTANAMAJU,32,50,119,4,4,1,1,20,2,28,87
SULAWESI BARAT,MAMUJU TENGAH,TOBADAK,BAMBADARU,45,68,258,7,38,16,5,60,2,73,214
SULAWESI BARAT,MAMUJU TENGAH,TOBADAK,BATU PARIGI,138,281,1126,22,383,44,14,236,10,335,626
SULAWESI BARAT,MAMUJU TENGAH,TOBADAK,MAHAHE,93,133,569,15,12,1,8,131,6,144,487
SULAWESI BARAT,MAMUJU TENGAH,TOBADAK,PALONGAAN,79,116,446,14,104,27,4,105,3,104,265
SULAWESI BARAT,MAMUJU TENGAH,TOBADAK,SALOADAK,54,86,404,8,63,16,7,84,2,100,291
SULAWESI BARAT,MAMUJU TENGAH,TOBADAK,SALOBAJA,82,136,452,18,24,26,10,78,4,99,406
SULAWESI BARAT,MAMUJU TENGAH,TOBADAK,SEJATI,40,53,158,7,8,34,5,29,2,63,134
SULAWESI BARAT,MAMUJU TENGAH,TOBADAK,TOBADAK,186,442,1630,60,124,150,15,354,20,465,1201
SULAWESI BARAT,MAMUJU TENGAH,TOPOYO,BAMBAMANURUNG,25,37,171,4,0,0,2,40,0,36,168
SULAWESI BARAT,MAMUJU TENGAH,TOPOYO,BUDONG-BUDONG,77,115,408,24,36,10,6,100,6,148,321
SULAWESI BARAT,MAMUJU TENGAH,TOPOYO,KABUBU,65,80,325,19,3,1,1,74,5,86,303
SULAWESI BARAT,MAMUJU TENGAH,TOPOYO,PANGALLOANG,69,122,317,14,6,43,13,78,10,110,247
SULAWESI BARAT,MAMUJU TENGAH,TOPOYO,PARAILI,48,92,278,15,2,0,0,58,5,71,245
SULAWESI BARAT,MAMUJU TENGAH,TOPOYO,SALULEKBO,38,114,620,6,175,10,7,138,7,183,245
SULAWESI BARAT,MAMUJU TENGAH,TOPOYO,SALUPANGKANG,70,90,346,13,39,0,3,72,1,51,299
SULAWESI BARAT,MAMUJU TENGAH,TOPOYO,SALUPANGKANG IV,21,30,87,1,1,15,2,20,0,22,73
SULAWESI BARAT,MAMUJU TENGAH,TOPOYO,SINABATTA,34,58,190,5,24,20,4,36,6,68,139
SULAWESI BARAT,MAMUJU TENGAH,TOPOYO,TABOLANG,162,229,702,30,0,6,16,139,16,208,747
SULAWESI BARAT,MAMUJU TENGAH,TOPOYO,TANGKOU,25,44,153,8,0,0,1,36,0,34,180
SULAWESI BARAT,MAMUJU TENGAH,TOPOYO,TAPPILINA,20,54,157,5,0,0,1,27,1,25,194
SULAWESI BARAT,MAMUJU TENGAH,TOPOYO,TOPOYO,133,388,1692,23,7,40,9,438,18,440,1290
SULAWESI BARAT,MAMUJU TENGAH,TOPOYO,TUMBU,48,148,474,9,12,143,7,102,8,184,377
SULAWESI BARAT,MAMUJU TENGAH,TOPOYO,WAEPUTEH,55,96,377,14,2,0,1,100,3,66,342
SULAWESI BARAT,PASANGKAYU,BAMBAIRA,BAMBAIRA,87,156,503,22,117,41,20,117,11,181,349
SULAWESI BARAT,PASANGKAYU,BAMBAIRA,KALUKU NANGKA,104,153,493,35,94,36,14,106,11,200,287
SULAWESI BARAT,PASANGKAYU,BAMBAIRA,KASOLOANG,71,97,343,7,51,3,7,87,8,137,238
SULAWESI BARAT,PASANGKAYU,BAMBAIRA,TAMPAURE,53,103,361,14,163,11,25,75,7,126,157
SULAWESI BARAT,PASANGKAYU,BAMBALAMOTU,BAMBALAMOTU,124,216,736,23,75,58,18,162,15,294,444
SULAWESI BARAT,PASANGKAYU,BAMBALAMOTU,KALOLA,128,180,646,27,265,14,16,137,12,254,329
SULAWESI BARAT,PASANGKAYU,BAMBALAMOTU,PANGIANG,60,110,375,15,106,3,12,81,6,137,279
SULAWESI BARAT,PASANGKAYU,BAMBALAMOTU,POLEWALI,79,179,586,26,89,24,9,146,13,203,485
SULAWESI BARAT,PASANGKAYU,BAMBALAMOTU,RANDOMAYANG,127,223,694,24,50,58,10,194,11,299,442
SULAWESI BARAT,PASANGKAYU,BAMBALAMOTU,WULAI,19,69,406,17,225,52,13,88,9,112,142
SULAWESI BARAT,PASANGKAYU,BARAS,BALANTI,69,123,531,19,6,1,5,107,5,142,485
SULAWESI BARAT,PASANGKAYU,BARAS,BARAS,53,95,368,18,0,1,5,89,8,135,256
SULAWESI BARAT,PASANGKAYU,BARAS,BULU PARIGI,25,61,319,3,17,1,1,68,6,118,229
SULAWESI BARAT,PASANGKAYU,BARAS,KASANO,72,153,606,18,4,14,13,134,5,186,594
SULAWESI BARAT,PASANGKAYU,BARAS,MOTU,104,225,973,16,42,111,5,250,14,294,702
SULAWESI BARAT,PASANGKAYU,BARAS,TOWONI,37,52,215,11,3,14,3,50,3,68,153
SULAWESI BARAT,PASANGKAYU,BULU TABA,BUKIT HARAPAN,26,59,217,11,25,5,4,56,5,84,141
SULAWESI BARAT,PASANGKAYU,BULU TABA,KARAVE,77,127,434,19,9,4,5,113,6,134,358
SULAWESI BARAT,PASANGKAYU,BULU TABA,KASTABUANA,50,77,274,10,0,3,8,66,3,85,242
SULAWESI BARAT,PASANGKAYU,BULU TABA,LELEJAE,49,61,249,7,0,0,3,62,2,82,222
SULAWESI BARAT,PASANGKAYU,BULU TABA,LILIMORI,90,160,529,17,5,0,10,125,9,176,413
SULAWESI BARAT,PASANGKAYU,BULU TABA,OMPI,17,39,135,2,16,0,3,26,2,46,28
SULAWESI BARAT,PASANGKAYU,BULU TABA,SUMBER SARI,7,17,42,2,0,2,0,7,0,11,43
SULAWESI BARAT,PASANGKAYU,DAPURANG,BENGGAULU,16,128,519,13,56,23,1,133,6,212,299
SULAWESI BARAT,PASANGKAYU,DAPURANG,BULU BONGGU,37,78,400,12,10,1,7,97,3,175,227
SULAWESI BARAT,PASANGKAYU,DAPURANG,DAPURANG,90,226,726,18,5,4,6,190,19,263,552
SULAWESI BARAT,PASANGKAYU,DAPURANG,SARASA,26,85,335,9,1,0,10,81,3,137,205
SULAWESI BARAT,PASANGKAYU,DAPURANG,TIRTABUANA,38,57,216,4,1,0,4,56,2,57,189
SULAWESI BARAT,PASANGKAYU,DURIPOKU,SAPTANAJAYA,41,88,322,3,140,3,5,64,2,84,165
SULAWESI BARAT,PASANGKAYU,DURIPOKU,SIPAKAINGA,11,33,145,10,10,2,2,29,1,44,113
SULAWESI BARAT,PASANGKAYU,DURIPOKU,TAMMARUNANG,77,128,416,16,22,13,1,106,6,161,484
SULAWESI BARAT,PASANGKAYU,DURIPOKU,TARANGGI,30,33,147,5,0,0,3,35,1,59,138
SULAWESI BARAT,PASANGKAYU,LARIANG,BAJAWALI,38,41,159,2,0,0,5,28,1,38,161
SULAWESI BARAT,PASANGKAYU,LARIANG,BAMBAKORO,45,61,219,9,2,15,4,45,3,81,192
SULAWESI BARAT,PASANGKAYU,LARIANG,BATU MATORU,29,50,167,4,0,0,3,27,5,55,139
SULAWESI BARAT,PASANGKAYU,LARIANG,KENANGAN,9,25,84,4,0,1,0,19,0,30,73
SULAWESI BARAT,PASANGKAYU,LARIANG,KULU,25,42,133,4,0,0,2,38,5,60,129
SULAWESI BARAT,PASANGKAYU,LARIANG,PARABU,38,68,197,6,0,0,4,39,3,58,171
SULAWESI BARAT,PASANGKAYU,LARIANG,SINGGANI,29,71,255,5,17,0,3,68,3,84,309
SULAWESI BARAT,PASANGKAYU,PASANGKAYU,AKO,60,139,581,14,19,45,12,147,6,185,367
SULAWESI BARAT,PASANGKAYU,PASANGKAYU,GUNUNG SARI,18,122,675,2,75,1,10,166,2,172,477
SULAWESI BARAT,PASANGKAYU,PASANGKAYU,KARYA BERSAMA,103,172,478,30,1,5,15,95,4,170,344
SULAWESI BARAT,PASANGKAYU,PASANGKAYU,MARTAJAYA,44,72,287,10,0,7,1,61,1,58,383
SULAWESI BARAT,PASANGKAYU,PASANGKAYU,PAKAVA,57,117,553,13,83,9,11,126,3,152,423
SULAWESI BARAT,PASANGKAYU,PASANGKAYU,PASANGKAYU,124,671,2695,73,0,8,11,750,26,924,2079
SULAWESI BARAT,PASANGKAYU,PEDONGGA,BATU OGE,42,52,237,9,17,29,4,47,1,65,164
SULAWESI BARAT,PASANGKAYU,PEDONGGA,MALEI,53,86,332,16,2,1,5,77,4,77,271
SULAWESI BARAT,PASANGKAYU,PEDONGGA,MARTASARI,61,168,699,7,34,16,12,143,5,153,554
SULAWESI BARAT,PASANGKAYU,PEDONGGA,PEDANDA,30,62,239,2,0,0,4,48,2,28,220
SULAWESI BARAT,PASANGKAYU,SARJO,LETAWA,62,130,331,16,26,11,7,80,13,133,299
SULAWESI BARAT,PASANGKAYU,SARJO,MAPONU,34,53,229,5,26,8,1,47,6,66,177
SULAWESI BARAT,PASANGKAYU,SARJO,SARJO,65,149,479,24,8,2,6,119,9,190,328
SULAWESI BARAT,PASANGKAYU,SARJO,SARUDE,36,82,360,8,82,6,0,91,4,138,215
SULAWESI BARAT,PASANGKAYU,SARUDU,BULU MARIO,123,215,707,39,45,1,7,150,16,231,656
SULAWESI BARAT,PASANGKAYU,SARUDU,DODA,65,124,454,10,1,1,15,111,7,167,367
SULAWESI BARAT,PASANGKAYU,SARUDU,KUMASARI,52,102,393,9,0,0,4,113,1,107,354
SULAWESI BARAT,PASANGKAYU,SARUDU,PATIKA,14,37,109,3,1,0,1,29,0,61,129
SULAWESI BARAT,PASANGKAYU,SARUDU,SARUDU,87,286,1011,36,52,5,7,253,19,375,717
SULAWESI BARAT,PASANGKAYU,TIKKE RAYA,JENGENG RAYA,63,107,401,15,1,4,10,86,2,123,323
SULAWESI BARAT,PASANGKAYU,TIKKE RAYA,LARIANG,107,198,666,21,5,22,10,147,14,201,588
SULAWESI BARAT,PASANGKAYU,TIKKE RAYA,MAKMUR JAYA,107,222,825,19,12,21,12,196,11,236,840
SULAWESI BARAT,PASANGKAYU,TIKKE RAYA,PAJALELE,57,117,542,11,3,6,7,132,10,160,493
SULAWESI BARAT,PASANGKAYU,TIKKE RAYA,TIKKE,91,144,558,19,23,48,13,126,10,161,534
SULAWESI BARAT,POLEWALI MANDAR,ALLU,ALU,30,76,238,10,25,5,2,51,6,101,198
SULAWESI BARAT,POLEWALI MANDAR,ALLU,KALUMAMMANG,27,55,193,14,11,1,7,34,8,89,155
SULAWESI BARAT,POLEWALI MANDAR,ALLU,MOMBI,66,92,285,9,24,5,7,58,8,113,210
SULAWESI BARAT,POLEWALI MANDAR,ALLU,PAO-PAO,49,117,385,18,6,0,12,88,15,136,295
SULAWESI BARAT,POLEWALI MANDAR,ALLU,PETOOSANG,51,65,226,10,128,0,7,47,8,91,78
SULAWESI BARAT,POLEWALI MANDAR,ALLU,PUPPU URING,64,133,333,21,17,0,17,55,10,169,260
SULAWESI BARAT,POLEWALI MANDAR,ALLU,SARAGIAN,45,89,237,7,18,3,5,58,5,102,166
SULAWESI BARAT,POLEWALI MANDAR,ALLU,SAYOANG,24,24,96,4,0,4,5,21,2,41,74
SULAWESI BARAT,POLEWALI MANDAR,ANREAPI,ANREAPI,45,72,216,14,1,0,1,46,1,65,199
SULAWESI BARAT,POLEWALI MANDAR,ANREAPI,DUAMPANUA,92,166,535,25,3,0,7,114,6,169,499
SULAWESI BARAT,POLEWALI MANDAR,ANREAPI,KELAPA DUA,53,87,375,12,10,0,5,93,4,107,317
SULAWESI BARAT,POLEWALI MANDAR,ANREAPI,KUNYI,51,68,302,6,98,0,2,68,2,88,174
SULAWESI BARAT,POLEWALI MANDAR,ANREAPI,PAPPANDANGAN,46,81,310,10,38,0,3,60,4,70,244
SULAWESI BARAT,POLEWALI MANDAR,BALANIPA,BALA,184,285,847,52,32,15,35,166,21,271,557
SULAWESI BARAT,POLEWALI MANDAR,BALANIPA,BALANIPA,120,156,471,20,25,59,16,95,13,170,248
SULAWESI BARAT,POLEWALI MANDAR,BALANIPA,GALUNG TULUK,91,186,555,28,212,32,6,117,8,228,207
SULAWESI BARAT,POLEWALI MANDAR,BALANIPA,LAMBANAN,18,26,71,4,0,18,0,18,2,26,60
SULAWESI BARAT,POLEWALI MANDAR,BALANIPA,LEGO,46,61,203,4,83,39,8,38,4,74,97
SULAWESI BARAT,POLEWALI MANDAR,BALANIPA,MOSSO,14,36,118,2,1,3,1,20,0,24,94
SULAWESI BARAT,POLEWALI MANDAR,BALANIPA,PALLIS,10,19,91,5,27,1,2,28,2,36,35
SULAWESI BARAT,POLEWALI MANDAR,BALANIPA,PAMBUSUANG,220,309,844,58,56,35,14,173,22,345,588
SULAWESI BARAT,POLEWALI MANDAR,BALANIPA,SABANG SUBIK,99,162,430,20,12,2,3,97,12,187,318
SULAWESI BARAT,POLEWALI MANDAR,BALANIPA,TAMANGGALLE,57,160,363,14,15,18,11,81,10,141,221
SULAWESI BARAT,POLEWALI MANDAR,BALANIPA,TAMMAJARRA,78,121,298,21,9,16,11,59,7,132,212
SULAWESI BARAT,POLEWALI MANDAR,BINUANG,AMASSANGAN,98,166,590,33,84,22,5,140,8,221,463
SULAWESI BARAT,POLEWALI MANDAR,BINUANG,AMOLA,25,57,284,5,6,8,1,72,2,85,240
SULAWESI BARAT,POLEWALI MANDAR,BINUANG,BATETANGNGA,67,246,837,14,71,12,5,213,8,299,821
SULAWESI BARAT,POLEWALI MANDAR,BINUANG,KALEOK,22,52,220,7,2,2,1,69,2,79,192
SULAWESI BARAT,POLEWALI MANDAR,BINUANG,KUAJANG,102,157,500,20,2,9,7,109,12,204,402
SULAWESI BARAT,POLEWALI MANDAR,BINUANG,MAMMI,96,121,372,15,23,30,10,88,7,120,371
SULAWESI BARAT,POLEWALI MANDAR,BINUANG,MIRRING,50,150,499,17,5,38,3,113,5,194,497
SULAWESI BARAT,POLEWALI MANDAR,BINUANG,PAKU,30,91,353,8,8,22,1,82,2,131,271
SULAWESI BARAT,POLEWALI MANDAR,BINUANG,REA,108,140,465,15,15,76,8,95,4,157,432
SULAWESI BARAT,POLEWALI MANDAR,BINUANG,TONYAMAN,152,270,819,38,21,80,13,182,18,297,719
SULAWESI BARAT,POLEWALI MANDAR,BULO,BULO,31,40,152,2,0,0,6,30,2,29,125
SULAWESI BARAT,POLEWALI MANDAR,BULO,DAALA TIMUR,16,31,168,18,0,1,5,37,0,58,153
SULAWESI BARAT,POLEWALI MANDAR,BULO,IHING,32,40,200,7,0,1,7,35,0,39,163
SULAWESI BARAT,POLEWALI MANDAR,BULO,KAROMBANG,47,57,225,5,15,16,12,49,5,68,129
SULAWESI BARAT,POLEWALI MANDAR,BULO,LENGGO,2,27,125,0,17,23,0,19,2,37,88
SULAWESI BARAT,POLEWALI MANDAR,BULO,PATAMBANUA,33,50,181,4,1,47,3,34,2,62,164
SULAWESI BARAT,POLEWALI MANDAR,BULO,PULLIWA,51,133,479,0,52,55,7,114,8,122,292
SULAWESI BARAT,POLEWALI MANDAR,BULO,SABURA,5,21,113,1,9,8,8,17,2,26,81
SULAWESI BARAT,POLEWALI MANDAR,BULO,SEPPORRAKI,25,35,144,4,0,28,7,23,2,23,136
SULAWESI BARAT,POLEWALI MANDAR,CAMPALAGIAN,BONDE,67,144,497,20,3,69,1,136,16,198,364
SULAWESI BARAT,POLEWALI MANDAR,CAMPALAGIAN,BOTTO,34,113,423,7,11,1,4,96,5,151,341
SULAWESI BARAT,POLEWALI MANDAR,CAMPALAGIAN,GATTUNGAN,73,119,361,24,0,60,20,83,4,102,323
SULAWESI BARAT,POLEWALI MANDAR,CAMPALAGIAN,KATUMBANGAN,131,201,678,25,18,104,15,142,4,227,536
SULAWESI BARAT,POLEWALI MANDAR,CAMPALAGIAN,KATUMBANGAN LEMO,62,163,554,16,10,12,6,115,10,169,425
SULAWESI BARAT,POLEWALI MANDAR,CAMPALAGIAN,KENJE,96,146,457,26,0,3,12,102,10,148,314
SULAWESI BARAT,POLEWALI MANDAR,CAMPALAGIAN,LAGI-AGI,57,139,412,18,0,3,9,108,5,147,331
SULAWESI BARAT,POLEWALI MANDAR,CAMPALAGIAN,LALIKO,133,191,529,27,6,0,13,120,14,234,407
SULAWESI BARAT,POLEWALI MANDAR,CAMPALAGIAN,LAMPOKO,112,215,643,15,13,0,10,136,15,221,459
SULAWESI BARAT,POLEWALI MANDAR,CAMPALAGIAN,LAPEO,95,202,531,23,3,106,7,118,20,225,384
SULAWESI BARAT,POLEWALI MANDAR,CAMPALAGIAN,ONGKO,29,66,262,15,94,5,5,62,3,68,118
SULAWESI BARAT,POLEWALI MANDAR,CAMPALAGIAN,PADANG,31,35,125,2,2,0,1,16,5,25,95
SULAWESI BARAT,POLEWALI MANDAR,CAMPALAGIAN,PADANG TIMUR,40,77,248,18,163,2,4,58,8,109,150
SULAWESI BARAT,POLEWALI MANDAR,CAMPALAGIAN,PANYAMPA,129,142,433,23,0,7,15,95,14,167,242
SULAWESI BARAT,POLEWALI MANDAR,CAMPALAGIAN,PAPPANG,54,84,280,10,1,2,4,69,2,121,201
SULAWESI BARAT,POLEWALI MANDAR,CAMPALAGIAN,PARAPPE,40,172,527,40,3,2,5,122,13,214,402
SULAWESI BARAT,POLEWALI MANDAR,CAMPALAGIAN,SUMARRANG,144,226,833,36,248,4,30,161,8,284,346
SULAWESI BARAT,POLEWALI MANDAR,CAMPALAGIAN,SURUANG,63,109,282,21,0,1,8,60,8,100,176
SULAWESI BARAT,POLEWALI MANDAR,LIMBORO,LEMBANG LEMBANG,61,108,361,10,235,4,2,90,10,153,135
SULAWESI BARAT,POLEWALI MANDAR,LIMBORO,LIMBORO,58,85,246,9,158,24,6,74,9,114,70
SULAWESI BARAT,POLEWALI MANDAR,LIMBORO,NAPO,77,106,306,11,18,0,5,69,3,97,195
SULAWESI BARAT,POLEWALI MANDAR,LIMBORO,PALECE,51,61,194,7,140,1,1,44,8,79,51
SULAWESI BARAT,POLEWALI MANDAR,LIMBORO,PENDULANGAN,22,39,112,7,6,0,6,18,5,48,54
SULAWESI BARAT,POLEWALI MANDAR,LIMBORO,RENGGEANG,47,66,207,8,95,10,6,49,7,74,81
SULAWESI BARAT,POLEWALI MANDAR,LIMBORO,SALARRI,39,58,164,12,30,4,7,29,4,65,96
SULAWESI BARAT,POLEWALI MANDAR,LIMBORO,SAMASUNDU,36,63,209,10,36,8,4,45,5,93,154
SULAWESI BARAT,POLEWALI MANDAR,LIMBORO,TANDASURA,48,77,221,10,4,0,1,48,6,85,137
SULAWESI BARAT,POLEWALI MANDAR,LIMBORO,TANGAN BARU,37,35,154,3,16,2,2,34,3,57,72
SULAWESI BARAT,POLEWALI MANDAR,LIMBORO,TODANG TODANG,31,38,118,6,101,1,2,26,11,49,9
SULAWESI BARAT,POLEWALI MANDAR,LUYO,BARU,102,176,590,27,22,71,6,122,18,253,428
SULAWESI BARAT,POLEWALI MANDAR,LUYO,BATUPANGA,51,132,519,14,59,3,9,109,7,143,248
SULAWESI BARAT,POLEWALI MANDAR,LUYO,BATUPANGA DAALA,41,121,450,3,111,4,3,95,8,183,232
SULAWESI BARAT,POLEWALI MANDAR,LUYO,LUYO,68,89,331,17,33,12,11,81,3,116,248
SULAWESI BARAT,POLEWALI MANDAR,LUYO,MAMBU,97,137,425,26,2,102,17,97,4,129,343
SULAWESI BARAT,POLEWALI MANDAR,LUYO,MAPILI BARAT,92,134,394,13,2,12,7,79,12,179,314
SULAWESI BARAT,POLEWALI MANDAR,LUYO,PUCCADI,26,80,277,10,1,16,5,58,7,113,246
SULAWESI BARAT,POLEWALI MANDAR,LUYO,PUSSUI,59,93,321,13,11,33,11,76,10,110,264
SULAWESI BARAT,POLEWALI MANDAR,LUYO,PUSSUI BARAT,44,86,242,7,87,8,12,39,4,88,74
SULAWESI BARAT,POLEWALI MANDAR,LUYO,SAMBALI WALI,80,110,421,22,25,44,27,91,4,130,265
SULAWESI BARAT,POLEWALI MANDAR,LUYO,TENGGELANG,99,163,542,20,23,61,16,129,11,209,270
SULAWESI BARAT,POLEWALI MANDAR,MAPILLI,BEROANGIN,57,107,352,7,12,1,2,74,5,116,263
SULAWESI BARAT,POLEWALI MANDAR,MAPILLI,BONNE BONNE,33,62,260,9,8,0,4,61,5,101,202
SULAWESI BARAT,POLEWALI MANDAR,MAPILLI,BONRA,29,131,378,14,21,0,0,97,5,155,251
SULAWESI BARAT,POLEWALI MANDAR,MAPILLI,BUKU,26,95,324,11,11,1,3,63,6,126,332
SULAWESI BARAT,POLEWALI MANDAR,MAPILLI,KURMA,55,173,572,21,83,0,7,123,11,225,376
SULAWESI BARAT,POLEWALI MANDAR,MAPILLI,LANDI KANUSUANG,71,149,532,17,187,0,12,117,8,156,397
SULAWESI BARAT,POLEWALI MANDAR,MAPILLI,MAPILI,28,71,267,1,0,0,0,67,1,117,182
SULAWESI BARAT,POLEWALI MANDAR,MAPILLI,RAPPANG BARAT,57,144,428,8,0,13,1,84,5,159,415
SULAWESI BARAT,POLEWALI MANDAR,MAPILLI,RUMPA,58,114,432,9,38,6,4,95,9,127,271
SULAWESI BARAT,POLEWALI MANDAR,MAPILLI,SATTOKO,26,30,111,4,0,0,1,18,1,32,94
SULAWESI BARAT,POLEWALI MANDAR,MAPILLI,SEGERANG,30,62,221,2,4,2,1,44,3,75,184
SULAWESI BARAT,POLEWALI MANDAR,MAPILLI,UGIBARU,63,112,390,15,8,3,3,99,2,150,254
SULAWESI BARAT,POLEWALI MANDAR,MATAKALI,BARUMBUNG,80,142,419,24,10,10,2,109,15,144,321
SULAWESI BARAT,POLEWALI MANDAR,MATAKALI,BUNGA-BUNGA,49,82,236,5,3,3,8,62,5,79,189
SULAWESI BARAT,POLEWALI MANDAR,MATAKALI,INDOMAKKOMBONG,87,163,593,20,34,0,13,144,6,135,587
SULAWESI BARAT,POLEWALI MANDAR,MATAKALI,MATAKALI,64,146,547,16,7,3,2,147,8,168,498
SULAWESI BARAT,POLEWALI MANDAR,MATAKALI,PASIANG,92,191,682,19,23,7,7,147,9,219,523
SULAWESI BARAT,POLEWALI MANDAR,MATAKALI,PETAMPANUA,22,171,788,28,7,44,3,194,16,263,440
SULAWESI BARAT,POLEWALI MANDAR,MATAKALI,TONROLIMA,87,128,456,21,23,18,7,107,4,137,439
SULAWESI BARAT,POLEWALI MANDAR,MATANGNGA,BA'BA TAPUA,25,26,95,2,65,0,2,25,2,13,27
SULAWESI BARAT,POLEWALI MANDAR,MATANGNGA,KATIMBANG,16,27,115,6,29,3,4,22,1,29,83
SULAWESI BARAT,POLEWALI MANDAR,MATANGNGA,LILLI,23,27,146,6,1,0,8,23,1,30,127
SULAWESI BARAT,POLEWALI MANDAR,MATANGNGA,MAMBU TAPUA,19,34,120,4,14,0,11,16,2,18,92
SULAWESI BARAT,POLEWALI MANDAR,MATANGNGA,MATANGNGA,21,28,130,3,2,18,3,25,5,26,112
SULAWESI BARAT,POLEWALI MANDAR,MATANGNGA,RANGOAN,11,23,128,3,18,5,1,30,1,30,93
SULAWESI BARAT,POLEWALI MANDAR,MATANGNGA,TAPUA,26,60,200,11,109,21,10,50,3,59,67
SULAWESI BARAT,POLEWALI MANDAR,POLEWALI,DARMA,151,302,1067,27,11,30,12,264,20,440,878
SULAWESI BARAT,POLEWALI MANDAR,POLEWALI,LANTORA,96,223,751,20,6,32,7,176,17,261,585
SULAWESI BARAT,POLEWALI MANDAR,POLEWALI,MADATE,129,328,1174,14,53,10,8,295,22,427,824
SULAWESI BARAT,POLEWALI MANDAR,POLEWALI,MANDING,124,255,742,21,27,73,6,198,18,272,594
SULAWESI BARAT,POLEWALI MANDAR,POLEWALI,PEKKABATA,58,120,610,13,4,0,2,148,6,213,587
SULAWESI BARAT,POLEWALI MANDAR,POLEWALI,POLEWALI,157,277,889,31,9,19,11,193,16,327,712
SULAWESI BARAT,POLEWALI MANDAR,POLEWALI,SULEWATANG,78,184,586,21,44,11,7,148,12,223,386
SULAWESI BARAT,POLEWALI MANDAR,POLEWALI,TAKATIDUNG,151,284,874,64,0,26,11,201,6,319,613
SULAWESI BARAT,POLEWALI MANDAR,POLEWALI,WATTANG,84,160,508,22,0,68,4,113,17,203,481
SULAWESI BARAT,POLEWALI MANDAR,TAPANGO,BANATO REJO,50,104,423,11,86,3,4,63,0,65,368
SULAWESI BARAT,POLEWALI MANDAR,TAPANGO,BATU,29,38,176,5,30,11,5,39,0,38,145
SULAWESI BARAT,POLEWALI MANDAR,TAPANGO,BUSSU,37,68,212,8,7,1,8,45,0,67,294
SULAWESI BARAT,POLEWALI MANDAR,TAPANGO,DAKKA,52,89,349,15,1,17,5,86,5,84,307
SULAWESI BARAT,POLEWALI MANDAR,TAPANGO,JAMBU MALEA,60,106,309,12,16,3,6,63,8,108,267
SULAWESI BARAT,POLEWALI MANDAR,TAPANGO,KALIMBUA,29,67,265,8,2,43,8,61,1,50,230
SULAWESI BARAT,POLEWALI MANDAR,TAPANGO,KURRAK,14,21,99,0,3,0,2,29,2,26,69
SULAWESI BARAT,POLEWALI MANDAR,TAPANGO,PALATTA,23,76,265,3,15,1,1,66,6,68,192
SULAWESI BARAT,POLEWALI MANDAR,TAPANGO,PELITAKAN,33,75,280,11,106,3,0,74,3,85,375
SULAWESI BARAT,POLEWALI MANDAR,TAPANGO,RAPPANG,68,122,373,16,20,0,7,86,3,102,296
SULAWESI BARAT,POLEWALI MANDAR,TAPANGO,RISO,21,80,348,13,17,13,2,88,3,103,239
SULAWESI BARAT,POLEWALI MANDAR,TAPANGO,TAPANGO,50,109,432,9,8,0,5,100,6,107,300
SULAWESI BARAT,POLEWALI MANDAR,TAPANGO,TAPANGO BARAT,57,101,307,15,42,0,2,56,7,95,214
SULAWESI BARAT,POLEWALI MANDAR,TAPANGO,TUTTULA,26,53,174,11,8,2,5,32,4,50,148
SULAWESI BARAT,POLEWALI MANDAR,TINAMBUNG,BATULAYA,45,90,208,15,14,33,1,52,9,85,150
SULAWESI BARAT,POLEWALI MANDAR,TINAMBUNG,GALUNG LOMBOK,68,107,312,15,92,28,7,70,5,133,180
SULAWESI BARAT,POLEWALI MANDAR,TINAMBUNG,KARAMA,109,240,715,23,36,5,14,167,13,277,445
SULAWESI BARAT,POLEWALI MANDAR,TINAMBUNG,LEKOPADIS,81,131,344,24,255,53,2,80,12,147,71
SULAWESI BARAT,POLEWALI MANDAR,TINAMBUNG,SEPABATU,68,92,272,15,188,7,5,73,8,104,64
SULAWESI BARAT,POLEWALI MANDAR,TINAMBUNG,TANDUNG,57,97,276,13,191,81,0,82,4,132,75
SULAWESI BARAT,POLEWALI MANDAR,TINAMBUNG,TANGNGA TANGNGA,95,174,465,20,470,1,1,100,13,194,32
SULAWESI BARAT,POLEWALI MANDAR,TINAMBUNG,TINAMBUNG,75,129,393,21,188,43,2,105,17,151,140
SULAWESI BARAT,POLEWALI MANDAR,TUTAR,AMBOPADANG,22,78,374,10,27,5,6,92,1,86,303
SULAWESI BARAT,POLEWALI MANDAR,TUTAR,ARABUA,31,48,183,18,10,2,6,39,6,52,158
SULAWESI BARAT,POLEWALI MANDAR,TUTAR,BESOANGIN,11,45,180,4,0,0,4,45,1,76,135
SULAWESI BARAT,POLEWALI MANDAR,TUTAR,BESOANGIN UTARA,26,16,163,5,18,0,4,39,0,40,92
SULAWESI BARAT,POLEWALI MANDAR,TUTAR,PEBURRU,36,77,315,10,50,0,4,72,3,88,231
SULAWESI BARAT,POLEWALI MANDAR,TUTAR,PIRIANG TAPIKO,13,32,201,7,147,0,0,38,3,73,52
SULAWESI BARAT,POLEWALI MANDAR,TUTAR,PODA,34,75,231,4,23,2,1,65,7,101,139
SULAWESI BARAT,POLEWALI MANDAR,TUTAR,POLLEWANI,62,105,455,9,2,4,14,78,8,139,351
SULAWESI BARAT,POLEWALI MANDAR,TUTAR,RATTE,0,50,334,0,120,1,7,56,2,136,135
SULAWESI BARAT,POLEWALI MANDAR,TUTAR,TALOBA,14,61,139,9,6,80,1,35,8,81,107
SULAWESI BARAT,POLEWALI MANDAR,TUTAR,TARAMANU,26,56,287,7,90,0,4,69,6,115,75
SULAWESI BARAT,POLEWALI MANDAR,TUTAR,TARAMANU TUA,8,55,247,6,52,0,6,60,5,85,131
SULAWESI BARAT,POLEWALI MANDAR,TUTAR,TUBBI,4,47,212,9,3,4,5,42,0,94,178
SULAWESI BARAT,POLEWALI MANDAR,WONOMULYO,ARJO SARI,47,93,418,13,1,8,11,85,2,64,380
SULAWESI BARAT,POLEWALI MANDAR,WONOMULYO,BAKKA-BAKKA,55,98,317,13,6,0,10,65,5,98,236
SULAWESI BARAT,POLEWALI MANDAR,WONOMULYO,BANUA BARU,36,75,304,12,0,0,1,80,2,93,261
SULAWESI BARAT,POLEWALI MANDAR,WONOMULYO,BUMIAYU,80,110,561,12,4,1,5,121,3,74,505
SULAWESI BARAT,POLEWALI MANDAR,WONOMULYO,BUMIMULYO,54,89,343,13,4,0,5,79,2,59,314
SULAWESI BARAT,POLEWALI MANDAR,WONOMULYO,CAMPURJO,73,144,423,16,3,2,6,135,8,125,371
SULAWESI BARAT,POLEWALI MANDAR,WONOMULYO,GALESON,97,151,482,20,5,67,4,121,5,135,433
SULAWESI BARAT,POLEWALI MANDAR,WONOMULYO,KEBUNSARI,63,74,396,21,4,0,2,77,3,36,376
SULAWESI BARAT,POLEWALI MANDAR,WONOMULYO,NEPO,75,139,449,21,21,12,10,78,10,133,331
SULAWESI BARAT,POLEWALI MANDAR,WONOMULYO,SIDODADI,97,215,877,12,0,3,5,214,11,258,660
SULAWESI BARAT,POLEWALI MANDAR,WONOMULYO,SIDOREJO,86,187,669,21,6,0,5,159,3,165,558
SULAWESI BARAT,POLEWALI MANDAR,WONOMULYO,SUGIHWARAS,91,207,860,25,2,21,1,188,8,198,853
SULAWESI BARAT,POLEWALI MANDAR,WONOMULYO,SUMBEREJO,89,211,812,38,3,5,7,178,3,118,780
SULAWESI BARAT,POLEWALI MANDAR,WONOMULYO,TUMPILING,78,118,392,19,5,0,9,91,4,96,337
