PROVINSI,KABUPATEN,KECAMATAN,KELURAHAN,JUMLAH_BKR,BULAN
SULAWESI BARAT,MAJENE,BANGGAE,BANGGAE,1,JANUARI
SULAWESI BARAT,MAJENE,BANGGAE,BARU,1,JANUARI
SULAWESI BARAT,MAJENE,BANGGAE,GALUNG,1,JANUARI
SULAWESI BARAT,MAJENE,BANGGAE,PALIPI SOREANG,1,JANUARI
SULAWESI BARAT,MAJENE,BANGGAE,PAMBOBORANG,1,JANUARI
SULAWESI BARAT,MAJENE,BANGGAE,PANGALI ALI,1,JANUARI
SULAWESI BARAT,MAJENE,BANGGAE,RANGAS,1,JANUARI
SULAWESI BARAT,MAJENE,BANGGAE,TOTOLI,1,JANUARI
SULAWESI BARAT,MAJENE,BANGGAE TIMUR,BARUGA,1,JANUARI
SULAWESI BARAT,MAJENE,BANGGAE TIMUR,BARUGA DHUA,1,JANUARI
SULAWESI BARAT,MAJENE,BANGGAE TIMUR,BAURUNG,1,JANUARI
SULAWESI BARAT,MAJENE,BANGGAE TIMUR,BUTTU BARUGA,1,JANUARI
SULAWESI BARAT,MAJENE,BANGGAE TIMUR,LABUANG,1,JANUARI
SULAWESI BARAT,MAJENE,BANGGAE TIMUR,LABUANG UTARA,1,JANUARI
SULAWESI BARAT,MAJENE,BANGGAE TIMUR,LEMBANG,1,JANUARI
SULAWESI BARAT,MAJENE,BANGGAE TIMUR,TANDE,1,JANUARI
SULAWESI BARAT,MAJENE,BANGGAE TIMUR,TANDE TIMUR,1,JANUARI
SULAWESI BARAT,MAJENE,MALUNDA,BAMBANGAN,1,JANUARI
SULAWESI BARAT,MAJENE,MALUNDA,KAYUANGIN,1,JANUARI
SULAWESI BARAT,MAJENE,MALUNDA,LAMUNGANG BATU,1,JANUARI
SULAWESI BARAT,MAJENE,MALUNDA,LOMBANG,1,JANUARI
SULAWESI BARAT,MAJENE,MALUNDA,LOMBANG TIMUR,1,JANUARI
SULAWESI BARAT,MAJENE,MALUNDA,LOMBONG,1,JANUARI
SULAWESI BARAT,MAJENE,MALUNDA,LOMBONG TIMUR,1,JANUARI
SULAWESI BARAT,MAJENE,MALUNDA,MALIAYA,1,JANUARI
SULAWESI BARAT,MAJENE,MALUNDA,MALUNDA,1,JANUARI
SULAWESI BARAT,MAJENE,MALUNDA,MEKKATTA,1,JANUARI
SULAWESI BARAT,MAJENE,MALUNDA,MEKKATTA SELATAN,1,JANUARI
SULAWESI BARAT,MAJENE,MALUNDA,SALUTAHONGAN,1,JANUARI
SULAWESI BARAT,MAJENE,PAMBOANG,ADOLANG,1,JANUARI
SULAWESI BARAT,MAJENE,PAMBOANG,ADOLANG DHUA,1,JANUARI
SULAWESI BARAT,MAJENE,PAMBOANG,BABABULO,1,JANUARI
SULAWESI BARAT,MAJENE,PAMBOANG,BABABULO UTARA,1,JANUARI
SULAWESI BARAT,MAJENE,PAMBOANG,BALOMBONG,1,JANUARI
SULAWESI BARAT,MAJENE,PAMBOANG,BANUA ADOLANG,1,JANUARI
SULAWESI BARAT,MAJENE,PAMBOANG,BETTENG,1,JANUARI
SULAWESI BARAT,MAJENE,PAMBOANG,BONDE,1,JANUARI
SULAWESI BARAT,MAJENE,PAMBOANG,BONDE UTARA,1,JANUARI
SULAWESI BARAT,MAJENE,PAMBOANG,BUTTU PAMBOANG,1,JANUARI
SULAWESI BARAT,MAJENE,PAMBOANG,LALAMPANUA,1,JANUARI
SULAWESI BARAT,MAJENE,PAMBOANG,PESULOANG,1,JANUARI
SULAWESI BARAT,MAJENE,PAMBOANG,SIMBANG,1,JANUARI
SULAWESI BARAT,MAJENE,PAMBOANG,SIRINDU,1,JANUARI
SULAWESI BARAT,MAJENE,PAMBOANG,TINAMBUNG,1,JANUARI
SULAWESI BARAT,MAJENE,SENDANA,BANUA SENDANA,1,JANUARI
SULAWESI BARAT,MAJENE,SENDANA,BINANGA,1,JANUARI
SULAWESI BARAT,MAJENE,SENDANA,BUKIT SAMANG,1,JANUARI
SULAWESI BARAT,MAJENE,SENDANA,LALATEDZONG,1,JANUARI
SULAWESI BARAT,MAJENE,SENDANA,LEPPANGANG,1,JANUARI
SULAWESI BARAT,MAJENE,SENDANA,LIMBORO RAMBU-RAMBU,1,JANUARI
SULAWESI BARAT,MAJENE,SENDANA,LIMBUA,1,JANUARI
SULAWESI BARAT,MAJENE,SENDANA,MOSSO,1,JANUARI
SULAWESI BARAT,MAJENE,SENDANA,MOSSO DHUA,1,JANUARI
SULAWESI BARAT,MAJENE,SENDANA,PAMINGGALAN,1,JANUARI
SULAWESI BARAT,MAJENE,SENDANA,PUNDAU,1,JANUARI
SULAWESI BARAT,MAJENE,SENDANA,PUTTADA,1,JANUARI
SULAWESI BARAT,MAJENE,SENDANA,SENDANA,1,JANUARI
SULAWESI BARAT,MAJENE,SENDANA,TALLUBANUA,1,JANUARI
SULAWESI BARAT,MAJENE,SENDANA,TALLUBANUA UTARA,1,JANUARI
SULAWESI BARAT,MAJENE,SENDANA,TOTOLISI SENDANA,1,JANUARI
SULAWESI BARAT,MAJENE,TAMMERODO SENDANA,AWO,1,JANUARI
SULAWESI BARAT,MAJENE,TAMMERODO SENDANA,MANYAMBA,1,JANUARI
SULAWESI BARAT,MAJENE,TAMMERODO SENDANA,SEPPONG,1,JANUARI
SULAWESI BARAT,MAJENE,TAMMERODO SENDANA,TALLAMBALAO,1,JANUARI
SULAWESI BARAT,MAJENE,TAMMERODO SENDANA,TAMMERODO,1,JANUARI
SULAWESI BARAT,MAJENE,TAMMERODO SENDANA,TAMMERODO UTARA,1,JANUARI
SULAWESI BARAT,MAJENE,TAMMERODO SENDANA,ULIDANG,1,JANUARI
SULAWESI BARAT,MAJENE,TUBO SENDANA,BONDE BONDE,1,JANUARI
SULAWESI BARAT,MAJENE,TUBO SENDANA,ONANG,1,JANUARI
SULAWESI BARAT,MAJENE,TUBO SENDANA,ONANG UTARA,1,JANUARI
SULAWESI BARAT,MAJENE,TUBO SENDANA,TUBO,1,JANUARI
SULAWESI BARAT,MAJENE,TUBO SENDANA,TUBO POANG,1,JANUARI
SULAWESI BARAT,MAJENE,TUBO SENDANA,TUBO SELATAN,1,JANUARI
SULAWESI BARAT,MAJENE,TUBO SENDANA,TUBO TENGAH,1,JANUARI
SULAWESI BARAT,MAJENE,ULUMANDA,KABIRAAN,1,JANUARI
SULAWESI BARAT,MAJENE,ULUMANDA,PANGGALO,1,JANUARI
SULAWESI BARAT,MAJENE,ULUMANDA,POPENGA,1,JANUARI
SULAWESI BARAT,MAJENE,ULUMANDA,SALUTAMBUNG,1,JANUARI
SULAWESI BARAT,MAJENE,ULUMANDA,SAMBABO,1,JANUARI
SULAWESI BARAT,MAJENE,ULUMANDA,SULAI,1,JANUARI
SULAWESI BARAT,MAJENE,ULUMANDA,TANDEALLO,1,JANUARI
SULAWESI BARAT,MAJENE,ULUMANDA,ULUMANDA,1,JANUARI
SULAWESI BARAT,MAMASA,ARALLE,ARALLE,1,JANUARI
SULAWESI BARAT,MAMASA,ARALLE,PANETEAN,1,JANUARI
SULAWESI BARAT,MAMASA,ARALLE,RALLE ANAK,1,JANUARI
SULAWESI BARAT,MAMASA,ARALLE,UHAILANU,1,JANUARI
SULAWESI BARAT,MAMASA,BALLA,BALLA,2,JANUARI
SULAWESI BARAT,MAMASA,BALLA,BALLA BARAT,1,JANUARI
SULAWESI BARAT,MAMASA,BALLA,BALLA SATANETEAN,1,JANUARI
SULAWESI BARAT,MAMASA,BALLA,BALLA TIMUR,1,JANUARI
SULAWESI BARAT,MAMASA,BALLA,BALLA TUMUKA,1,JANUARI
SULAWESI BARAT,MAMASA,BALLA,BAMBAPUANG,1,JANUARI
SULAWESI BARAT,MAMASA,BALLA,PIDARA,1,JANUARI
SULAWESI BARAT,MAMASA,BALLA,SEPAKUAN,2,JANUARI
SULAWESI BARAT,MAMASA,BAMBANG,BALATANA,1,JANUARI
SULAWESI BARAT,MAMASA,BAMBANG,BAMBANG,1,JANUARI
SULAWESI BARAT,MAMASA,BAMBANG,BAMBANG TIMUR,1,JANUARI
SULAWESI BARAT,MAMASA,BAMBANG,LIMBADEBATA,1,JANUARI
SULAWESI BARAT,MAMASA,BAMBANG,MASOSO,1,JANUARI
SULAWESI BARAT,MAMASA,BAMBANG,MINANGA,1,JANUARI
SULAWESI BARAT,MAMASA,BAMBANG,MOKALLANG,1,JANUARI
SULAWESI BARAT,MAMASA,BAMBANG,RANTELEMO,1,JANUARI
SULAWESI BARAT,MAMASA,BAMBANG,RANTETARIMA,1,JANUARI
SULAWESI BARAT,MAMASA,BAMBANG,SALUASSING,1,JANUARI
SULAWESI BARAT,MAMASA,BAMBANG,SALUBULO,1,JANUARI
SULAWESI BARAT,MAMASA,BAMBANG,SALUDENGEN,1,JANUARI
SULAWESI BARAT,MAMASA,BAMBANG,SALUKADI,1,JANUARI
SULAWESI BARAT,MAMASA,BAMBANG,SALUKEPOPOK,1,JANUARI
SULAWESI BARAT,MAMASA,BAMBANG,SALURURU,1,JANUARI
SULAWESI BARAT,MAMASA,BAMBANG,SALUTABANG,1,JANUARI
SULAWESI BARAT,MAMASA,BAMBANG,SIKAMASE,1,JANUARI
SULAWESI BARAT,MAMASA,BAMBANG,TANETE TOMBA,1,JANUARI
SULAWESI BARAT,MAMASA,BAMBANG,ULUMAMBI,1,JANUARI
SULAWESI BARAT,MAMASA,BAMBANG,ULUMAMBI BARAT,1,JANUARI
SULAWESI BARAT,MAMASA,BUNTUMALANGKA,ARALLE TIMUR,1,JANUARI
SULAWESI BARAT,MAMASA,BUNTUMALANGKA,BUNTUMALANGKA,1,JANUARI
SULAWESI BARAT,MAMASA,BUNTUMALANGKA,KABAE,1,JANUARI
SULAWESI BARAT,MAMASA,BUNTUMALANGKA,KEBANGA,1,JANUARI
SULAWESI BARAT,MAMASA,BUNTUMALANGKA,PENATANGAN,1,JANUARI
SULAWESI BARAT,MAMASA,BUNTUMALANGKA,SALURINDU,1,JANUARI
SULAWESI BARAT,MAMASA,BUNTUMALANGKA,SALUTAMBUN TIMUR,1,JANUARI
SULAWESI BARAT,MAMASA,BUNTUMALANGKA,TAORA,1,JANUARI
SULAWESI BARAT,MAMASA,MAMASA,BOMBONG LAMBE,1,JANUARI
SULAWESI BARAT,MAMASA,MAMASA,BUBUN BATU,1,JANUARI
SULAWESI BARAT,MAMASA,MAMASA,BUNTU BUDA,1,JANUARI
SULAWESI BARAT,MAMASA,MAMASA,LAMBANAN,1,JANUARI
SULAWESI BARAT,MAMASA,MAMASA,LEMBANA SALULO,1,JANUARI
SULAWESI BARAT,MAMASA,MAMASA,MAMASA,1,JANUARI
SULAWESI BARAT,MAMASA,MAMASA,MAMBULILING,1,JANUARI
SULAWESI BARAT,MAMASA,MAMASA,OSANGO,1,JANUARI
SULAWESI BARAT,MAMASA,MAMASA,PEBASSIAN,1,JANUARI
SULAWESI BARAT,MAMASA,MAMASA,RAMBUSARATU,1,JANUARI
SULAWESI BARAT,MAMASA,MAMASA,TAUPE,1,JANUARI
SULAWESI BARAT,MAMASA,MAMASA,TONDOK BAKARU,1,JANUARI
SULAWESI BARAT,MAMASA,MAMBI,BUJUNG MANURUNG,1,JANUARI
SULAWESI BARAT,MAMASA,MAMBI,MAMBI,1,JANUARI
SULAWESI BARAT,MAMASA,MAMBI,RANTEBULAHAN,1,JANUARI
SULAWESI BARAT,MAMASA,MAMBI,SALUDURIAN,1,JANUARI
SULAWESI BARAT,MAMASA,MAMBI,SENDANA,1,JANUARI
SULAWESI BARAT,MAMASA,MAMBI,SONDONGLAYU,1,JANUARI
SULAWESI BARAT,MAMASA,MEHALAAN,BOTTENG,1,JANUARI
SULAWESI BARAT,MAMASA,MEHALAAN,KONDO,1,JANUARI
SULAWESI BARAT,MAMASA,MEHALAAN,LEKO SUKAMAJU,1,JANUARI
SULAWESI BARAT,MAMASA,MEHALAAN,MEHALAAN,1,JANUARI
SULAWESI BARAT,MAMASA,MEHALAAN,MEHALAAN BARAT,1,JANUARI
SULAWESI BARAT,MAMASA,MEHALAAN,MESAKADA,1,JANUARI
SULAWESI BARAT,MAMASA,MEHALAAN,PASSEMBUK,1,JANUARI
SULAWESI BARAT,MAMASA,MEHALAAN,SALUAHOK,1,JANUARI
SULAWESI BARAT,MAMASA,MEHALAAN,SALUBALO,1,JANUARI
SULAWESI BARAT,MAMASA,MEHALAAN,SALUKONTA,1,JANUARI
SULAWESI BARAT,MAMASA,MEHALAAN,ULUMEA,1,JANUARI
SULAWESI BARAT,MAMASA,MESSAWA,MAKUANG,1,JANUARI
SULAWESI BARAT,MAMASA,MESSAWA,MALIMBONG,1,JANUARI
SULAWESI BARAT,MAMASA,MESSAWA,MATANDE,1,JANUARI
SULAWESI BARAT,MAMASA,MESSAWA,MESSAWA,1,JANUARI
SULAWESI BARAT,MAMASA,MESSAWA,PASMA MAMBU,1,JANUARI
SULAWESI BARAT,MAMASA,MESSAWA,RIPPUNG,1,JANUARI
SULAWESI BARAT,MAMASA,MESSAWA,SEPANG,1,JANUARI
SULAWESI BARAT,MAMASA,MESSAWA,SIPAI,1,JANUARI
SULAWESI BARAT,MAMASA,MESSAWA,TANETE BATU,1,JANUARI
SULAWESI BARAT,MAMASA,NOSU,BATUPAPAN,1,JANUARI
SULAWESI BARAT,MAMASA,NOSU,MASEWWE,1,JANUARI
SULAWESI BARAT,MAMASA,NOSU,MINANGA,1,JANUARI
SULAWESI BARAT,MAMASA,NOSU,MINANGA TIMUR,1,JANUARI
SULAWESI BARAT,MAMASA,NOSU,NOSU,1,JANUARI
SULAWESI BARAT,MAMASA,NOSU,PARINDING,1,JANUARI
SULAWESI BARAT,MAMASA,NOSU,SIWI,1,JANUARI
SULAWESI BARAT,MAMASA,PANA,DATUBARINGAN,2,JANUARI
SULAWESI BARAT,MAMASA,PANA,KARAKA,1,JANUARI
SULAWESI BARAT,MAMASA,PANA,MAMULLU,2,JANUARI
SULAWESI BARAT,MAMASA,PANA,MANIPI,2,JANUARI
SULAWESI BARAT,MAMASA,PANA,PANA,1,JANUARI
SULAWESI BARAT,MAMASA,PANA,PANURA,1,JANUARI
SULAWESI BARAT,MAMASA,PANA,SALOAN,2,JANUARI
SULAWESI BARAT,MAMASA,PANA,SAPAN,1,JANUARI
SULAWESI BARAT,MAMASA,PANA,TALLANG BULAWAN,2,JANUARI
SULAWESI BARAT,MAMASA,PANA,WERI,1,JANUARI
SULAWESI BARAT,MAMASA,RANTEBULAHAN TIMUR,BAMBANG BUDA,1,JANUARI
SULAWESI BARAT,MAMASA,RANTEBULAHAN TIMUR,BUANGIN,2,JANUARI
SULAWESI BARAT,MAMASA,RANTEBULAHAN TIMUR,KIRAK,1,JANUARI
SULAWESI BARAT,MAMASA,RANTEBULAHAN TIMUR,LEKO,1,JANUARI
SULAWESI BARAT,MAMASA,RANTEBULAHAN TIMUR,SALUMOKANAN,1,JANUARI
SULAWESI BARAT,MAMASA,RANTEBULAHAN TIMUR,SALUMOKANAN BARAT,1,JANUARI
SULAWESI BARAT,MAMASA,RANTEBULAHAN TIMUR,SALUMOKANAN UTARA,1,JANUARI
SULAWESI BARAT,MAMASA,RANTEBULAHAN TIMUR,SAMPALE,1,JANUARI
SULAWESI BARAT,MAMASA,SESENAPADANG,LISUAN ADA,1,JANUARI
SULAWESI BARAT,MAMASA,SESENAPADANG,MALANGKENA PADANG,1,JANUARI
SULAWESI BARAT,MAMASA,SESENAPADANG,MALIMBONG,1,JANUARI
SULAWESI BARAT,MAMASA,SESENAPADANG,MARAMPAN OROBUA,1,JANUARI
SULAWESI BARAT,MAMASA,SESENAPADANG,OROBUA,1,JANUARI
SULAWESI BARAT,MAMASA,SESENAPADANG,OROBUA SELATAN,1,JANUARI
SULAWESI BARAT,MAMASA,SESENAPADANG,OROBUA TIMUR,1,JANUARI
SULAWESI BARAT,MAMASA,SESENAPADANG,PALADAN,1,JANUARI
SULAWESI BARAT,MAMASA,SESENAPADANG,RANTE PUANG,1,JANUARI
SULAWESI BARAT,MAMASA,SESENAPADANG,SATENETEAN,1,JANUARI
SULAWESI BARAT,MAMASA,SUMARORONG,BANEA,1,JANUARI
SULAWESI BARAT,MAMASA,SUMARORONG,BATANGNGURU TIMUR,1,JANUARI
SULAWESI BARAT,MAMASA,SUMARORONG,RANTE KAMASE,1,JANUARI
SULAWESI BARAT,MAMASA,SUMARORONG,SALUBALO,1,JANUARI
SULAWESI BARAT,MAMASA,SUMARORONG,SASAKAN,1,JANUARI
SULAWESI BARAT,MAMASA,SUMARORONG,SIBANAWA,1,JANUARI
SULAWESI BARAT,MAMASA,SUMARORONG,SUMARORONG,1,JANUARI
SULAWESI BARAT,MAMASA,SUMARORONG,TABONE,1,JANUARI
SULAWESI BARAT,MAMASA,SUMARORONG,TADISI,1,JANUARI
SULAWESI BARAT,MAMASA,TABANG,BAKADISURA,1,JANUARI
SULAWESI BARAT,MAMASA,TABANG,KALAMA,1,JANUARI
SULAWESI BARAT,MAMASA,TABANG,MASUPU,1,JANUARI
SULAWESI BARAT,MAMASA,TABANG,SALUKONA,1,JANUARI
SULAWESI BARAT,MAMASA,TABANG,TABANG,1,JANUARI
SULAWESI BARAT,MAMASA,TABANG,TABANG BARAT,1,JANUARI
SULAWESI BARAT,MAMASA,TABANG,TADOKALUA,1,JANUARI
SULAWESI BARAT,MAMASA,TABULAHAN,BURANA,1,JANUARI
SULAWESI BARAT,MAMASA,TABULAHAN,GANDANG DEWATA,1,JANUARI
SULAWESI BARAT,MAMASA,TABULAHAN,LAKAHANG,1,JANUARI
SULAWESI BARAT,MAMASA,TABULAHAN,MALATIRO,1,JANUARI
SULAWESI BARAT,MAMASA,TABULAHAN,PANGANDARAN,1,JANUARI
SULAWESI BARAT,MAMASA,TABULAHAN,PERIANGAN,1,JANUARI
SULAWESI BARAT,MAMASA,TABULAHAN,PEU',1,JANUARI
SULAWESI BARAT,MAMASA,TABULAHAN,SALUBAKKA,1,JANUARI
SULAWESI BARAT,MAMASA,TABULAHAN,TABULAHAN,1,JANUARI
SULAWESI BARAT,MAMASA,TABULAHAN,TALOPAK,1,JANUARI
SULAWESI BARAT,MAMASA,TABULAHAN,TIMORO,1,JANUARI
SULAWESI BARAT,MAMASA,TANDUK KALUA,BALLABATU,1,JANUARI
SULAWESI BARAT,MAMASA,TANDUK KALUA,KANAN,1,JANUARI
SULAWESI BARAT,MAMASA,TANDUK KALUA,MALABO,1,JANUARI
SULAWESI BARAT,MAMASA,TANDUK KALUA,MESAKADA,1,JANUARI
SULAWESI BARAT,MAMASA,TANDUK KALUA,MINAKE,1,JANUARI
SULAWESI BARAT,MAMASA,TANDUK KALUA,PAMBE,1,JANUARI
SULAWESI BARAT,MAMASA,TAWALIAN,TAWALIAN,1,JANUARI
SULAWESI BARAT,MAMASA,TAWALIAN,TAWALIAN TIMUR,1,JANUARI
SULAWESI BARAT,MAMUJU,BONEHAU,BANUADA,1,JANUARI
SULAWESI BARAT,MAMUJU,BONEHAU,BONEHAU,1,JANUARI
SULAWESI BARAT,MAMUJU,BONEHAU,BUTTUADA,1,JANUARI
SULAWESI BARAT,MAMUJU,BONEHAU,HINUA,1,JANUARI
SULAWESI BARAT,MAMUJU,BONEHAU,KINATANG,1,JANUARI
SULAWESI BARAT,MAMUJU,BONEHAU,LUMIKA,1,JANUARI
SULAWESI BARAT,MAMUJU,BONEHAU,SALUTIWO,1,JANUARI
SULAWESI BARAT,MAMUJU,BONEHAU,TAMALEA,1,JANUARI
SULAWESI BARAT,MAMUJU,KALUKKU,BEBANGA,1,JANUARI
SULAWESI BARAT,MAMUJU,KALUKKU,BELANG BELANG,1,JANUARI
SULAWESI BARAT,MAMUJU,KALUKKU,BERU-BERU,1,JANUARI
SULAWESI BARAT,MAMUJU,KALUKKU,GULILING,1,JANUARI
SULAWESI BARAT,MAMUJU,KALUKKU,KABULOANG,1,JANUARI
SULAWESI BARAT,MAMUJU,KALUKKU,KALUKKU,1,JANUARI
SULAWESI BARAT,MAMUJU,KALUKKU,KALUKKU BARAT,1,JANUARI
SULAWESI BARAT,MAMUJU,KALUKKU,PAMMULUKANG,1,JANUARI
SULAWESI BARAT,MAMUJU,KALUKKU,POKKANG,1,JANUARI
SULAWESI BARAT,MAMUJU,KALUKKU,SINYONYOI,1,JANUARI
SULAWESI BARAT,MAMUJU,KALUKKU,SINYONYOI SELATAN,1,JANUARI
SULAWESI BARAT,MAMUJU,KALUKKU,UHAIMATE,1,JANUARI
SULAWESI BARAT,MAMUJU,KALUMPANG,KALUMPANG,1,JANUARI
SULAWESI BARAT,MAMUJU,KALUMPANG,KARATAUN,1,JANUARI
SULAWESI BARAT,MAMUJU,KALUMPANG,KONDO BULO,1,JANUARI
SULAWESI BARAT,MAMUJU,KALUMPANG,LIMBONG,1,JANUARI
SULAWESI BARAT,MAMUJU,KALUMPANG,MAKKALIKI,1,JANUARI
SULAWESI BARAT,MAMUJU,KALUMPANG,SANDAPANG,1,JANUARI
SULAWESI BARAT,MAMUJU,KALUMPANG,TUMOGA,1,JANUARI
SULAWESI BARAT,MAMUJU,KEP. BALA BALAKANG,BALA BALAKANG,1,JANUARI
SULAWESI BARAT,MAMUJU,KEP. BALA BALAKANG,BALA-BALAKANG TIMUR,1,JANUARI
SULAWESI BARAT,MAMUJU,MAMUJU,BAMBU,1,JANUARI
SULAWESI BARAT,MAMUJU,MAMUJU,BATU PANNU,1,JANUARI
SULAWESI BARAT,MAMUJU,MAMUJU,BINANGA,1,JANUARI
SULAWESI BARAT,MAMUJU,MAMUJU,KARAMPUANG,1,JANUARI
SULAWESI BARAT,MAMUJU,MAMUJU,KAREMA,1,JANUARI
SULAWESI BARAT,MAMUJU,MAMUJU,MAMUNYU,2,JANUARI
SULAWESI BARAT,MAMUJU,MAMUJU,RIMUKU,1,JANUARI
SULAWESI BARAT,MAMUJU,MAMUJU,TADUI,1,JANUARI
SULAWESI BARAT,MAMUJU,PAPALANG,BATU AMPA,1,JANUARI
SULAWESI BARAT,MAMUJU,PAPALANG,BODA-BODA,1,JANUARI
SULAWESI BARAT,MAMUJU,PAPALANG,BONDA,1,JANUARI
SULAWESI BARAT,MAMUJU,PAPALANG,PAPALANG,1,JANUARI
SULAWESI BARAT,MAMUJU,PAPALANG,SALUKAYU,1,JANUARI
SULAWESI BARAT,MAMUJU,PAPALANG,SISANGO,1,JANUARI
SULAWESI BARAT,MAMUJU,PAPALANG,SUKADAMAI,1,JANUARI
SULAWESI BARAT,MAMUJU,PAPALANG,TOABO,1,JANUARI
SULAWESI BARAT,MAMUJU,PAPALANG,TOPORE,1,JANUARI
SULAWESI BARAT,MAMUJU,SAMPAGA,BUNDE,1,JANUARI
SULAWESI BARAT,MAMUJU,SAMPAGA,KALONDING,1,JANUARI
SULAWESI BARAT,MAMUJU,SAMPAGA,LOSSO,1,JANUARI
SULAWESI BARAT,MAMUJU,SAMPAGA,SALUBARANA,1,JANUARI
SULAWESI BARAT,MAMUJU,SAMPAGA,SAMPAGA,1,JANUARI
SULAWESI BARAT,MAMUJU,SAMPAGA,TANAMBUAH,1,JANUARI
SULAWESI BARAT,MAMUJU,SAMPAGA,TARAILU,1,JANUARI
SULAWESI BARAT,MAMUJU,SIMBORO,BOTTENG,1,JANUARI
SULAWESI BARAT,MAMUJU,SIMBORO,BOTTENG UTARA,1,JANUARI
SULAWESI BARAT,MAMUJU,SIMBORO,PATI'DI,1,JANUARI
SULAWESI BARAT,MAMUJU,SIMBORO,RANGAS,1,JANUARI
SULAWESI BARAT,MAMUJU,SIMBORO,SALETTO,1,JANUARI
SULAWESI BARAT,MAMUJU,SIMBORO,SIMBORO,1,JANUARI
SULAWESI BARAT,MAMUJU,SIMBORO,SUMARE,1,JANUARI
SULAWESI BARAT,MAMUJU,SIMBORO,TAPANDULLU,1,JANUARI
SULAWESI BARAT,MAMUJU,TAPALANG,BELA,1,JANUARI
SULAWESI BARAT,MAMUJU,TAPALANG,DAYANGINNA,1,JANUARI
SULAWESI BARAT,MAMUJU,TAPALANG,GALUNG,1,JANUARI
SULAWESI BARAT,MAMUJU,TAPALANG,KASAMBANG,1,JANUARI
SULAWESI BARAT,MAMUJU,TAPALANG,KOPEANG,1,JANUARI
SULAWESI BARAT,MAMUJU,TAPALANG,OROBATU,1,JANUARI
SULAWESI BARAT,MAMUJU,TAPALANG,RANTEDODA,1,JANUARI
SULAWESI BARAT,MAMUJU,TAPALANG,TAAN,1,JANUARI
SULAWESI BARAT,MAMUJU,TAPALANG,TAKANDEANG,1,JANUARI
SULAWESI BARAT,MAMUJU,TAPALANG,TAMPALANG,1,JANUARI
SULAWESI BARAT,MAMUJU,TAPALANG BARAT,AHU,1,JANUARI
SULAWESI BARAT,MAMUJU,TAPALANG BARAT,DUNGKAIT,1,JANUARI
SULAWESI BARAT,MAMUJU,TAPALANG BARAT,LABUANG RANO,1,JANUARI
SULAWESI BARAT,MAMUJU,TAPALANG BARAT,LEBANI,1,JANUARI
SULAWESI BARAT,MAMUJU,TAPALANG BARAT,PANGASAAN,1,JANUARI
SULAWESI BARAT,MAMUJU,TAPALANG BARAT,PASABU,1,JANUARI
SULAWESI BARAT,MAMUJU,TAPALANG BARAT,TANETE PAO,1,JANUARI
SULAWESI BARAT,MAMUJU,TOMMO,BUANA SAKTI,1,JANUARI
SULAWESI BARAT,MAMUJU,TOMMO,CAMPALOGA,1,JANUARI
SULAWESI BARAT,MAMUJU,TOMMO,KAKULLASANG,1,JANUARI
SULAWESI BARAT,MAMUJU,TOMMO,KALEPU,1,JANUARI
SULAWESI BARAT,MAMUJU,TOMMO,LELING,1,JANUARI
SULAWESI BARAT,MAMUJU,TOMMO,LELING BARAT,1,JANUARI
SULAWESI BARAT,MAMUJU,TOMMO,LELING UTARA,1,JANUARI
SULAWESI BARAT,MAMUJU,TOMMO,MALINO,1,JANUARI
SULAWESI BARAT,MAMUJU,TOMMO,RANTEMARIO,1,JANUARI
SULAWESI BARAT,MAMUJU,TOMMO,SALUDENGEN,1,JANUARI
SULAWESI BARAT,MAMUJU,TOMMO,SANDANA,1,JANUARI
SULAWESI BARAT,MAMUJU,TOMMO,TAMEJARRA,1,JANUARI
SULAWESI BARAT,MAMUJU,TOMMO,TAMEMONGGA,1,JANUARI
SULAWESI BARAT,MAMUJU TENGAH,BUDONG-BUDONG,BABANA,1,JANUARI
SULAWESI BARAT,MAMUJU TENGAH,BUDONG-BUDONG,BARAKKANG,1,JANUARI
SULAWESI BARAT,MAMUJU TENGAH,BUDONG-BUDONG,BOJO,1,JANUARI
SULAWESI BARAT,MAMUJU TENGAH,BUDONG-BUDONG,KIRE,1,JANUARI
SULAWESI BARAT,MAMUJU TENGAH,BUDONG-BUDONG,LEMBAH HADA,1,JANUARI
SULAWESI BARAT,MAMUJU TENGAH,BUDONG-BUDONG,LUMU,1,JANUARI
SULAWESI BARAT,MAMUJU TENGAH,BUDONG-BUDONG,PASAPA,1,JANUARI
SULAWESI BARAT,MAMUJU TENGAH,BUDONG-BUDONG,SALOGATTA,1,JANUARI
SULAWESI BARAT,MAMUJU TENGAH,BUDONG-BUDONG,SALUMANURUNG,1,JANUARI
SULAWESI BARAT,MAMUJU TENGAH,BUDONG-BUDONG,TINALI,1,JANUARI
SULAWESI BARAT,MAMUJU TENGAH,KAROSSA,BENGGAULU,1,JANUARI
SULAWESI BARAT,MAMUJU TENGAH,KAROSSA,KADAILA,1,JANUARI
SULAWESI BARAT,MAMUJU TENGAH,KAROSSA,KAMBUNONG,1,JANUARI
SULAWESI BARAT,MAMUJU TENGAH,KAROSSA,KAROSSA,1,JANUARI
SULAWESI BARAT,MAMUJU TENGAH,KAROSSA,KAYU CALLA,1,JANUARI
SULAWESI BARAT,MAMUJU TENGAH,KAROSSA,LARA,1,JANUARI
SULAWESI BARAT,MAMUJU TENGAH,KAROSSA,LEMBAH HOPO,1,JANUARI
SULAWESI BARAT,MAMUJU TENGAH,KAROSSA,SALUBIRO,1,JANUARI
SULAWESI BARAT,MAMUJU TENGAH,KAROSSA,TASOKKO,1,JANUARI
SULAWESI BARAT,MAMUJU TENGAH,PANGALE,KOMBILING,1,JANUARI
SULAWESI BARAT,MAMUJU TENGAH,PANGALE,KUO,1,JANUARI
SULAWESI BARAT,MAMUJU TENGAH,PANGALE,LAMBA-LAMBA,1,JANUARI
SULAWESI BARAT,MAMUJU TENGAH,PANGALE,LEMO-LEMO,1,JANUARI
SULAWESI BARAT,MAMUJU TENGAH,PANGALE,PANGALE,1,JANUARI
SULAWESI BARAT,MAMUJU TENGAH,PANGALE,POLO CAMBA,1,JANUARI
SULAWESI BARAT,MAMUJU TENGAH,PANGALE,POLO LERENG,1,JANUARI
SULAWESI BARAT,MAMUJU TENGAH,PANGALE,POLO PANGALE,1,JANUARI
SULAWESI BARAT,MAMUJU TENGAH,PANGALE,SARTANAMAJU,1,JANUARI
SULAWESI BARAT,MAMUJU TENGAH,TOBADAK,BAMBADARU,1,JANUARI
SULAWESI BARAT,MAMUJU TENGAH,TOBADAK,MAHAHE,1,JANUARI
SULAWESI BARAT,MAMUJU TENGAH,TOBADAK,PALONGAAN,1,JANUARI
SULAWESI BARAT,MAMUJU TENGAH,TOBADAK,SALOADAK,1,JANUARI
SULAWESI BARAT,MAMUJU TENGAH,TOBADAK,SALOBAJA,1,JANUARI
SULAWESI BARAT,MAMUJU TENGAH,TOBADAK,SEJATI,1,JANUARI
SULAWESI BARAT,MAMUJU TENGAH,TOBADAK,TOBADAK,1,JANUARI
SULAWESI BARAT,MAMUJU TENGAH,TOPOYO,BAMBAMANURUNG,1,JANUARI
SULAWESI BARAT,MAMUJU TENGAH,TOPOYO,BUDONG-BUDONG,1,JANUARI
SULAWESI BARAT,MAMUJU TENGAH,TOPOYO,KABUBU,1,JANUARI
SULAWESI BARAT,MAMUJU TENGAH,TOPOYO,PANGALLOANG,1,JANUARI
SULAWESI BARAT,MAMUJU TENGAH,TOPOYO,PARAILI,1,JANUARI
SULAWESI BARAT,MAMUJU TENGAH,TOPOYO,SALULEKBO,1,JANUARI
SULAWESI BARAT,MAMUJU TENGAH,TOPOYO,SALUPANGKANG,1,JANUARI
SULAWESI BARAT,MAMUJU TENGAH,TOPOYO,SALUPANGKANG IV,1,JANUARI
SULAWESI BARAT,MAMUJU TENGAH,TOPOYO,SINABATTA,1,JANUARI
SULAWESI BARAT,MAMUJU TENGAH,TOPOYO,TABOLANG,1,JANUARI
SULAWESI BARAT,MAMUJU TENGAH,TOPOYO,TANGKOU,1,JANUARI
SULAWESI BARAT,MAMUJU TENGAH,TOPOYO,TAPPILINA,1,JANUARI
SULAWESI BARAT,MAMUJU TENGAH,TOPOYO,TOPOYO,1,JANUARI
SULAWESI BARAT,MAMUJU TENGAH,TOPOYO,TUMBU,1,JANUARI
SULAWESI BARAT,MAMUJU TENGAH,TOPOYO,WAEPUTEH,1,JANUARI
SULAWESI BARAT,PASANGKAYU,BAMBAIRA,BAMBAIRA,1,JANUARI
SULAWESI BARAT,PASANGKAYU,BAMBAIRA,KALUKU NANGKA,1,JANUARI
SULAWESI BARAT,PASANGKAYU,BAMBAIRA,KASOLOANG,1,JANUARI
SULAWESI BARAT,PASANGKAYU,BAMBAIRA,TAMPAURE,1,JANUARI
SULAWESI BARAT,PASANGKAYU,BAMBALAMOTU,BAMBALAMOTU,1,JANUARI
SULAWESI BARAT,PASANGKAYU,BAMBALAMOTU,KALOLA,2,JANUARI
SULAWESI BARAT,PASANGKAYU,BAMBALAMOTU,PANGIANG,1,JANUARI
SULAWESI BARAT,PASANGKAYU,BAMBALAMOTU,POLEWALI,1,JANUARI
SULAWESI BARAT,PASANGKAYU,BAMBALAMOTU,RANDOMAYANG,1,JANUARI
SULAWESI BARAT,PASANGKAYU,BAMBALAMOTU,WULAI,1,JANUARI
SULAWESI BARAT,PASANGKAYU,BARAS,BALANTI,1,JANUARI
SULAWESI BARAT,PASANGKAYU,BARAS,BARAS,2,JANUARI
SULAWESI BARAT,PASANGKAYU,BARAS,BULU PARIGI,1,JANUARI
SULAWESI BARAT,PASANGKAYU,BARAS,KASANO,1,JANUARI
SULAWESI BARAT,PASANGKAYU,BARAS,MOTU,1,JANUARI
SULAWESI BARAT,PASANGKAYU,BARAS,TOWONI,1,JANUARI
SULAWESI BARAT,PASANGKAYU,BULU TABA,BUKIT HARAPAN,1,JANUARI
SULAWESI BARAT,PASANGKAYU,BULU TABA,KARAVE,1,JANUARI
SULAWESI BARAT,PASANGKAYU,BULU TABA,KASTABUANA,1,JANUARI
SULAWESI BARAT,PASANGKAYU,BULU TABA,LELEJAE,1,JANUARI
SULAWESI BARAT,PASANGKAYU,BULU TABA,LILIMORI,1,JANUARI
SULAWESI BARAT,PASANGKAYU,BULU TABA,OMPI,1,JANUARI
SULAWESI BARAT,PASANGKAYU,BULU TABA,SUMBER SARI,1,JANUARI
SULAWESI BARAT,PASANGKAYU,DAPURANG,BENGGAULU,1,JANUARI
SULAWESI BARAT,PASANGKAYU,DAPURANG,BULU BONGGU,1,JANUARI
SULAWESI BARAT,PASANGKAYU,DAPURANG,DAPURANG,1,JANUARI
SULAWESI BARAT,PASANGKAYU,DURIPOKU,SAPTANAJAYA,1,JANUARI
SULAWESI BARAT,PASANGKAYU,DURIPOKU,SIPAKAINGA,1,JANUARI
SULAWESI BARAT,PASANGKAYU,DURIPOKU,TAMMARUNANG,1,JANUARI
SULAWESI BARAT,PASANGKAYU,DURIPOKU,TARANGGI,1,JANUARI
SULAWESI BARAT,PASANGKAYU,LARIANG,BAJAWALI,1,JANUARI
SULAWESI BARAT,PASANGKAYU,LARIANG,BAMBAKORO,1,JANUARI
SULAWESI BARAT,PASANGKAYU,LARIANG,BATU MATORU,1,JANUARI
SULAWESI BARAT,PASANGKAYU,LARIANG,KENANGAN,1,JANUARI
SULAWESI BARAT,PASANGKAYU,LARIANG,KULU,1,JANUARI
SULAWESI BARAT,PASANGKAYU,LARIANG,PARABU,1,JANUARI
SULAWESI BARAT,PASANGKAYU,LARIANG,SINGGANI,1,JANUARI
SULAWESI BARAT,PASANGKAYU,PASANGKAYU,AKO,1,JANUARI
SULAWESI BARAT,PASANGKAYU,PASANGKAYU,GUNUNG SARI,1,JANUARI
SULAWESI BARAT,PASANGKAYU,PASANGKAYU,KARYA BERSAMA,1,JANUARI
SULAWESI BARAT,PASANGKAYU,PASANGKAYU,MARTAJAYA,1,JANUARI
SULAWESI BARAT,PASANGKAYU,PASANGKAYU,PAKAVA,1,JANUARI
SULAWESI BARAT,PASANGKAYU,PASANGKAYU,PASANGKAYU,2,JANUARI
SULAWESI BARAT,PASANGKAYU,PEDONGGA,BATU OGE,1,JANUARI
SULAWESI BARAT,PASANGKAYU,PEDONGGA,MALEI,1,JANUARI
SULAWESI BARAT,PASANGKAYU,PEDONGGA,MARTASARI,1,JANUARI
SULAWESI BARAT,PASANGKAYU,PEDONGGA,PEDANDA,1,JANUARI
SULAWESI BARAT,PASANGKAYU,SARJO,SARJO,1,JANUARI
SULAWESI BARAT,PASANGKAYU,SARJO,SARUDE,1,JANUARI
SULAWESI BARAT,PASANGKAYU,SARUDU,BULU MARIO,1,JANUARI
SULAWESI BARAT,PASANGKAYU,SARUDU,DODA,1,JANUARI
SULAWESI BARAT,PASANGKAYU,SARUDU,KUMASARI,1,JANUARI
SULAWESI BARAT,PASANGKAYU,SARUDU,PATIKA,1,JANUARI
SULAWESI BARAT,PASANGKAYU,TIKKE RAYA,JENGENG RAYA,1,JANUARI
SULAWESI BARAT,PASANGKAYU,TIKKE RAYA,LARIANG,1,JANUARI
SULAWESI BARAT,PASANGKAYU,TIKKE RAYA,MAKMUR JAYA,1,JANUARI
SULAWESI BARAT,PASANGKAYU,TIKKE RAYA,PAJALELE,1,JANUARI
SULAWESI BARAT,PASANGKAYU,TIKKE RAYA,TIKKE,1,JANUARI
SULAWESI BARAT,POLEWALI MANDAR,ALLU,ALU,1,JANUARI
SULAWESI BARAT,POLEWALI MANDAR,ALLU,KALUMAMMANG,1,JANUARI
SULAWESI BARAT,POLEWALI MANDAR,ALLU,MOMBI,1,JANUARI
SULAWESI BARAT,POLEWALI MANDAR,ALLU,PAO-PAO,1,JANUARI
SULAWESI BARAT,POLEWALI MANDAR,ALLU,PETOOSANG,1,JANUARI
SULAWESI BARAT,POLEWALI MANDAR,ALLU,PUPPU URING,1,JANUARI
SULAWESI BARAT,POLEWALI MANDAR,ALLU,SARAGIAN,1,JANUARI
SULAWESI BARAT,POLEWALI MANDAR,ALLU,SAYOANG,1,JANUARI
SULAWESI BARAT,POLEWALI MANDAR,ANREAPI,ANREAPI,1,JANUARI
SULAWESI BARAT,POLEWALI MANDAR,ANREAPI,DUAMPANUA,1,JANUARI
SULAWESI BARAT,POLEWALI MANDAR,ANREAPI,KELAPA DUA,1,JANUARI
SULAWESI BARAT,POLEWALI MANDAR,ANREAPI,KUNYI,1,JANUARI
SULAWESI BARAT,POLEWALI MANDAR,ANREAPI,PAPPANDANGAN,1,JANUARI
SULAWESI BARAT,POLEWALI MANDAR,BALANIPA,BALA,1,JANUARI
SULAWESI BARAT,POLEWALI MANDAR,BALANIPA,BALANIPA,1,JANUARI
SULAWESI BARAT,POLEWALI MANDAR,BALANIPA,GALUNG TULUK,1,JANUARI
SULAWESI BARAT,POLEWALI MANDAR,BALANIPA,LAMBANAN,1,JANUARI
SULAWESI BARAT,POLEWALI MANDAR,BALANIPA,LEGO,1,JANUARI
SULAWESI BARAT,POLEWALI MANDAR,BALANIPA,MOSSO,1,JANUARI
SULAWESI BARAT,POLEWALI MANDAR,BALANIPA,PALLIS,1,JANUARI
SULAWESI BARAT,POLEWALI MANDAR,BALANIPA,PAMBUSUANG,1,JANUARI
SULAWESI BARAT,POLEWALI MANDAR,BALANIPA,SABANG SUBIK,1,JANUARI
SULAWESI BARAT,POLEWALI MANDAR,BALANIPA,TAMANGGALLE,1,JANUARI
SULAWESI BARAT,POLEWALI MANDAR,BALANIPA,TAMMAJARRA,1,JANUARI
SULAWESI BARAT,POLEWALI MANDAR,BINUANG,AMASSANGAN,1,JANUARI
SULAWESI BARAT,POLEWALI MANDAR,BINUANG,AMOLA,1,JANUARI
SULAWESI BARAT,POLEWALI MANDAR,BINUANG,BATETANGNGA,1,JANUARI
SULAWESI BARAT,POLEWALI MANDAR,BINUANG,KALEOK,1,JANUARI
SULAWESI BARAT,POLEWALI MANDAR,BINUANG,KUAJANG,1,JANUARI
SULAWESI BARAT,POLEWALI MANDAR,BINUANG,MAMMI,1,JANUARI
SULAWESI BARAT,POLEWALI MANDAR,BINUANG,MIRRING,1,JANUARI
SULAWESI BARAT,POLEWALI MANDAR,BINUANG,PAKU,1,JANUARI
SULAWESI BARAT,POLEWALI MANDAR,BINUANG,REA,1,JANUARI
SULAWESI BARAT,POLEWALI MANDAR,BINUANG,TONYAMAN,1,JANUARI
SULAWESI BARAT,POLEWALI MANDAR,BULO,BULO,1,JANUARI
SULAWESI BARAT,POLEWALI MANDAR,BULO,DAALA TIMUR,1,JANUARI
SULAWESI BARAT,POLEWALI MANDAR,BULO,IHING,1,JANUARI
SULAWESI BARAT,POLEWALI MANDAR,BULO,KAROMBANG,1,JANUARI
SULAWESI BARAT,POLEWALI MANDAR,BULO,LENGGO,1,JANUARI
SULAWESI BARAT,POLEWALI MANDAR,BULO,PATAMBANUA,1,JANUARI
SULAWESI BARAT,POLEWALI MANDAR,BULO,PULLIWA,1,JANUARI
SULAWESI BARAT,POLEWALI MANDAR,BULO,SABURA,1,JANUARI
SULAWESI BARAT,POLEWALI MANDAR,BULO,SEPPORRAKI,1,JANUARI
SULAWESI BARAT,POLEWALI MANDAR,CAMPALAGIAN,BONDE,1,JANUARI
SULAWESI BARAT,POLEWALI MANDAR,CAMPALAGIAN,BOTTO,1,JANUARI
SULAWESI BARAT,POLEWALI MANDAR,CAMPALAGIAN,GATTUNGAN,1,JANUARI
SULAWESI BARAT,POLEWALI MANDAR,CAMPALAGIAN,KATUMBANGAN,1,JANUARI
SULAWESI BARAT,POLEWALI MANDAR,CAMPALAGIAN,KATUMBANGAN LEMO,1,JANUARI
SULAWESI BARAT,POLEWALI MANDAR,CAMPALAGIAN,KENJE,1,JANUARI
SULAWESI BARAT,POLEWALI MANDAR,CAMPALAGIAN,LAGI-AGI,1,JANUARI
SULAWESI BARAT,POLEWALI MANDAR,CAMPALAGIAN,LALIKO,1,JANUARI
SULAWESI BARAT,POLEWALI MANDAR,CAMPALAGIAN,LAMPOKO,1,JANUARI
SULAWESI BARAT,POLEWALI MANDAR,CAMPALAGIAN,LAPEO,1,JANUARI
SULAWESI BARAT,POLEWALI MANDAR,CAMPALAGIAN,ONGKO,1,JANUARI
SULAWESI BARAT,POLEWALI MANDAR,CAMPALAGIAN,PADANG,1,JANUARI
SULAWESI BARAT,POLEWALI MANDAR,CAMPALAGIAN,PADANG TIMUR,1,JANUARI
SULAWESI BARAT,POLEWALI MANDAR,CAMPALAGIAN,PANYAMPA,1,JANUARI
SULAWESI BARAT,POLEWALI MANDAR,CAMPALAGIAN,PAPPANG,1,JANUARI
SULAWESI BARAT,POLEWALI MANDAR,CAMPALAGIAN,PARAPPE,1,JANUARI
SULAWESI BARAT,POLEWALI MANDAR,CAMPALAGIAN,SUMARRANG,1,JANUARI
SULAWESI BARAT,POLEWALI MANDAR,CAMPALAGIAN,SURUANG,1,JANUARI
SULAWESI BARAT,POLEWALI MANDAR,LIMBORO,LEMBANG LEMBANG,1,JANUARI
SULAWESI BARAT,POLEWALI MANDAR,LIMBORO,LIMBORO,1,JANUARI
SULAWESI BARAT,POLEWALI MANDAR,LIMBORO,NAPO,1,JANUARI
SULAWESI BARAT,POLEWALI MANDAR,LIMBORO,PALECE,1,JANUARI
SULAWESI BARAT,POLEWALI MANDAR,LIMBORO,PENDULANGAN,1,JANUARI
SULAWESI BARAT,POLEWALI MANDAR,LIMBORO,RENGGEANG,1,JANUARI
SULAWESI BARAT,POLEWALI MANDAR,LIMBORO,SALARRI,1,JANUARI
SULAWESI BARAT,POLEWALI MANDAR,LIMBORO,SAMASUNDU,1,JANUARI
SULAWESI BARAT,POLEWALI MANDAR,LIMBORO,TANDASURA,1,JANUARI
SULAWESI BARAT,POLEWALI MANDAR,LIMBORO,TANGAN BARU,1,JANUARI
SULAWESI BARAT,POLEWALI MANDAR,LIMBORO,TODANG TODANG,1,JANUARI
SULAWESI BARAT,POLEWALI MANDAR,LUYO,BARU,1,JANUARI
SULAWESI BARAT,POLEWALI MANDAR,LUYO,BATUPANGA,1,JANUARI
SULAWESI BARAT,POLEWALI MANDAR,LUYO,BATUPANGA DAALA,1,JANUARI
SULAWESI BARAT,POLEWALI MANDAR,LUYO,LUYO,1,JANUARI
SULAWESI BARAT,POLEWALI MANDAR,LUYO,MAMBU,1,JANUARI
SULAWESI BARAT,POLEWALI MANDAR,LUYO,MAPILI BARAT,1,JANUARI
SULAWESI BARAT,POLEWALI MANDAR,LUYO,PUCCADI,1,JANUARI
SULAWESI BARAT,POLEWALI MANDAR,LUYO,PUSSUI,1,JANUARI
SULAWESI BARAT,POLEWALI MANDAR,LUYO,PUSSUI BARAT,1,JANUARI
SULAWESI BARAT,POLEWALI MANDAR,LUYO,SAMBALI WALI,1,JANUARI
SULAWESI BARAT,POLEWALI MANDAR,LUYO,TENGGELANG,1,JANUARI
SULAWESI BARAT,POLEWALI MANDAR,MAPILLI,BEROANGIN,1,JANUARI
SULAWESI BARAT,POLEWALI MANDAR,MAPILLI,BONNE BONNE,1,JANUARI
SULAWESI BARAT,POLEWALI MANDAR,MAPILLI,BONRA,1,JANUARI
SULAWESI BARAT,POLEWALI MANDAR,MAPILLI,BUKU,2,JANUARI
SULAWESI BARAT,POLEWALI MANDAR,MAPILLI,KURMA,1,JANUARI
SULAWESI BARAT,POLEWALI MANDAR,MAPILLI,LANDI KANUSUANG,1,JANUARI
SULAWESI BARAT,POLEWALI MANDAR,MAPILLI,MAPILI,1,JANUARI
SULAWESI BARAT,POLEWALI MANDAR,MAPILLI,RAPPANG BARAT,1,JANUARI
SULAWESI BARAT,POLEWALI MANDAR,MAPILLI,RUMPA,1,JANUARI
SULAWESI BARAT,POLEWALI MANDAR,MAPILLI,SATTOKO,1,JANUARI
SULAWESI BARAT,POLEWALI MANDAR,MAPILLI,SEGERANG,1,JANUARI
SULAWESI BARAT,POLEWALI MANDAR,MAPILLI,UGIBARU,1,JANUARI
SULAWESI BARAT,POLEWALI MANDAR,MATAKALI,BARUMBUNG,1,JANUARI
SULAWESI BARAT,POLEWALI MANDAR,MATAKALI,BUNGA-BUNGA,1,JANUARI
SULAWESI BARAT,POLEWALI MANDAR,MATAKALI,INDOMAKKOMBONG,1,JANUARI
SULAWESI BARAT,POLEWALI MANDAR,MATAKALI,MATAKALI,1,JANUARI
SULAWESI BARAT,POLEWALI MANDAR,MATAKALI,PASIANG,1,JANUARI
SULAWESI BARAT,POLEWALI MANDAR,MATAKALI,PETAMPANUA,1,JANUARI
SULAWESI BARAT,POLEWALI MANDAR,MATAKALI,TONROLIMA,1,JANUARI
SULAWESI BARAT,POLEWALI MANDAR,MATANGNGA,BA'BA TAPUA,1,JANUARI
SULAWESI BARAT,POLEWALI MANDAR,MATANGNGA,KATIMBANG,1,JANUARI
SULAWESI BARAT,POLEWALI MANDAR,MATANGNGA,LILLI,1,JANUARI
SULAWESI BARAT,POLEWALI MANDAR,MATANGNGA,MAMBU TAPUA,1,JANUARI
SULAWESI BARAT,POLEWALI MANDAR,MATANGNGA,MATANGNGA,1,JANUARI
SULAWESI BARAT,POLEWALI MANDAR,MATANGNGA,RANGOAN,1,JANUARI
SULAWESI BARAT,POLEWALI MANDAR,MATANGNGA,TAPUA,1,JANUARI
SULAWESI BARAT,POLEWALI MANDAR,POLEWALI,DARMA,1,JANUARI
SULAWESI BARAT,POLEWALI MANDAR,POLEWALI,LANTORA,1,JANUARI
SULAWESI BARAT,POLEWALI MANDAR,POLEWALI,MADATE,1,JANUARI
SULAWESI BARAT,POLEWALI MANDAR,POLEWALI,MANDING,1,JANUARI
SULAWESI BARAT,POLEWALI MANDAR,POLEWALI,PEKKABATA,1,JANUARI
SULAWESI BARAT,POLEWALI MANDAR,POLEWALI,POLEWALI,1,JANUARI
SULAWESI BARAT,POLEWALI MANDAR,POLEWALI,SULEWATANG,1,JANUARI
SULAWESI BARAT,POLEWALI MANDAR,POLEWALI,TAKATIDUNG,1,JANUARI
SULAWESI BARAT,POLEWALI MANDAR,POLEWALI,WATTANG,1,JANUARI
SULAWESI BARAT,POLEWALI MANDAR,TAPANGO,BANATO REJO,1,JANUARI
SULAWESI BARAT,POLEWALI MANDAR,TAPANGO,BATU,1,JANUARI
SULAWESI BARAT,POLEWALI MANDAR,TAPANGO,BUSSU,1,JANUARI
SULAWESI BARAT,POLEWALI MANDAR,TAPANGO,DAKKA,1,JANUARI
SULAWESI BARAT,POLEWALI MANDAR,TAPANGO,JAMBU MALEA,1,JANUARI
SULAWESI BARAT,POLEWALI MANDAR,TAPANGO,KALIMBUA,1,JANUARI
SULAWESI BARAT,POLEWALI MANDAR,TAPANGO,KURRAK,1,JANUARI
SULAWESI BARAT,POLEWALI MANDAR,TAPANGO,PALATTA,1,JANUARI
SULAWESI BARAT,POLEWALI MANDAR,TAPANGO,PELITAKAN,1,JANUARI
SULAWESI BARAT,POLEWALI MANDAR,TAPANGO,RAPPANG,1,JANUARI
SULAWESI BARAT,POLEWALI MANDAR,TAPANGO,TAPANGO,1,JANUARI
SULAWESI BARAT,POLEWALI MANDAR,TAPANGO,TAPANGO BARAT,1,JANUARI
SULAWESI BARAT,POLEWALI MANDAR,TAPANGO,TUTTULA,1,JANUARI
SULAWESI BARAT,POLEWALI MANDAR,TINAMBUNG,BATULAYA,1,JANUARI
SULAWESI BARAT,POLEWALI MANDAR,TINAMBUNG,GALUNG LOMBOK,1,JANUARI
SULAWESI BARAT,POLEWALI MANDAR,TINAMBUNG,KARAMA,1,JANUARI
SULAWESI BARAT,POLEWALI MANDAR,TINAMBUNG,LEKOPADIS,1,JANUARI
SULAWESI BARAT,POLEWALI MANDAR,TINAMBUNG,SEPABATU,1,JANUARI
SULAWESI BARAT,POLEWALI MANDAR,TINAMBUNG,TANDUNG,1,JANUARI
SULAWESI BARAT,POLEWALI MANDAR,TINAMBUNG,TANGNGA TANGNGA,1,JANUARI
SULAWESI BARAT,POLEWALI MANDAR,TINAMBUNG,TINAMBUNG,1,JANUARI
SULAWESI BARAT,POLEWALI MANDAR,TUTAR,AMBOPADANG,1,JANUARI
SULAWESI BARAT,POLEWALI MANDAR,TUTAR,ARABUA,1,JANUARI
SULAWESI BARAT,POLEWALI MANDAR,TUTAR,BESOANGIN,1,JANUARI
SULAWESI BARAT,POLEWALI MANDAR,TUTAR,BESOANGIN UTARA,1,JANUARI
SULAWESI BARAT,POLEWALI MANDAR,TUTAR,PEBURRU,1,JANUARI
SULAWESI BARAT,POLEWALI MANDAR,TUTAR,PIRIANG TAPIKO,1,JANUARI
SULAWESI BARAT,POLEWALI MANDAR,TUTAR,PODA,1,JANUARI
SULAWESI BARAT,POLEWALI MANDAR,TUTAR,POLLEWANI,1,JANUARI
SULAWESI BARAT,POLEWALI MANDAR,TUTAR,RATTE,1,JANUARI
SULAWESI BARAT,POLEWALI MANDAR,TUTAR,TALOBA,1,JANUARI
SULAWESI BARAT,POLEWALI MANDAR,TUTAR,TARAMANU,1,JANUARI
SULAWESI BARAT,POLEWALI MANDAR,TUTAR,TARAMANU TUA,1,JANUARI
SULAWESI BARAT,POLEWALI MANDAR,TUTAR,TUBBI,1,JANUARI
SULAWESI BARAT,POLEWALI MANDAR,WONOMULYO,ARJO SARI,1,JANUARI
SULAWESI BARAT,POLEWALI MANDAR,WONOMULYO,BAKKA-BAKKA,1,JANUARI
SULAWESI BARAT,POLEWALI MANDAR,WONOMULYO,BANUA BARU,1,JANUARI
SULAWESI BARAT,POLEWALI MANDAR,WONOMULYO,BUMIAYU,1,JANUARI
SULAWESI BARAT,POLEWALI MANDAR,WONOMULYO,BUMIMULYO,1,JANUARI
SULAWESI BARAT,POLEWALI MANDAR,WONOMULYO,CAMPURJO,1,JANUARI
SULAWESI BARAT,POLEWALI MANDAR,WONOMULYO,GALESON,1,JANUARI
SULAWESI BARAT,POLEWALI MANDAR,WONOMULYO,KEBUNSARI,1,JANUARI
SULAWESI BARAT,POLEWALI MANDAR,WONOMULYO,NEPO,1,JANUARI
SULAWESI BARAT,POLEWALI MANDAR,WONOMULYO,SIDODADI,1,JANUARI
SULAWESI BARAT,POLEWALI MANDAR,WONOMULYO,SIDOREJO,1,JANUARI
SULAWESI BARAT,POLEWALI MANDAR,WONOMULYO,SUGIHWARAS,1,JANUARI
SULAWESI BARAT,POLEWALI MANDAR,WONOMULYO,SUMBEREJO,1,JANUARI
SULAWESI BARAT,POLEWALI MANDAR,WONOMULYO,TUMPILING,1,JANUARI
SULAWESI BARAT,MAMUJU TENGAH,TOBADAK,BATU PARIGI,0,JANUARI
SULAWESI BARAT,MAMUJU TENGAH,BUDONG-BUDONG,PONTANAKAYANG,0,JANUARI
SULAWESI BARAT,MAMUJU TENGAH,KAROSSA,SUKA MAJU,0,JANUARI
SULAWESI BARAT,MAMUJU TENGAH,KAROSSA,SANJANGO,0,JANUARI
SULAWESI BARAT,PASANGKAYU,DAPURANG,TIRTABUANA,0,JANUARI
SULAWESI BARAT,PASANGKAYU,DAPURANG,SARASA,0,JANUARI
SULAWESI BARAT,PASANGKAYU,SARJO,MAPONU,0,JANUARI
SULAWESI BARAT,PASANGKAYU,SARJO,LETAWA,0,JANUARI
SULAWESI BARAT,PASANGKAYU,SARUDU,SARUDU,0,JANUARI
SULAWESI BARAT,MAMASA,ARALLE,ARALLE UTARA,0,JANUARI
SULAWESI BARAT,MAMASA,ARALLE,UHAIDAHO,0,JANUARI
SULAWESI BARAT,MAMASA,ARALLE,BARURU,0,JANUARI
SULAWESI BARAT,MAMASA,ARALLE,RALLEANAK UTARA,0,JANUARI
SULAWESI BARAT,MAMASA,ARALLE,PAMOSEANG PANGGA,0,JANUARI
SULAWESI BARAT,MAMASA,ARALLE,KALABE,0,JANUARI
SULAWESI BARAT,MAMASA,ARALLE,ARALLE SELATAN,0,JANUARI
SULAWESI BARAT,MAMASA,ARALLE,HAHANGAN,0,JANUARI
SULAWESI BARAT,MAMASA,BUNTUMALANGKA,RANTEBERAN,0,JANUARI
SULAWESI BARAT,MAMASA,BUNTUMALANGKA,SALUTAMBUN BARAT,0,JANUARI
SULAWESI BARAT,MAMASA,BUNTUMALANGKA,SALUTAMBUN,0,JANUARI
SULAWESI BARAT,MAMASA,MAMBI,TALIPUKKI,0,JANUARI
SULAWESI BARAT,MAMASA,MAMBI,SALUBANUA,0,JANUARI
SULAWESI BARAT,MAMASA,MAMBI,TAPALINA,0,JANUARI
SULAWESI BARAT,MAMASA,MAMBI,PAMOSEAN,0,JANUARI
SULAWESI BARAT,MAMASA,MAMBI,SELUMAKA,0,JANUARI
SULAWESI BARAT,MAMASA,MAMBI,SALU ALO,0,JANUARI
SULAWESI BARAT,MAMASA,MAMBI,INDOBANUA,0,JANUARI
SULAWESI BARAT,MAMASA,PANA,ULUSALU,0,JANUARI
SULAWESI BARAT,MAMASA,PANA,SALUTAMBUN,0,JANUARI
SULAWESI BARAT,MAMASA,PANA,ULUSALU INDAH,0,JANUARI
SULAWESI BARAT,MAMASA,SUMARORONG,BATANG URU,0,JANUARI
SULAWESI BARAT,MAMASA,TABULAHAN,SALULEANG,0,JANUARI
SULAWESI BARAT,MAMASA,TABULAHAN,TAMPAK KURRA,0,JANUARI
SULAWESI BARAT,MAMASA,TABULAHAN,LAKAHANG UTAMA,0,JANUARI
SULAWESI BARAT,MAMASA,TANDUK KALUA,SINDAGAMANIK,0,JANUARI
SULAWESI BARAT,MAMASA,TANDUK KALUA,PARONDOBULAWAN,0,JANUARI
SULAWESI BARAT,MAMASA,TANDUK KALUA,TAMALANTIK,0,JANUARI
SULAWESI BARAT,MAMASA,TANDUK KALUA,MANNABABA,0,JANUARI
SULAWESI BARAT,MAMASA,TANDUK KALUA,SALURANO,0,JANUARI
SULAWESI BARAT,MAMASA,TANDUK KALUA,TALIMBUNG,0,JANUARI
SULAWESI BARAT,MAMASA,TAWALIAN,KARIANGO,0,JANUARI
SULAWESI BARAT,MAMASA,TAWALIAN,RANTETANGNGA,0,JANUARI
SULAWESI BARAT,POLEWALI MANDAR,TAPANGO,RISO,0,JANUARI
SULAWESI BARAT,MAMUJU,KALUKKU,SONDOANG,0,JANUARI
SULAWESI BARAT,MAMUJU,KALUKKU,KEANG,0,JANUARI
SULAWESI BARAT,MAMUJU,KALUMPANG,KARAMA,0,JANUARI
SULAWESI BARAT,MAMUJU,KALUMPANG,SIRAUN,0,JANUARI
SULAWESI BARAT,MAMUJU,KALUMPANG,SALUMAKKI,0,JANUARI
SULAWESI BARAT,MAMUJU,KALUMPANG,POLIO,0,JANUARI
SULAWESI BARAT,MAMUJU,KALUMPANG,BATU MAKKADA,0,JANUARI
SULAWESI BARAT,MAMUJU,KALUMPANG,LASA',0,JANUARI
SULAWESI BARAT,MAMUJU,TOMMO,TOMMO,0,JANUARI
SULAWESI BARAT,MAMUJU,BONEHAU,MAPPU,0,JANUARI
SULAWESI BARAT,MAJENE,BANGGAE,BANGGAE,1,FEBRUARI
SULAWESI BARAT,MAJENE,BANGGAE,BARU,1,FEBRUARI
SULAWESI BARAT,MAJENE,BANGGAE,GALUNG,1,FEBRUARI
SULAWESI BARAT,MAJENE,BANGGAE,PALIPI SOREANG,1,FEBRUARI
SULAWESI BARAT,MAJENE,BANGGAE,PAMBOBORANG,1,FEBRUARI
SULAWESI BARAT,MAJENE,BANGGAE,PANGALI ALI,1,FEBRUARI
SULAWESI BARAT,MAJENE,BANGGAE,RANGAS,1,FEBRUARI
SULAWESI BARAT,MAJENE,BANGGAE,TOTOLI,1,FEBRUARI
SULAWESI BARAT,MAJENE,BANGGAE TIMUR,BARUGA,1,FEBRUARI
SULAWESI BARAT,MAJENE,BANGGAE TIMUR,BARUGA DHUA,1,FEBRUARI
SULAWESI BARAT,MAJENE,BANGGAE TIMUR,BAURUNG,1,FEBRUARI
SULAWESI BARAT,MAJENE,BANGGAE TIMUR,BUTTU BARUGA,1,FEBRUARI
SULAWESI BARAT,MAJENE,BANGGAE TIMUR,LABUANG,1,FEBRUARI
SULAWESI BARAT,MAJENE,BANGGAE TIMUR,LABUANG UTARA,1,FEBRUARI
SULAWESI BARAT,MAJENE,BANGGAE TIMUR,LEMBANG,1,FEBRUARI
SULAWESI BARAT,MAJENE,BANGGAE TIMUR,TANDE,1,FEBRUARI
SULAWESI BARAT,MAJENE,BANGGAE TIMUR,TANDE TIMUR,1,FEBRUARI
SULAWESI BARAT,MAJENE,MALUNDA,BAMBANGAN,1,FEBRUARI
SULAWESI BARAT,MAJENE,MALUNDA,KAYUANGIN,1,FEBRUARI
SULAWESI BARAT,MAJENE,MALUNDA,LAMUNGANG BATU,1,FEBRUARI
SULAWESI BARAT,MAJENE,MALUNDA,LOMBANG,1,FEBRUARI
SULAWESI BARAT,MAJENE,MALUNDA,LOMBANG TIMUR,1,FEBRUARI
SULAWESI BARAT,MAJENE,MALUNDA,LOMBONG,1,FEBRUARI
SULAWESI BARAT,MAJENE,MALUNDA,LOMBONG TIMUR,1,FEBRUARI
SULAWESI BARAT,MAJENE,MALUNDA,MALIAYA,1,FEBRUARI
SULAWESI BARAT,MAJENE,MALUNDA,MALUNDA,1,FEBRUARI
SULAWESI BARAT,MAJENE,MALUNDA,MEKKATTA,1,FEBRUARI
SULAWESI BARAT,MAJENE,MALUNDA,MEKKATTA SELATAN,1,FEBRUARI
SULAWESI BARAT,MAJENE,MALUNDA,SALUTAHONGAN,1,FEBRUARI
SULAWESI BARAT,MAJENE,PAMBOANG,ADOLANG,1,FEBRUARI
SULAWESI BARAT,MAJENE,PAMBOANG,ADOLANG DHUA,1,FEBRUARI
SULAWESI BARAT,MAJENE,PAMBOANG,BABABULO,1,FEBRUARI
SULAWESI BARAT,MAJENE,PAMBOANG,BABABULO UTARA,1,FEBRUARI
SULAWESI BARAT,MAJENE,PAMBOANG,BALOMBONG,1,FEBRUARI
SULAWESI BARAT,MAJENE,PAMBOANG,BANUA ADOLANG,1,FEBRUARI
SULAWESI BARAT,MAJENE,PAMBOANG,BETTENG,1,FEBRUARI
SULAWESI BARAT,MAJENE,PAMBOANG,BONDE,1,FEBRUARI
SULAWESI BARAT,MAJENE,PAMBOANG,BONDE UTARA,1,FEBRUARI
SULAWESI BARAT,MAJENE,PAMBOANG,BUTTU PAMBOANG,1,FEBRUARI
SULAWESI BARAT,MAJENE,PAMBOANG,LALAMPANUA,1,FEBRUARI
SULAWESI BARAT,MAJENE,PAMBOANG,PESULOANG,1,FEBRUARI
SULAWESI BARAT,MAJENE,PAMBOANG,SIMBANG,1,FEBRUARI
SULAWESI BARAT,MAJENE,PAMBOANG,SIRINDU,1,FEBRUARI
SULAWESI BARAT,MAJENE,PAMBOANG,TINAMBUNG,1,FEBRUARI
SULAWESI BARAT,MAJENE,SENDANA,BANUA SENDANA,1,FEBRUARI
SULAWESI BARAT,MAJENE,SENDANA,BINANGA,1,FEBRUARI
SULAWESI BARAT,MAJENE,SENDANA,BUKIT SAMANG,1,FEBRUARI
SULAWESI BARAT,MAJENE,SENDANA,LALATEDZONG,1,FEBRUARI
SULAWESI BARAT,MAJENE,SENDANA,LEPPANGANG,1,FEBRUARI
SULAWESI BARAT,MAJENE,SENDANA,LIMBORO RAMBU-RAMBU,1,FEBRUARI
SULAWESI BARAT,MAJENE,SENDANA,LIMBUA,1,FEBRUARI
SULAWESI BARAT,MAJENE,SENDANA,MOSSO,1,FEBRUARI
SULAWESI BARAT,MAJENE,SENDANA,MOSSO DHUA,1,FEBRUARI
SULAWESI BARAT,MAJENE,SENDANA,PAMINGGALAN,1,FEBRUARI
SULAWESI BARAT,MAJENE,SENDANA,PUNDAU,1,FEBRUARI
SULAWESI BARAT,MAJENE,SENDANA,PUTTADA,1,FEBRUARI
SULAWESI BARAT,MAJENE,SENDANA,SENDANA,1,FEBRUARI
SULAWESI BARAT,MAJENE,SENDANA,TALLUBANUA,1,FEBRUARI
SULAWESI BARAT,MAJENE,SENDANA,TALLUBANUA UTARA,1,FEBRUARI
SULAWESI BARAT,MAJENE,SENDANA,TOTOLISI SENDANA,1,FEBRUARI
SULAWESI BARAT,MAJENE,TAMMERODO SENDANA,AWO,1,FEBRUARI
SULAWESI BARAT,MAJENE,TAMMERODO SENDANA,MANYAMBA,1,FEBRUARI
SULAWESI BARAT,MAJENE,TAMMERODO SENDANA,SEPPONG,1,FEBRUARI
SULAWESI BARAT,MAJENE,TAMMERODO SENDANA,TALLAMBALAO,1,FEBRUARI
SULAWESI BARAT,MAJENE,TAMMERODO SENDANA,TAMMERODO,1,FEBRUARI
SULAWESI BARAT,MAJENE,TAMMERODO SENDANA,TAMMERODO UTARA,1,FEBRUARI
SULAWESI BARAT,MAJENE,TAMMERODO SENDANA,ULIDANG,1,FEBRUARI
SULAWESI BARAT,MAJENE,TUBO SENDANA,BONDE BONDE,1,FEBRUARI
SULAWESI BARAT,MAJENE,TUBO SENDANA,ONANG,1,FEBRUARI
SULAWESI BARAT,MAJENE,TUBO SENDANA,ONANG UTARA,1,FEBRUARI
SULAWESI BARAT,MAJENE,TUBO SENDANA,TUBO,1,FEBRUARI
SULAWESI BARAT,MAJENE,TUBO SENDANA,TUBO POANG,1,FEBRUARI
SULAWESI BARAT,MAJENE,TUBO SENDANA,TUBO SELATAN,1,FEBRUARI
SULAWESI BARAT,MAJENE,TUBO SENDANA,TUBO TENGAH,1,FEBRUARI
SULAWESI BARAT,MAJENE,ULUMANDA,KABIRAAN,1,FEBRUARI
SULAWESI BARAT,MAJENE,ULUMANDA,PANGGALO,1,FEBRUARI
SULAWESI BARAT,MAJENE,ULUMANDA,POPENGA,1,FEBRUARI
SULAWESI BARAT,MAJENE,ULUMANDA,SALUTAMBUNG,1,FEBRUARI
SULAWESI BARAT,MAJENE,ULUMANDA,SAMBABO,1,FEBRUARI
SULAWESI BARAT,MAJENE,ULUMANDA,SULAI,1,FEBRUARI
SULAWESI BARAT,MAJENE,ULUMANDA,TANDEALLO,1,FEBRUARI
SULAWESI BARAT,MAJENE,ULUMANDA,ULUMANDA,1,FEBRUARI
SULAWESI BARAT,MAMASA,ARALLE,ARALLE,1,FEBRUARI
SULAWESI BARAT,MAMASA,ARALLE,PANETEAN,1,FEBRUARI
SULAWESI BARAT,MAMASA,ARALLE,RALLE ANAK,1,FEBRUARI
SULAWESI BARAT,MAMASA,ARALLE,UHAILANU,1,FEBRUARI
SULAWESI BARAT,MAMASA,BALLA,BALLA,2,FEBRUARI
SULAWESI BARAT,MAMASA,BALLA,BALLA BARAT,1,FEBRUARI
SULAWESI BARAT,MAMASA,BALLA,BALLA SATANETEAN,1,FEBRUARI
SULAWESI BARAT,MAMASA,BALLA,BALLA TIMUR,1,FEBRUARI
SULAWESI BARAT,MAMASA,BALLA,BALLA TUMUKA,1,FEBRUARI
SULAWESI BARAT,MAMASA,BALLA,BAMBAPUANG,1,FEBRUARI
SULAWESI BARAT,MAMASA,BALLA,PIDARA,1,FEBRUARI
SULAWESI BARAT,MAMASA,BALLA,SEPAKUAN,2,FEBRUARI
SULAWESI BARAT,MAMASA,BAMBANG,BALATANA,1,FEBRUARI
SULAWESI BARAT,MAMASA,BAMBANG,BAMBANG,1,FEBRUARI
SULAWESI BARAT,MAMASA,BAMBANG,BAMBANG TIMUR,1,FEBRUARI
SULAWESI BARAT,MAMASA,BAMBANG,LIMBADEBATA,1,FEBRUARI
SULAWESI BARAT,MAMASA,BAMBANG,MASOSO,1,FEBRUARI
SULAWESI BARAT,MAMASA,BAMBANG,MINANGA,1,FEBRUARI
SULAWESI BARAT,MAMASA,BAMBANG,MOKALLANG,1,FEBRUARI
SULAWESI BARAT,MAMASA,BAMBANG,RANTELEMO,1,FEBRUARI
SULAWESI BARAT,MAMASA,BAMBANG,RANTETARIMA,1,FEBRUARI
SULAWESI BARAT,MAMASA,BAMBANG,SALUASSING,1,FEBRUARI
SULAWESI BARAT,MAMASA,BAMBANG,SALUBULO,1,FEBRUARI
SULAWESI BARAT,MAMASA,BAMBANG,SALUDENGEN,1,FEBRUARI
SULAWESI BARAT,MAMASA,BAMBANG,SALUKADI,1,FEBRUARI
SULAWESI BARAT,MAMASA,BAMBANG,SALUKEPOPOK,1,FEBRUARI
SULAWESI BARAT,MAMASA,BAMBANG,SALURURU,1,FEBRUARI
SULAWESI BARAT,MAMASA,BAMBANG,SALUTABANG,1,FEBRUARI
SULAWESI BARAT,MAMASA,BAMBANG,SIKAMASE,1,FEBRUARI
SULAWESI BARAT,MAMASA,BAMBANG,TANETE TOMBA,1,FEBRUARI
SULAWESI BARAT,MAMASA,BAMBANG,ULUMAMBI,1,FEBRUARI
SULAWESI BARAT,MAMASA,BAMBANG,ULUMAMBI BARAT,1,FEBRUARI
SULAWESI BARAT,MAMASA,BUNTUMALANGKA,ARALLE TIMUR,1,FEBRUARI
SULAWESI BARAT,MAMASA,BUNTUMALANGKA,BUNTUMALANGKA,1,FEBRUARI
SULAWESI BARAT,MAMASA,BUNTUMALANGKA,KABAE,1,FEBRUARI
SULAWESI BARAT,MAMASA,BUNTUMALANGKA,KEBANGA,1,FEBRUARI
SULAWESI BARAT,MAMASA,BUNTUMALANGKA,PENATANGAN,1,FEBRUARI
SULAWESI BARAT,MAMASA,BUNTUMALANGKA,SALURINDU,1,FEBRUARI
SULAWESI BARAT,MAMASA,BUNTUMALANGKA,SALUTAMBUN TIMUR,1,FEBRUARI
SULAWESI BARAT,MAMASA,BUNTUMALANGKA,TAORA,1,FEBRUARI
SULAWESI BARAT,MAMASA,MAMASA,BOMBONG LAMBE,1,FEBRUARI
SULAWESI BARAT,MAMASA,MAMASA,BUBUN BATU,1,FEBRUARI
SULAWESI BARAT,MAMASA,MAMASA,BUNTU BUDA,1,FEBRUARI
SULAWESI BARAT,MAMASA,MAMASA,LAMBANAN,1,FEBRUARI
SULAWESI BARAT,MAMASA,MAMASA,LEMBANA SALULO,1,FEBRUARI
SULAWESI BARAT,MAMASA,MAMASA,MAMASA,1,FEBRUARI
SULAWESI BARAT,MAMASA,MAMASA,MAMBULILING,1,FEBRUARI
SULAWESI BARAT,MAMASA,MAMASA,OSANGO,1,FEBRUARI
SULAWESI BARAT,MAMASA,MAMASA,PEBASSIAN,1,FEBRUARI
SULAWESI BARAT,MAMASA,MAMASA,RAMBUSARATU,1,FEBRUARI
SULAWESI BARAT,MAMASA,MAMASA,TAUPE,1,FEBRUARI
SULAWESI BARAT,MAMASA,MAMASA,TONDOK BAKARU,1,FEBRUARI
SULAWESI BARAT,MAMASA,MAMBI,BUJUNG MANURUNG,1,FEBRUARI
SULAWESI BARAT,MAMASA,MAMBI,MAMBI,1,FEBRUARI
SULAWESI BARAT,MAMASA,MAMBI,RANTEBULAHAN,1,FEBRUARI
SULAWESI BARAT,MAMASA,MAMBI,SALUDURIAN,1,FEBRUARI
SULAWESI BARAT,MAMASA,MAMBI,SENDANA,1,FEBRUARI
SULAWESI BARAT,MAMASA,MAMBI,SONDONGLAYU,1,FEBRUARI
SULAWESI BARAT,MAMASA,MEHALAAN,BOTTENG,1,FEBRUARI
SULAWESI BARAT,MAMASA,MEHALAAN,KONDO,1,FEBRUARI
SULAWESI BARAT,MAMASA,MEHALAAN,LEKO SUKAMAJU,1,FEBRUARI
SULAWESI BARAT,MAMASA,MEHALAAN,MEHALAAN,1,FEBRUARI
SULAWESI BARAT,MAMASA,MEHALAAN,MEHALAAN BARAT,1,FEBRUARI
SULAWESI BARAT,MAMASA,MEHALAAN,MESAKADA,1,FEBRUARI
SULAWESI BARAT,MAMASA,MEHALAAN,PASSEMBUK,1,FEBRUARI
SULAWESI BARAT,MAMASA,MEHALAAN,SALUAHOK,1,FEBRUARI
SULAWESI BARAT,MAMASA,MEHALAAN,SALUBALO,1,FEBRUARI
SULAWESI BARAT,MAMASA,MEHALAAN,SALUKONTA,1,FEBRUARI
SULAWESI BARAT,MAMASA,MEHALAAN,ULUMEA,1,FEBRUARI
SULAWESI BARAT,MAMASA,MESSAWA,MAKUANG,1,FEBRUARI
SULAWESI BARAT,MAMASA,MESSAWA,MALIMBONG,1,FEBRUARI
SULAWESI BARAT,MAMASA,MESSAWA,MATANDE,1,FEBRUARI
SULAWESI BARAT,MAMASA,MESSAWA,MESSAWA,1,FEBRUARI
SULAWESI BARAT,MAMASA,MESSAWA,PASMA MAMBU,1,FEBRUARI
SULAWESI BARAT,MAMASA,MESSAWA,RIPPUNG,1,FEBRUARI
SULAWESI BARAT,MAMASA,MESSAWA,SEPANG,1,FEBRUARI
SULAWESI BARAT,MAMASA,MESSAWA,SIPAI,1,FEBRUARI
SULAWESI BARAT,MAMASA,MESSAWA,TANETE BATU,1,FEBRUARI
SULAWESI BARAT,MAMASA,NOSU,BATUPAPAN,1,FEBRUARI
SULAWESI BARAT,MAMASA,NOSU,MASEWWE,1,FEBRUARI
SULAWESI BARAT,MAMASA,NOSU,MINANGA,1,FEBRUARI
SULAWESI BARAT,MAMASA,NOSU,MINANGA TIMUR,1,FEBRUARI
SULAWESI BARAT,MAMASA,NOSU,NOSU,1,FEBRUARI
SULAWESI BARAT,MAMASA,NOSU,PARINDING,1,FEBRUARI
SULAWESI BARAT,MAMASA,NOSU,SIWI,1,FEBRUARI
SULAWESI BARAT,MAMASA,PANA,DATUBARINGAN,2,FEBRUARI
SULAWESI BARAT,MAMASA,PANA,KARAKA,1,FEBRUARI
SULAWESI BARAT,MAMASA,PANA,MAMULLU,2,FEBRUARI
SULAWESI BARAT,MAMASA,PANA,MANIPI,2,FEBRUARI
SULAWESI BARAT,MAMASA,PANA,PANA,1,FEBRUARI
SULAWESI BARAT,MAMASA,PANA,PANURA,1,FEBRUARI
SULAWESI BARAT,MAMASA,PANA,SALOAN,2,FEBRUARI
SULAWESI BARAT,MAMASA,PANA,SAPAN,1,FEBRUARI
SULAWESI BARAT,MAMASA,PANA,TALLANG BULAWAN,2,FEBRUARI
SULAWESI BARAT,MAMASA,PANA,WERI,1,FEBRUARI
SULAWESI BARAT,MAMASA,RANTEBULAHAN TIMUR,BAMBANG BUDA,1,FEBRUARI
SULAWESI BARAT,MAMASA,RANTEBULAHAN TIMUR,BUANGIN,2,FEBRUARI
SULAWESI BARAT,MAMASA,RANTEBULAHAN TIMUR,KIRAK,1,FEBRUARI
SULAWESI BARAT,MAMASA,RANTEBULAHAN TIMUR,LEKO,1,FEBRUARI
SULAWESI BARAT,MAMASA,RANTEBULAHAN TIMUR,SALUMOKANAN,1,FEBRUARI
SULAWESI BARAT,MAMASA,RANTEBULAHAN TIMUR,SALUMOKANAN BARAT,1,FEBRUARI
SULAWESI BARAT,MAMASA,RANTEBULAHAN TIMUR,SALUMOKANAN UTARA,1,FEBRUARI
SULAWESI BARAT,MAMASA,RANTEBULAHAN TIMUR,SAMPALE,1,FEBRUARI
SULAWESI BARAT,MAMASA,SESENAPADANG,LISUAN ADA,1,FEBRUARI
SULAWESI BARAT,MAMASA,SESENAPADANG,MALANGKENA PADANG,1,FEBRUARI
SULAWESI BARAT,MAMASA,SESENAPADANG,MALIMBONG,1,FEBRUARI
SULAWESI BARAT,MAMASA,SESENAPADANG,MARAMPAN OROBUA,1,FEBRUARI
SULAWESI BARAT,MAMASA,SESENAPADANG,OROBUA,1,FEBRUARI
SULAWESI BARAT,MAMASA,SESENAPADANG,OROBUA SELATAN,1,FEBRUARI
SULAWESI BARAT,MAMASA,SESENAPADANG,OROBUA TIMUR,1,FEBRUARI
SULAWESI BARAT,MAMASA,SESENAPADANG,PALADAN,1,FEBRUARI
SULAWESI BARAT,MAMASA,SESENAPADANG,RANTE PUANG,1,FEBRUARI
SULAWESI BARAT,MAMASA,SESENAPADANG,SATENETEAN,1,FEBRUARI
SULAWESI BARAT,MAMASA,SUMARORONG,BANEA,1,FEBRUARI
SULAWESI BARAT,MAMASA,SUMARORONG,BATANGNGURU TIMUR,1,FEBRUARI
SULAWESI BARAT,MAMASA,SUMARORONG,RANTE KAMASE,1,FEBRUARI
SULAWESI BARAT,MAMASA,SUMARORONG,SALUBALO,1,FEBRUARI
SULAWESI BARAT,MAMASA,SUMARORONG,SASAKAN,1,FEBRUARI
SULAWESI BARAT,MAMASA,SUMARORONG,SIBANAWA,1,FEBRUARI
SULAWESI BARAT,MAMASA,SUMARORONG,SUMARORONG,1,FEBRUARI
SULAWESI BARAT,MAMASA,SUMARORONG,TABONE,1,FEBRUARI
SULAWESI BARAT,MAMASA,SUMARORONG,TADISI,1,FEBRUARI
SULAWESI BARAT,MAMASA,TABANG,BAKADISURA,1,FEBRUARI
SULAWESI BARAT,MAMASA,TABANG,KALAMA,1,FEBRUARI
SULAWESI BARAT,MAMASA,TABANG,MASUPU,1,FEBRUARI
SULAWESI BARAT,MAMASA,TABANG,SALUKONA,1,FEBRUARI
SULAWESI BARAT,MAMASA,TABANG,TABANG,1,FEBRUARI
SULAWESI BARAT,MAMASA,TABANG,TABANG BARAT,1,FEBRUARI
SULAWESI BARAT,MAMASA,TABANG,TADOKALUA,1,FEBRUARI
SULAWESI BARAT,MAMASA,TABULAHAN,BURANA,1,FEBRUARI
SULAWESI BARAT,MAMASA,TABULAHAN,GANDANG DEWATA,1,FEBRUARI
SULAWESI BARAT,MAMASA,TABULAHAN,LAKAHANG,1,FEBRUARI
SULAWESI BARAT,MAMASA,TABULAHAN,MALATIRO,1,FEBRUARI
SULAWESI BARAT,MAMASA,TABULAHAN,PANGANDARAN,1,FEBRUARI
SULAWESI BARAT,MAMASA,TABULAHAN,PERIANGAN,1,FEBRUARI
SULAWESI BARAT,MAMASA,TABULAHAN,PEU',1,FEBRUARI
SULAWESI BARAT,MAMASA,TABULAHAN,SALUBAKKA,1,FEBRUARI
SULAWESI BARAT,MAMASA,TABULAHAN,TABULAHAN,1,FEBRUARI
SULAWESI BARAT,MAMASA,TABULAHAN,TALOPAK,1,FEBRUARI
SULAWESI BARAT,MAMASA,TABULAHAN,TIMORO,1,FEBRUARI
SULAWESI BARAT,MAMASA,TANDUK KALUA,BALLABATU,1,FEBRUARI
SULAWESI BARAT,MAMASA,TANDUK KALUA,KANAN,1,FEBRUARI
SULAWESI BARAT,MAMASA,TANDUK KALUA,MALABO,1,FEBRUARI
SULAWESI BARAT,MAMASA,TANDUK KALUA,MESAKADA,1,FEBRUARI
SULAWESI BARAT,MAMASA,TANDUK KALUA,MINAKE,1,FEBRUARI
SULAWESI BARAT,MAMASA,TANDUK KALUA,PAMBE,1,FEBRUARI
SULAWESI BARAT,MAMASA,TAWALIAN,KARIANGO,1,FEBRUARI
SULAWESI BARAT,MAMASA,TAWALIAN,RANTETANGNGA,1,FEBRUARI
SULAWESI BARAT,MAMASA,TAWALIAN,TAWALIAN,1,FEBRUARI
SULAWESI BARAT,MAMASA,TAWALIAN,TAWALIAN TIMUR,1,FEBRUARI
SULAWESI BARAT,MAMUJU,BONEHAU,BANUADA,1,FEBRUARI
SULAWESI BARAT,MAMUJU,BONEHAU,BONEHAU,1,FEBRUARI
SULAWESI BARAT,MAMUJU,BONEHAU,BUTTUADA,1,FEBRUARI
SULAWESI BARAT,MAMUJU,BONEHAU,HINUA,1,FEBRUARI
SULAWESI BARAT,MAMUJU,BONEHAU,KINATANG,1,FEBRUARI
SULAWESI BARAT,MAMUJU,BONEHAU,LUMIKA,1,FEBRUARI
SULAWESI BARAT,MAMUJU,BONEHAU,SALUTIWO,1,FEBRUARI
SULAWESI BARAT,MAMUJU,BONEHAU,TAMALEA,1,FEBRUARI
SULAWESI BARAT,MAMUJU,KALUKKU,BEBANGA,1,FEBRUARI
SULAWESI BARAT,MAMUJU,KALUKKU,BELANG BELANG,1,FEBRUARI
SULAWESI BARAT,MAMUJU,KALUKKU,BERU-BERU,1,FEBRUARI
SULAWESI BARAT,MAMUJU,KALUKKU,GULILING,1,FEBRUARI
SULAWESI BARAT,MAMUJU,KALUKKU,KABULOANG,1,FEBRUARI
SULAWESI BARAT,MAMUJU,KALUKKU,KALUKKU,1,FEBRUARI
SULAWESI BARAT,MAMUJU,KALUKKU,KALUKKU BARAT,1,FEBRUARI
SULAWESI BARAT,MAMUJU,KALUKKU,KEANG,1,FEBRUARI
SULAWESI BARAT,MAMUJU,KALUKKU,PAMMULUKANG,1,FEBRUARI
SULAWESI BARAT,MAMUJU,KALUKKU,POKKANG,1,FEBRUARI
SULAWESI BARAT,MAMUJU,KALUKKU,SINYONYOI,1,FEBRUARI
SULAWESI BARAT,MAMUJU,KALUKKU,SINYONYOI SELATAN,1,FEBRUARI
SULAWESI BARAT,MAMUJU,KALUKKU,SONDOANG,1,FEBRUARI
SULAWESI BARAT,MAMUJU,KALUKKU,UHAIMATE,1,FEBRUARI
SULAWESI BARAT,MAMUJU,KALUMPANG,KALUMPANG,1,FEBRUARI
SULAWESI BARAT,MAMUJU,KALUMPANG,KARATAUN,1,FEBRUARI
SULAWESI BARAT,MAMUJU,KALUMPANG,KONDO BULO,1,FEBRUARI
SULAWESI BARAT,MAMUJU,KALUMPANG,LIMBONG,1,FEBRUARI
SULAWESI BARAT,MAMUJU,KALUMPANG,MAKKALIKI,1,FEBRUARI
SULAWESI BARAT,MAMUJU,KALUMPANG,SANDAPANG,1,FEBRUARI
SULAWESI BARAT,MAMUJU,KALUMPANG,TUMOGA,1,FEBRUARI
SULAWESI BARAT,MAMUJU,KEP. BALA BALAKANG,BALA BALAKANG,1,FEBRUARI
SULAWESI BARAT,MAMUJU,KEP. BALA BALAKANG,BALA-BALAKANG TIMUR,1,FEBRUARI
SULAWESI BARAT,MAMUJU,MAMUJU,BAMBU,1,FEBRUARI
SULAWESI BARAT,MAMUJU,MAMUJU,BATU PANNU,1,FEBRUARI
SULAWESI BARAT,MAMUJU,MAMUJU,BINANGA,1,FEBRUARI
SULAWESI BARAT,MAMUJU,MAMUJU,KARAMPUANG,1,FEBRUARI
SULAWESI BARAT,MAMUJU,MAMUJU,KAREMA,1,FEBRUARI
SULAWESI BARAT,MAMUJU,MAMUJU,MAMUNYU,2,FEBRUARI
SULAWESI BARAT,MAMUJU,MAMUJU,RIMUKU,1,FEBRUARI
SULAWESI BARAT,MAMUJU,MAMUJU,TADUI,1,FEBRUARI
SULAWESI BARAT,MAMUJU,PAPALANG,BATU AMPA,1,FEBRUARI
SULAWESI BARAT,MAMUJU,PAPALANG,BODA-BODA,1,FEBRUARI
SULAWESI BARAT,MAMUJU,PAPALANG,BONDA,1,FEBRUARI
SULAWESI BARAT,MAMUJU,PAPALANG,PAPALANG,1,FEBRUARI
SULAWESI BARAT,MAMUJU,PAPALANG,SALUKAYU,1,FEBRUARI
SULAWESI BARAT,MAMUJU,PAPALANG,SISANGO,1,FEBRUARI
SULAWESI BARAT,MAMUJU,PAPALANG,SUKADAMAI,1,FEBRUARI
SULAWESI BARAT,MAMUJU,PAPALANG,TOABO,1,FEBRUARI
SULAWESI BARAT,MAMUJU,PAPALANG,TOPORE,1,FEBRUARI
SULAWESI BARAT,MAMUJU,SAMPAGA,BUNDE,1,FEBRUARI
SULAWESI BARAT,MAMUJU,SAMPAGA,KALONDING,1,FEBRUARI
SULAWESI BARAT,MAMUJU,SAMPAGA,LOSSO,1,FEBRUARI
SULAWESI BARAT,MAMUJU,SAMPAGA,SALUBARANA,1,FEBRUARI
SULAWESI BARAT,MAMUJU,SAMPAGA,SAMPAGA,1,FEBRUARI
SULAWESI BARAT,MAMUJU,SAMPAGA,TANAMBUAH,1,FEBRUARI
SULAWESI BARAT,MAMUJU,SAMPAGA,TARAILU,1,FEBRUARI
SULAWESI BARAT,MAMUJU,SIMBORO,BOTTENG,1,FEBRUARI
SULAWESI BARAT,MAMUJU,SIMBORO,BOTTENG UTARA,1,FEBRUARI
SULAWESI BARAT,MAMUJU,SIMBORO,PATI'DI,1,FEBRUARI
SULAWESI BARAT,MAMUJU,SIMBORO,RANGAS,1,FEBRUARI
SULAWESI BARAT,MAMUJU,SIMBORO,SALETTO,1,FEBRUARI
SULAWESI BARAT,MAMUJU,SIMBORO,SIMBORO,1,FEBRUARI
SULAWESI BARAT,MAMUJU,SIMBORO,SUMARE,1,FEBRUARI
SULAWESI BARAT,MAMUJU,SIMBORO,TAPANDULLU,1,FEBRUARI
SULAWESI BARAT,MAMUJU,TAPALANG,BELA,1,FEBRUARI
SULAWESI BARAT,MAMUJU,TAPALANG,DAYANGINNA,1,FEBRUARI
SULAWESI BARAT,MAMUJU,TAPALANG,GALUNG,1,FEBRUARI
SULAWESI BARAT,MAMUJU,TAPALANG,KASAMBANG,1,FEBRUARI
SULAWESI BARAT,MAMUJU,TAPALANG,KOPEANG,1,FEBRUARI
SULAWESI BARAT,MAMUJU,TAPALANG,OROBATU,1,FEBRUARI
SULAWESI BARAT,MAMUJU,TAPALANG,RANTEDODA,1,FEBRUARI
SULAWESI BARAT,MAMUJU,TAPALANG,TAAN,1,FEBRUARI
SULAWESI BARAT,MAMUJU,TAPALANG,TAKANDEANG,1,FEBRUARI
SULAWESI BARAT,MAMUJU,TAPALANG,TAMPALANG,1,FEBRUARI
SULAWESI BARAT,MAMUJU,TAPALANG BARAT,AHU,1,FEBRUARI
SULAWESI BARAT,MAMUJU,TAPALANG BARAT,DUNGKAIT,1,FEBRUARI
SULAWESI BARAT,MAMUJU,TAPALANG BARAT,LABUANG RANO,1,FEBRUARI
SULAWESI BARAT,MAMUJU,TAPALANG BARAT,LEBANI,1,FEBRUARI
SULAWESI BARAT,MAMUJU,TAPALANG BARAT,PANGASAAN,1,FEBRUARI
SULAWESI BARAT,MAMUJU,TAPALANG BARAT,PASABU,1,FEBRUARI
SULAWESI BARAT,MAMUJU,TAPALANG BARAT,TANETE PAO,1,FEBRUARI
SULAWESI BARAT,MAMUJU,TOMMO,BUANA SAKTI,1,FEBRUARI
SULAWESI BARAT,MAMUJU,TOMMO,CAMPALOGA,1,FEBRUARI
SULAWESI BARAT,MAMUJU,TOMMO,KAKULLASANG,1,FEBRUARI
SULAWESI BARAT,MAMUJU,TOMMO,KALEPU,1,FEBRUARI
SULAWESI BARAT,MAMUJU,TOMMO,LELING,1,FEBRUARI
SULAWESI BARAT,MAMUJU,TOMMO,LELING BARAT,1,FEBRUARI
SULAWESI BARAT,MAMUJU,TOMMO,LELING UTARA,1,FEBRUARI
SULAWESI BARAT,MAMUJU,TOMMO,MALINO,1,FEBRUARI
SULAWESI BARAT,MAMUJU,TOMMO,RANTEMARIO,1,FEBRUARI
SULAWESI BARAT,MAMUJU,TOMMO,SALUDENGEN,1,FEBRUARI
SULAWESI BARAT,MAMUJU,TOMMO,SANDANA,1,FEBRUARI
SULAWESI BARAT,MAMUJU,TOMMO,TAMEJARRA,1,FEBRUARI
SULAWESI BARAT,MAMUJU,TOMMO,TAMEMONGGA,1,FEBRUARI
SULAWESI BARAT,MAMUJU TENGAH,BUDONG-BUDONG,BABANA,1,FEBRUARI
SULAWESI BARAT,MAMUJU TENGAH,BUDONG-BUDONG,BARAKKANG,1,FEBRUARI
SULAWESI BARAT,MAMUJU TENGAH,BUDONG-BUDONG,BOJO,1,FEBRUARI
SULAWESI BARAT,MAMUJU TENGAH,BUDONG-BUDONG,KIRE,1,FEBRUARI
SULAWESI BARAT,MAMUJU TENGAH,BUDONG-BUDONG,LEMBAH HADA,1,FEBRUARI
SULAWESI BARAT,MAMUJU TENGAH,BUDONG-BUDONG,LUMU,1,FEBRUARI
SULAWESI BARAT,MAMUJU TENGAH,BUDONG-BUDONG,PASAPA,1,FEBRUARI
SULAWESI BARAT,MAMUJU TENGAH,BUDONG-BUDONG,SALOGATTA,1,FEBRUARI
SULAWESI BARAT,MAMUJU TENGAH,BUDONG-BUDONG,SALUMANURUNG,1,FEBRUARI
SULAWESI BARAT,MAMUJU TENGAH,BUDONG-BUDONG,TINALI,1,FEBRUARI
SULAWESI BARAT,MAMUJU TENGAH,KAROSSA,BENGGAULU,1,FEBRUARI
SULAWESI BARAT,MAMUJU TENGAH,KAROSSA,KADAILA,1,FEBRUARI
SULAWESI BARAT,MAMUJU TENGAH,KAROSSA,KAMBUNONG,1,FEBRUARI
SULAWESI BARAT,MAMUJU TENGAH,KAROSSA,KAROSSA,1,FEBRUARI
SULAWESI BARAT,MAMUJU TENGAH,KAROSSA,KAYU CALLA,1,FEBRUARI
SULAWESI BARAT,MAMUJU TENGAH,KAROSSA,LARA,1,FEBRUARI
SULAWESI BARAT,MAMUJU TENGAH,KAROSSA,LEMBAH HOPO,1,FEBRUARI
SULAWESI BARAT,MAMUJU TENGAH,KAROSSA,SALUBIRO,1,FEBRUARI
SULAWESI BARAT,MAMUJU TENGAH,KAROSSA,TASOKKO,1,FEBRUARI
SULAWESI BARAT,MAMUJU TENGAH,PANGALE,KOMBILING,1,FEBRUARI
SULAWESI BARAT,MAMUJU TENGAH,PANGALE,KUO,1,FEBRUARI
SULAWESI BARAT,MAMUJU TENGAH,PANGALE,LAMBA-LAMBA,1,FEBRUARI
SULAWESI BARAT,MAMUJU TENGAH,PANGALE,LEMO-LEMO,1,FEBRUARI
SULAWESI BARAT,MAMUJU TENGAH,PANGALE,PANGALE,1,FEBRUARI
SULAWESI BARAT,MAMUJU TENGAH,PANGALE,POLO CAMBA,1,FEBRUARI
SULAWESI BARAT,MAMUJU TENGAH,PANGALE,POLO LERENG,1,FEBRUARI
SULAWESI BARAT,MAMUJU TENGAH,PANGALE,POLO PANGALE,1,FEBRUARI
SULAWESI BARAT,MAMUJU TENGAH,PANGALE,SARTANAMAJU,1,FEBRUARI
SULAWESI BARAT,MAMUJU TENGAH,TOBADAK,BAMBADARU,1,FEBRUARI
SULAWESI BARAT,MAMUJU TENGAH,TOBADAK,MAHAHE,1,FEBRUARI
SULAWESI BARAT,MAMUJU TENGAH,TOBADAK,PALONGAAN,1,FEBRUARI
SULAWESI BARAT,MAMUJU TENGAH,TOBADAK,SALOADAK,1,FEBRUARI
SULAWESI BARAT,MAMUJU TENGAH,TOBADAK,SALOBAJA,1,FEBRUARI
SULAWESI BARAT,MAMUJU TENGAH,TOBADAK,SEJATI,1,FEBRUARI
SULAWESI BARAT,MAMUJU TENGAH,TOBADAK,TOBADAK,1,FEBRUARI
SULAWESI BARAT,MAMUJU TENGAH,TOPOYO,BAMBAMANURUNG,1,FEBRUARI
SULAWESI BARAT,MAMUJU TENGAH,TOPOYO,BUDONG-BUDONG,1,FEBRUARI
SULAWESI BARAT,MAMUJU TENGAH,TOPOYO,KABUBU,1,FEBRUARI
SULAWESI BARAT,MAMUJU TENGAH,TOPOYO,PANGALLOANG,1,FEBRUARI
SULAWESI BARAT,MAMUJU TENGAH,TOPOYO,PARAILI,1,FEBRUARI
SULAWESI BARAT,MAMUJU TENGAH,TOPOYO,SALULEKBO,1,FEBRUARI
SULAWESI BARAT,MAMUJU TENGAH,TOPOYO,SALUPANGKANG,1,FEBRUARI
SULAWESI BARAT,MAMUJU TENGAH,TOPOYO,SALUPANGKANG IV,1,FEBRUARI
SULAWESI BARAT,MAMUJU TENGAH,TOPOYO,SINABATTA,1,FEBRUARI
SULAWESI BARAT,MAMUJU TENGAH,TOPOYO,TABOLANG,1,FEBRUARI
SULAWESI BARAT,MAMUJU TENGAH,TOPOYO,TANGKOU,1,FEBRUARI
SULAWESI BARAT,MAMUJU TENGAH,TOPOYO,TAPPILINA,1,FEBRUARI
SULAWESI BARAT,MAMUJU TENGAH,TOPOYO,TOPOYO,1,FEBRUARI
SULAWESI BARAT,MAMUJU TENGAH,TOPOYO,TUMBU,1,FEBRUARI
SULAWESI BARAT,MAMUJU TENGAH,TOPOYO,WAEPUTEH,1,FEBRUARI
SULAWESI BARAT,PASANGKAYU,BAMBAIRA,BAMBAIRA,1,FEBRUARI
SULAWESI BARAT,PASANGKAYU,BAMBAIRA,KALUKU NANGKA,1,FEBRUARI
SULAWESI BARAT,PASANGKAYU,BAMBAIRA,KASOLOANG,1,FEBRUARI
SULAWESI BARAT,PASANGKAYU,BAMBAIRA,TAMPAURE,1,FEBRUARI
SULAWESI BARAT,PASANGKAYU,BAMBALAMOTU,BAMBALAMOTU,1,FEBRUARI
SULAWESI BARAT,PASANGKAYU,BAMBALAMOTU,KALOLA,2,FEBRUARI
SULAWESI BARAT,PASANGKAYU,BAMBALAMOTU,PANGIANG,1,FEBRUARI
SULAWESI BARAT,PASANGKAYU,BAMBALAMOTU,POLEWALI,1,FEBRUARI
SULAWESI BARAT,PASANGKAYU,BAMBALAMOTU,RANDOMAYANG,1,FEBRUARI
SULAWESI BARAT,PASANGKAYU,BAMBALAMOTU,WULAI,1,FEBRUARI
SULAWESI BARAT,PASANGKAYU,BARAS,BALANTI,1,FEBRUARI
SULAWESI BARAT,PASANGKAYU,BARAS,BARAS,2,FEBRUARI
SULAWESI BARAT,PASANGKAYU,BARAS,BULU PARIGI,1,FEBRUARI
SULAWESI BARAT,PASANGKAYU,BARAS,KASANO,1,FEBRUARI
SULAWESI BARAT,PASANGKAYU,BARAS,MOTU,1,FEBRUARI
SULAWESI BARAT,PASANGKAYU,BARAS,TOWONI,1,FEBRUARI
SULAWESI BARAT,PASANGKAYU,BULU TABA,BUKIT HARAPAN,1,FEBRUARI
SULAWESI BARAT,PASANGKAYU,BULU TABA,KARAVE,1,FEBRUARI
SULAWESI BARAT,PASANGKAYU,BULU TABA,KASTABUANA,1,FEBRUARI
SULAWESI BARAT,PASANGKAYU,BULU TABA,LELEJAE,1,FEBRUARI
SULAWESI BARAT,PASANGKAYU,BULU TABA,LILIMORI,1,FEBRUARI
SULAWESI BARAT,PASANGKAYU,BULU TABA,OMPI,1,FEBRUARI
SULAWESI BARAT,PASANGKAYU,BULU TABA,SUMBER SARI,1,FEBRUARI
SULAWESI BARAT,PASANGKAYU,DAPURANG,BENGGAULU,1,FEBRUARI
SULAWESI BARAT,PASANGKAYU,DAPURANG,BULU BONGGU,1,FEBRUARI
SULAWESI BARAT,PASANGKAYU,DAPURANG,DAPURANG,1,FEBRUARI
SULAWESI BARAT,PASANGKAYU,DURIPOKU,SAPTANAJAYA,1,FEBRUARI
SULAWESI BARAT,PASANGKAYU,DURIPOKU,SIPAKAINGA,1,FEBRUARI
SULAWESI BARAT,PASANGKAYU,DURIPOKU,TAMMARUNANG,1,FEBRUARI
SULAWESI BARAT,PASANGKAYU,DURIPOKU,TARANGGI,1,FEBRUARI
SULAWESI BARAT,PASANGKAYU,LARIANG,BAJAWALI,1,FEBRUARI
SULAWESI BARAT,PASANGKAYU,LARIANG,BAMBAKORO,1,FEBRUARI
SULAWESI BARAT,PASANGKAYU,LARIANG,BATU MATORU,1,FEBRUARI
SULAWESI BARAT,PASANGKAYU,LARIANG,KENANGAN,1,FEBRUARI
SULAWESI BARAT,PASANGKAYU,LARIANG,KULU,1,FEBRUARI
SULAWESI BARAT,PASANGKAYU,LARIANG,PARABU,1,FEBRUARI
SULAWESI BARAT,PASANGKAYU,LARIANG,SINGGANI,1,FEBRUARI
SULAWESI BARAT,PASANGKAYU,PASANGKAYU,AKO,1,FEBRUARI
SULAWESI BARAT,PASANGKAYU,PASANGKAYU,GUNUNG SARI,1,FEBRUARI
SULAWESI BARAT,PASANGKAYU,PASANGKAYU,KARYA BERSAMA,1,FEBRUARI
SULAWESI BARAT,PASANGKAYU,PASANGKAYU,MARTAJAYA,1,FEBRUARI
SULAWESI BARAT,PASANGKAYU,PASANGKAYU,PAKAVA,1,FEBRUARI
SULAWESI BARAT,PASANGKAYU,PASANGKAYU,PASANGKAYU,2,FEBRUARI
SULAWESI BARAT,PASANGKAYU,PEDONGGA,BATU OGE,1,FEBRUARI
SULAWESI BARAT,PASANGKAYU,PEDONGGA,MALEI,1,FEBRUARI
SULAWESI BARAT,PASANGKAYU,PEDONGGA,MARTASARI,1,FEBRUARI
SULAWESI BARAT,PASANGKAYU,PEDONGGA,PEDANDA,1,FEBRUARI
SULAWESI BARAT,PASANGKAYU,SARJO,SARJO,1,FEBRUARI
SULAWESI BARAT,PASANGKAYU,SARJO,SARUDE,1,FEBRUARI
SULAWESI BARAT,PASANGKAYU,SARUDU,BULU MARIO,1,FEBRUARI
SULAWESI BARAT,PASANGKAYU,SARUDU,DODA,1,FEBRUARI
SULAWESI BARAT,PASANGKAYU,SARUDU,KUMASARI,1,FEBRUARI
SULAWESI BARAT,PASANGKAYU,SARUDU,PATIKA,1,FEBRUARI
SULAWESI BARAT,PASANGKAYU,TIKKE RAYA,JENGENG RAYA,1,FEBRUARI
SULAWESI BARAT,PASANGKAYU,TIKKE RAYA,LARIANG,1,FEBRUARI
SULAWESI BARAT,PASANGKAYU,TIKKE RAYA,MAKMUR JAYA,1,FEBRUARI
SULAWESI BARAT,PASANGKAYU,TIKKE RAYA,PAJALELE,1,FEBRUARI
SULAWESI BARAT,PASANGKAYU,TIKKE RAYA,TIKKE,1,FEBRUARI
SULAWESI BARAT,POLEWALI MANDAR,ALLU,ALU,1,FEBRUARI
SULAWESI BARAT,POLEWALI MANDAR,ALLU,KALUMAMMANG,1,FEBRUARI
SULAWESI BARAT,POLEWALI MANDAR,ALLU,MOMBI,1,FEBRUARI
SULAWESI BARAT,POLEWALI MANDAR,ALLU,PAO-PAO,1,FEBRUARI
SULAWESI BARAT,POLEWALI MANDAR,ALLU,PETOOSANG,1,FEBRUARI
SULAWESI BARAT,POLEWALI MANDAR,ALLU,PUPPU URING,1,FEBRUARI
SULAWESI BARAT,POLEWALI MANDAR,ALLU,SARAGIAN,1,FEBRUARI
SULAWESI BARAT,POLEWALI MANDAR,ALLU,SAYOANG,1,FEBRUARI
SULAWESI BARAT,POLEWALI MANDAR,ANREAPI,ANREAPI,1,FEBRUARI
SULAWESI BARAT,POLEWALI MANDAR,ANREAPI,DUAMPANUA,1,FEBRUARI
SULAWESI BARAT,POLEWALI MANDAR,ANREAPI,KELAPA DUA,1,FEBRUARI
SULAWESI BARAT,POLEWALI MANDAR,ANREAPI,KUNYI,1,FEBRUARI
SULAWESI BARAT,POLEWALI MANDAR,ANREAPI,PAPPANDANGAN,1,FEBRUARI
SULAWESI BARAT,POLEWALI MANDAR,BALANIPA,BALA,1,FEBRUARI
SULAWESI BARAT,POLEWALI MANDAR,BALANIPA,BALANIPA,1,FEBRUARI
SULAWESI BARAT,POLEWALI MANDAR,BALANIPA,GALUNG TULUK,1,FEBRUARI
SULAWESI BARAT,POLEWALI MANDAR,BALANIPA,LAMBANAN,1,FEBRUARI
SULAWESI BARAT,POLEWALI MANDAR,BALANIPA,LEGO,1,FEBRUARI
SULAWESI BARAT,POLEWALI MANDAR,BALANIPA,MOSSO,1,FEBRUARI
SULAWESI BARAT,POLEWALI MANDAR,BALANIPA,PALLIS,1,FEBRUARI
SULAWESI BARAT,POLEWALI MANDAR,BALANIPA,PAMBUSUANG,1,FEBRUARI
SULAWESI BARAT,POLEWALI MANDAR,BALANIPA,SABANG SUBIK,1,FEBRUARI
SULAWESI BARAT,POLEWALI MANDAR,BALANIPA,TAMANGGALLE,1,FEBRUARI
SULAWESI BARAT,POLEWALI MANDAR,BALANIPA,TAMMAJARRA,1,FEBRUARI
SULAWESI BARAT,POLEWALI MANDAR,BINUANG,AMASSANGAN,1,FEBRUARI
SULAWESI BARAT,POLEWALI MANDAR,BINUANG,AMOLA,1,FEBRUARI
SULAWESI BARAT,POLEWALI MANDAR,BINUANG,BATETANGNGA,1,FEBRUARI
SULAWESI BARAT,POLEWALI MANDAR,BINUANG,KALEOK,1,FEBRUARI
SULAWESI BARAT,POLEWALI MANDAR,BINUANG,KUAJANG,1,FEBRUARI
SULAWESI BARAT,POLEWALI MANDAR,BINUANG,MAMMI,1,FEBRUARI
SULAWESI BARAT,POLEWALI MANDAR,BINUANG,MIRRING,1,FEBRUARI
SULAWESI BARAT,POLEWALI MANDAR,BINUANG,PAKU,1,FEBRUARI
SULAWESI BARAT,POLEWALI MANDAR,BINUANG,REA,1,FEBRUARI
SULAWESI BARAT,POLEWALI MANDAR,BINUANG,TONYAMAN,1,FEBRUARI
SULAWESI BARAT,POLEWALI MANDAR,BULO,BULO,1,FEBRUARI
SULAWESI BARAT,POLEWALI MANDAR,BULO,DAALA TIMUR,1,FEBRUARI
SULAWESI BARAT,POLEWALI MANDAR,BULO,IHING,1,FEBRUARI
SULAWESI BARAT,POLEWALI MANDAR,BULO,KAROMBANG,1,FEBRUARI
SULAWESI BARAT,POLEWALI MANDAR,BULO,LENGGO,1,FEBRUARI
SULAWESI BARAT,POLEWALI MANDAR,BULO,PATAMBANUA,1,FEBRUARI
SULAWESI BARAT,POLEWALI MANDAR,BULO,PULLIWA,1,FEBRUARI
SULAWESI BARAT,POLEWALI MANDAR,BULO,SABURA,1,FEBRUARI
SULAWESI BARAT,POLEWALI MANDAR,BULO,SEPPORRAKI,1,FEBRUARI
SULAWESI BARAT,POLEWALI MANDAR,CAMPALAGIAN,BONDE,1,FEBRUARI
SULAWESI BARAT,POLEWALI MANDAR,CAMPALAGIAN,BOTTO,1,FEBRUARI
SULAWESI BARAT,POLEWALI MANDAR,CAMPALAGIAN,GATTUNGAN,1,FEBRUARI
SULAWESI BARAT,POLEWALI MANDAR,CAMPALAGIAN,KATUMBANGAN,1,FEBRUARI
SULAWESI BARAT,POLEWALI MANDAR,CAMPALAGIAN,KATUMBANGAN LEMO,1,FEBRUARI
SULAWESI BARAT,POLEWALI MANDAR,CAMPALAGIAN,KENJE,1,FEBRUARI
SULAWESI BARAT,POLEWALI MANDAR,CAMPALAGIAN,LAGI-AGI,1,FEBRUARI
SULAWESI BARAT,POLEWALI MANDAR,CAMPALAGIAN,LALIKO,1,FEBRUARI
SULAWESI BARAT,POLEWALI MANDAR,CAMPALAGIAN,LAMPOKO,1,FEBRUARI
SULAWESI BARAT,POLEWALI MANDAR,CAMPALAGIAN,LAPEO,1,FEBRUARI
SULAWESI BARAT,POLEWALI MANDAR,CAMPALAGIAN,ONGKO,1,FEBRUARI
SULAWESI BARAT,POLEWALI MANDAR,CAMPALAGIAN,PADANG,1,FEBRUARI
SULAWESI BARAT,POLEWALI MANDAR,CAMPALAGIAN,PADANG TIMUR,1,FEBRUARI
SULAWESI BARAT,POLEWALI MANDAR,CAMPALAGIAN,PANYAMPA,1,FEBRUARI
SULAWESI BARAT,POLEWALI MANDAR,CAMPALAGIAN,PAPPANG,1,FEBRUARI
SULAWESI BARAT,POLEWALI MANDAR,CAMPALAGIAN,PARAPPE,1,FEBRUARI
SULAWESI BARAT,POLEWALI MANDAR,CAMPALAGIAN,SUMARRANG,1,FEBRUARI
SULAWESI BARAT,POLEWALI MANDAR,CAMPALAGIAN,SURUANG,1,FEBRUARI
SULAWESI BARAT,POLEWALI MANDAR,LIMBORO,LEMBANG LEMBANG,1,FEBRUARI
SULAWESI BARAT,POLEWALI MANDAR,LIMBORO,LIMBORO,1,FEBRUARI
SULAWESI BARAT,POLEWALI MANDAR,LIMBORO,NAPO,1,FEBRUARI
SULAWESI BARAT,POLEWALI MANDAR,LIMBORO,PALECE,1,FEBRUARI
SULAWESI BARAT,POLEWALI MANDAR,LIMBORO,PENDULANGAN,1,FEBRUARI
SULAWESI BARAT,POLEWALI MANDAR,LIMBORO,RENGGEANG,1,FEBRUARI
SULAWESI BARAT,POLEWALI MANDAR,LIMBORO,SALARRI,1,FEBRUARI
SULAWESI BARAT,POLEWALI MANDAR,LIMBORO,SAMASUNDU,1,FEBRUARI
SULAWESI BARAT,POLEWALI MANDAR,LIMBORO,TANDASURA,1,FEBRUARI
SULAWESI BARAT,POLEWALI MANDAR,LIMBORO,TANGAN BARU,1,FEBRUARI
SULAWESI BARAT,POLEWALI MANDAR,LIMBORO,TODANG TODANG,1,FEBRUARI
SULAWESI BARAT,POLEWALI MANDAR,LUYO,BARU,1,FEBRUARI
SULAWESI BARAT,POLEWALI MANDAR,LUYO,BATUPANGA,1,FEBRUARI
SULAWESI BARAT,POLEWALI MANDAR,LUYO,BATUPANGA DAALA,1,FEBRUARI
SULAWESI BARAT,POLEWALI MANDAR,LUYO,LUYO,1,FEBRUARI
SULAWESI BARAT,POLEWALI MANDAR,LUYO,MAMBU,1,FEBRUARI
SULAWESI BARAT,POLEWALI MANDAR,LUYO,MAPILI BARAT,1,FEBRUARI
SULAWESI BARAT,POLEWALI MANDAR,LUYO,PUCCADI,1,FEBRUARI
SULAWESI BARAT,POLEWALI MANDAR,LUYO,PUSSUI,1,FEBRUARI
SULAWESI BARAT,POLEWALI MANDAR,LUYO,PUSSUI BARAT,1,FEBRUARI
SULAWESI BARAT,POLEWALI MANDAR,LUYO,SAMBALI WALI,1,FEBRUARI
SULAWESI BARAT,POLEWALI MANDAR,LUYO,TENGGELANG,1,FEBRUARI
SULAWESI BARAT,POLEWALI MANDAR,MAPILLI,BEROANGIN,1,FEBRUARI
SULAWESI BARAT,POLEWALI MANDAR,MAPILLI,BONNE BONNE,1,FEBRUARI
SULAWESI BARAT,POLEWALI MANDAR,MAPILLI,BONRA,1,FEBRUARI
SULAWESI BARAT,POLEWALI MANDAR,MAPILLI,BUKU,2,FEBRUARI
SULAWESI BARAT,POLEWALI MANDAR,MAPILLI,KURMA,1,FEBRUARI
SULAWESI BARAT,POLEWALI MANDAR,MAPILLI,LANDI KANUSUANG,1,FEBRUARI
SULAWESI BARAT,POLEWALI MANDAR,MAPILLI,MAPILI,1,FEBRUARI
SULAWESI BARAT,POLEWALI MANDAR,MAPILLI,RAPPANG BARAT,1,FEBRUARI
SULAWESI BARAT,POLEWALI MANDAR,MAPILLI,RUMPA,1,FEBRUARI
SULAWESI BARAT,POLEWALI MANDAR,MAPILLI,SATTOKO,1,FEBRUARI
SULAWESI BARAT,POLEWALI MANDAR,MAPILLI,SEGERANG,1,FEBRUARI
SULAWESI BARAT,POLEWALI MANDAR,MAPILLI,UGIBARU,1,FEBRUARI
SULAWESI BARAT,POLEWALI MANDAR,MATAKALI,BARUMBUNG,1,FEBRUARI
SULAWESI BARAT,POLEWALI MANDAR,MATAKALI,BUNGA-BUNGA,1,FEBRUARI
SULAWESI BARAT,POLEWALI MANDAR,MATAKALI,INDOMAKKOMBONG,1,FEBRUARI
SULAWESI BARAT,POLEWALI MANDAR,MATAKALI,MATAKALI,1,FEBRUARI
SULAWESI BARAT,POLEWALI MANDAR,MATAKALI,PASIANG,1,FEBRUARI
SULAWESI BARAT,POLEWALI MANDAR,MATAKALI,PETAMPANUA,1,FEBRUARI
SULAWESI BARAT,POLEWALI MANDAR,MATAKALI,TONROLIMA,1,FEBRUARI
SULAWESI BARAT,POLEWALI MANDAR,MATANGNGA,BA'BA TAPUA,1,FEBRUARI
SULAWESI BARAT,POLEWALI MANDAR,MATANGNGA,KATIMBANG,1,FEBRUARI
SULAWESI BARAT,POLEWALI MANDAR,MATANGNGA,LILLI,1,FEBRUARI
SULAWESI BARAT,POLEWALI MANDAR,MATANGNGA,MAMBU TAPUA,1,FEBRUARI
SULAWESI BARAT,POLEWALI MANDAR,MATANGNGA,MATANGNGA,1,FEBRUARI
SULAWESI BARAT,POLEWALI MANDAR,MATANGNGA,RANGOAN,1,FEBRUARI
SULAWESI BARAT,POLEWALI MANDAR,MATANGNGA,TAPUA,1,FEBRUARI
SULAWESI BARAT,POLEWALI MANDAR,POLEWALI,DARMA,1,FEBRUARI
SULAWESI BARAT,POLEWALI MANDAR,POLEWALI,LANTORA,1,FEBRUARI
SULAWESI BARAT,POLEWALI MANDAR,POLEWALI,MADATE,1,FEBRUARI
SULAWESI BARAT,POLEWALI MANDAR,POLEWALI,MANDING,1,FEBRUARI
SULAWESI BARAT,POLEWALI MANDAR,POLEWALI,PEKKABATA,1,FEBRUARI
SULAWESI BARAT,POLEWALI MANDAR,POLEWALI,POLEWALI,1,FEBRUARI
SULAWESI BARAT,POLEWALI MANDAR,POLEWALI,SULEWATANG,1,FEBRUARI
SULAWESI BARAT,POLEWALI MANDAR,POLEWALI,TAKATIDUNG,1,FEBRUARI
SULAWESI BARAT,POLEWALI MANDAR,POLEWALI,WATTANG,1,FEBRUARI
SULAWESI BARAT,POLEWALI MANDAR,TAPANGO,BANATO REJO,1,FEBRUARI
SULAWESI BARAT,POLEWALI MANDAR,TAPANGO,BATU,1,FEBRUARI
SULAWESI BARAT,POLEWALI MANDAR,TAPANGO,BUSSU,1,FEBRUARI
SULAWESI BARAT,POLEWALI MANDAR,TAPANGO,DAKKA,1,FEBRUARI
SULAWESI BARAT,POLEWALI MANDAR,TAPANGO,JAMBU MALEA,1,FEBRUARI
SULAWESI BARAT,POLEWALI MANDAR,TAPANGO,KALIMBUA,1,FEBRUARI
SULAWESI BARAT,POLEWALI MANDAR,TAPANGO,KURRAK,1,FEBRUARI
SULAWESI BARAT,POLEWALI MANDAR,TAPANGO,PALATTA,1,FEBRUARI
SULAWESI BARAT,POLEWALI MANDAR,TAPANGO,PELITAKAN,1,FEBRUARI
SULAWESI BARAT,POLEWALI MANDAR,TAPANGO,RAPPANG,1,FEBRUARI
SULAWESI BARAT,POLEWALI MANDAR,TAPANGO,TAPANGO,1,FEBRUARI
SULAWESI BARAT,POLEWALI MANDAR,TAPANGO,TAPANGO BARAT,1,FEBRUARI
SULAWESI BARAT,POLEWALI MANDAR,TAPANGO,TUTTULA,1,FEBRUARI
SULAWESI BARAT,POLEWALI MANDAR,TINAMBUNG,BATULAYA,1,FEBRUARI
SULAWESI BARAT,POLEWALI MANDAR,TINAMBUNG,GALUNG LOMBOK,1,FEBRUARI
SULAWESI BARAT,POLEWALI MANDAR,TINAMBUNG,KARAMA,1,FEBRUARI
SULAWESI BARAT,POLEWALI MANDAR,TINAMBUNG,LEKOPADIS,1,FEBRUARI
SULAWESI BARAT,POLEWALI MANDAR,TINAMBUNG,SEPABATU,1,FEBRUARI
SULAWESI BARAT,POLEWALI MANDAR,TINAMBUNG,TANDUNG,1,FEBRUARI
SULAWESI BARAT,POLEWALI MANDAR,TINAMBUNG,TANGNGA TANGNGA,1,FEBRUARI
SULAWESI BARAT,POLEWALI MANDAR,TINAMBUNG,TINAMBUNG,1,FEBRUARI
SULAWESI BARAT,POLEWALI MANDAR,TUTAR,AMBOPADANG,1,FEBRUARI
SULAWESI BARAT,POLEWALI MANDAR,TUTAR,ARABUA,1,FEBRUARI
SULAWESI BARAT,POLEWALI MANDAR,TUTAR,BESOANGIN,1,FEBRUARI
SULAWESI BARAT,POLEWALI MANDAR,TUTAR,BESOANGIN UTARA,1,FEBRUARI
SULAWESI BARAT,POLEWALI MANDAR,TUTAR,PEBURRU,1,FEBRUARI
SULAWESI BARAT,POLEWALI MANDAR,TUTAR,PIRIANG TAPIKO,1,FEBRUARI
SULAWESI BARAT,POLEWALI MANDAR,TUTAR,PODA,1,FEBRUARI
SULAWESI BARAT,POLEWALI MANDAR,TUTAR,POLLEWANI,1,FEBRUARI
SULAWESI BARAT,POLEWALI MANDAR,TUTAR,RATTE,1,FEBRUARI
SULAWESI BARAT,POLEWALI MANDAR,TUTAR,TALOBA,1,FEBRUARI
SULAWESI BARAT,POLEWALI MANDAR,TUTAR,TARAMANU,1,FEBRUARI
SULAWESI BARAT,POLEWALI MANDAR,TUTAR,TARAMANU TUA,1,FEBRUARI
SULAWESI BARAT,POLEWALI MANDAR,TUTAR,TUBBI,1,FEBRUARI
SULAWESI BARAT,POLEWALI MANDAR,WONOMULYO,ARJO SARI,1,FEBRUARI
SULAWESI BARAT,POLEWALI MANDAR,WONOMULYO,BAKKA-BAKKA,1,FEBRUARI
SULAWESI BARAT,POLEWALI MANDAR,WONOMULYO,BANUA BARU,1,FEBRUARI
SULAWESI BARAT,POLEWALI MANDAR,WONOMULYO,BUMIAYU,1,FEBRUARI
SULAWESI BARAT,POLEWALI MANDAR,WONOMULYO,BUMIMULYO,1,FEBRUARI
SULAWESI BARAT,POLEWALI MANDAR,WONOMULYO,CAMPURJO,1,FEBRUARI
SULAWESI BARAT,POLEWALI MANDAR,WONOMULYO,GALESON,1,FEBRUARI
SULAWESI BARAT,POLEWALI MANDAR,WONOMULYO,KEBUNSARI,1,FEBRUARI
SULAWESI BARAT,POLEWALI MANDAR,WONOMULYO,NEPO,1,FEBRUARI
SULAWESI BARAT,POLEWALI MANDAR,WONOMULYO,SIDODADI,1,FEBRUARI
SULAWESI BARAT,POLEWALI MANDAR,WONOMULYO,SIDOREJO,1,FEBRUARI
SULAWESI BARAT,POLEWALI MANDAR,WONOMULYO,SUGIHWARAS,1,FEBRUARI
SULAWESI BARAT,POLEWALI MANDAR,WONOMULYO,SUMBEREJO,1,FEBRUARI
SULAWESI BARAT,POLEWALI MANDAR,WONOMULYO,TUMPILING,1,FEBRUARI
SULAWESI BARAT,MAMUJU TENGAH,TOBADAK,BATU PARIGI,0,FEBRUARI
SULAWESI BARAT,MAMUJU TENGAH,BUDONG-BUDONG,PONTANAKAYANG,0,FEBRUARI
SULAWESI BARAT,MAMUJU TENGAH,KAROSSA,SUKA MAJU,0,FEBRUARI
SULAWESI BARAT,MAMUJU TENGAH,KAROSSA,SANJANGO,0,FEBRUARI
SULAWESI BARAT,PASANGKAYU,DAPURANG,TIRTABUANA,0,FEBRUARI
SULAWESI BARAT,PASANGKAYU,DAPURANG,SARASA,0,FEBRUARI
SULAWESI BARAT,PASANGKAYU,SARJO,MAPONU,0,FEBRUARI
SULAWESI BARAT,PASANGKAYU,SARJO,LETAWA,0,FEBRUARI
SULAWESI BARAT,PASANGKAYU,SARUDU,SARUDU,0,FEBRUARI
SULAWESI BARAT,MAMASA,ARALLE,ARALLE UTARA,0,FEBRUARI
SULAWESI BARAT,MAMASA,ARALLE,UHAIDAHO,0,FEBRUARI
SULAWESI BARAT,MAMASA,ARALLE,BARURU,0,FEBRUARI
SULAWESI BARAT,MAMASA,ARALLE,RALLEANAK UTARA,0,FEBRUARI
SULAWESI BARAT,MAMASA,ARALLE,PAMOSEANG PANGGA,0,FEBRUARI
SULAWESI BARAT,MAMASA,ARALLE,KALABE,0,FEBRUARI
SULAWESI BARAT,MAMASA,ARALLE,ARALLE SELATAN,0,FEBRUARI
SULAWESI BARAT,MAMASA,ARALLE,HAHANGAN,0,FEBRUARI
SULAWESI BARAT,MAMASA,BUNTUMALANGKA,RANTEBERAN,0,FEBRUARI
SULAWESI BARAT,MAMASA,BUNTUMALANGKA,SALUTAMBUN BARAT,0,FEBRUARI
SULAWESI BARAT,MAMASA,BUNTUMALANGKA,SALUTAMBUN,0,FEBRUARI
SULAWESI BARAT,MAMASA,MAMBI,TALIPUKKI,0,FEBRUARI
SULAWESI BARAT,MAMASA,MAMBI,SALUBANUA,0,FEBRUARI
SULAWESI BARAT,MAMASA,MAMBI,TAPALINA,0,FEBRUARI
SULAWESI BARAT,MAMASA,MAMBI,PAMOSEAN,0,FEBRUARI
SULAWESI BARAT,MAMASA,MAMBI,SELUMAKA,0,FEBRUARI
SULAWESI BARAT,MAMASA,MAMBI,SALU ALO,0,FEBRUARI
SULAWESI BARAT,MAMASA,MAMBI,INDOBANUA,0,FEBRUARI
SULAWESI BARAT,MAMASA,PANA,ULUSALU,0,FEBRUARI
SULAWESI BARAT,MAMASA,PANA,SALUTAMBUN,0,FEBRUARI
SULAWESI BARAT,MAMASA,PANA,ULUSALU INDAH,0,FEBRUARI
SULAWESI BARAT,MAMASA,SUMARORONG,BATANG URU,0,FEBRUARI
SULAWESI BARAT,MAMASA,TABULAHAN,SALULEANG,0,FEBRUARI
SULAWESI BARAT,MAMASA,TABULAHAN,TAMPAK KURRA,0,FEBRUARI
SULAWESI BARAT,MAMASA,TABULAHAN,LAKAHANG UTAMA,0,FEBRUARI
SULAWESI BARAT,MAMASA,TANDUK KALUA,SINDAGAMANIK,0,FEBRUARI
SULAWESI BARAT,MAMASA,TANDUK KALUA,PARONDOBULAWAN,0,FEBRUARI
SULAWESI BARAT,MAMASA,TANDUK KALUA,TAMALANTIK,0,FEBRUARI
SULAWESI BARAT,MAMASA,TANDUK KALUA,MANNABABA,0,FEBRUARI
SULAWESI BARAT,MAMASA,TANDUK KALUA,SALURANO,0,FEBRUARI
SULAWESI BARAT,MAMASA,TANDUK KALUA,TALIMBUNG,0,FEBRUARI
SULAWESI BARAT,POLEWALI MANDAR,TAPANGO,RISO,0,FEBRUARI
SULAWESI BARAT,MAMUJU,KALUMPANG,KARAMA,0,FEBRUARI
SULAWESI BARAT,MAMUJU,KALUMPANG,SIRAUN,0,FEBRUARI
SULAWESI BARAT,MAMUJU,KALUMPANG,SALUMAKKI,0,FEBRUARI
SULAWESI BARAT,MAMUJU,KALUMPANG,POLIO,0,FEBRUARI
SULAWESI BARAT,MAMUJU,KALUMPANG,BATU MAKKADA,0,FEBRUARI
SULAWESI BARAT,MAMUJU,KALUMPANG,LASA',0,FEBRUARI
SULAWESI BARAT,MAMUJU,TOMMO,TOMMO,0,FEBRUARI
SULAWESI BARAT,MAMUJU,BONEHAU,MAPPU,0,FEBRUARI
