PROVINSI;KABUPATEN;KECAMATAN;KELURAHAN;LATITUDE;LONGITUDE;PUS;Kampung KB;Rumah DataKU;BKB;BKR;BKL;UPPKA;PIK-R
SULAWESI BARAT;MAMUJU TENGAH;TOBADAK;MAHAHE;-2.122.958;119.365.442;1;Ada;Ada;Ada;Ada;Ada;Ada;Ada
SULAWESI BARAT;MAMUJU TENGAH;TOBADAK;SALOBAJA;-2.156.691;119.336.074;1;Ada;Ada;Ada;Ada;Ada;Ada;Ada
SULAWESI BARAT;MAMUJU TENGAH;TOBADAK;TOBADAK;-2.104.302;119.491.646;1;Ada;Ada;Ada;Ada;Ada;Ada;Tidak ada
SULAWESI BARAT;MAMUJU TENGAH;TOBADAK;PALONGAAN;-2.105.264;11.940.054;1;Ada;Ada;Ada;Ada;Ada;Tidak ada;Tidak ada
SULAWESI BARAT;MAMUJU TENGAH;TOBADAK;BATU PARIGI;-207.222;119.538.128;1;Ada;Ada;Ada;Tidak ada;Ada;Tidak ada;Ada
SULAWESI BARAT;MAMUJU TENGAH;TOBADAK;BAMBADARU;-2.167.875;11.937.234;1;Ada;Ada;Ada;Ada;Ada;Ada;Ada
SULAWESI BARAT;MAMUJU TENGAH;TOBADAK;SEJATI;-2.133.079;11.956.107;1;Ada;Ada;Ada;Ada;Ada;Ada;Ada
SULAWESI BARAT;MAMUJU TENGAH;TOBADAK;SALOADAK;-2.150.791;119.409.562;1;Ada;Ada;Ada;Ada;Ada;Tidak ada;Ada
SULAWESI BARAT;MAMUJU TENGAH;PANGALE;POLO PANGALE;-2.276.623;119.190.498;1;Ada;Ada;Ada;Ada;Ada;Ada;Ada
SULAWESI BARAT;MAMUJU TENGAH;PANGALE;PANGALE;-2.273.746;119.188.606;1;Ada;Ada;Ada;Ada;Ada;Ada;Ada
SULAWESI BARAT;MAMUJU TENGAH;PANGALE;SARTANAMAJU;-2.261.835;119.166.387;1;Ada;Ada;Ada;Ada;Ada;Ada;Ada
SULAWESI BARAT;MAMUJU TENGAH;PANGALE;POLO LERENG;-223.699;119.195.861;1;Ada;Ada;Ada;Ada;Ada;Ada;Ada
SULAWESI BARAT;MAMUJU TENGAH;PANGALE;KUO;-2.246.775;119.235.157;1;Ada;Ada;Ada;Ada;Ada;Ada;Ada
SULAWESI BARAT;MAMUJU TENGAH;PANGALE;POLO CAMBA;-221.521;11.917.945;1;Ada;Ada;Ada;Ada;Ada;Ada;Ada
SULAWESI BARAT;MAMUJU TENGAH;PANGALE;LAMBA-LAMBA;-2.215.995;119.158.683;1;Ada;Ada;Ada;Ada;Ada;Ada;Ada
SULAWESI BARAT;MAMUJU TENGAH;PANGALE;KOMBILING;-2.259.571;11.914.427;1;Ada;Ada;Ada;Ada;Ada;Ada;Ada
SULAWESI BARAT;MAMUJU TENGAH;PANGALE;LEMO-LEMO;-2.295.981;119.188.293;1;Ada;Ada;Ada;Ada;Ada;Ada;Ada
SULAWESI BARAT;MAMUJU TENGAH;BUDONG-BUDONG;BABANA;-2.099.924;119.231.957;1;Ada;Ada;Ada;Ada;Ada;Ada;Ada
SULAWESI BARAT;MAMUJU TENGAH;BUDONG-BUDONG;LUMU;-2.174.898;119.169.027;1;Ada;Ada;Ada;Ada;Ada;Tidak ada;Tidak ada
SULAWESI BARAT;MAMUJU TENGAH;BUDONG-BUDONG;PONTANAKAYANG;-2.161.947;119.268.355;1;Tidak ada;Ada;Ada;Tidak ada;Ada;Tidak ada;Ada
SULAWESI BARAT;MAMUJU TENGAH;BUDONG-BUDONG;SALOGATTA;-2.160.618;119.233.792;1;Ada;Ada;Ada;Tidak ada;Ada;Tidak ada;Tidak ada
SULAWESI BARAT;MAMUJU TENGAH;BUDONG-BUDONG;KIRE;-2.136.058;11.920.719;1;Ada;Ada;Ada;Ada;Ada;Ada;Ada
SULAWESI BARAT;MAMUJU TENGAH;BUDONG-BUDONG;TINALI;-2.185.817;119.230.014;1;Ada;Ada;Ada;Ada;Ada;Ada;Ada
SULAWESI BARAT;MAMUJU TENGAH;BUDONG-BUDONG;SALUMANURUNG;-2.180.959;119.197.557;1;Ada;Ada;Ada;Ada;Ada;Tidak ada;Tidak ada
SULAWESI BARAT;MAMUJU TENGAH;BUDONG-BUDONG;PASAPA;-2.193.205;119.335.021;1;Tidak ada;Ada;Ada;Ada;Ada;Tidak ada;Tidak ada
SULAWESI BARAT;MAMUJU TENGAH;BUDONG-BUDONG;BOJO;-2.199.544;11.929.773;1;Ada;Ada;Ada;Ada;Ada;Tidak ada;Tidak ada
SULAWESI BARAT;MAMUJU TENGAH;BUDONG-BUDONG;BARAKKANG;-2.202.677;11.921.753;1;Ada;Ada;Ada;Ada;Ada;Tidak ada;Tidak ada
SULAWESI BARAT;MAMUJU TENGAH;BUDONG-BUDONG;LEMBAH HADA;-2.206.564;11.925.614;1;Tidak ada;Ada;Ada;Ada;Ada;Tidak ada;Tidak ada
SULAWESI BARAT;MAMUJU TENGAH;TOPOYO;BUDONG-BUDONG;-2.050.442;119.216.864;1;Ada;Ada;Ada;Ada;Ada;Ada;Tidak ada
SULAWESI BARAT;MAMUJU TENGAH;TOPOYO;TOPOYO;-2.044.015;119.365.096;1;Ada;Ada;Ada;Ada;Ada;Ada;Ada
SULAWESI BARAT;MAMUJU TENGAH;TOPOYO;TUMBU;-2.015.012;119.229.686;1;Ada;Ada;Ada;Ada;Ada;Ada;Ada
SULAWESI BARAT;MAMUJU TENGAH;TOPOYO;KABUBU;-2.042.255;119.260.861;1;Ada;Ada;Ada;Ada;Ada;Ada;Ada
SULAWESI BARAT;MAMUJU TENGAH;TOPOYO;WAEPUTEH;-2.027.062;119.267.015;1;Ada;Ada;Ada;Ada;Ada;Ada;Ada
SULAWESI BARAT;MAMUJU TENGAH;TOPOYO;TANGKOU;-2.045.013;119.315.755;1;Ada;Ada;Ada;Ada;Ada;Tidak ada;Tidak ada
SULAWESI BARAT;MAMUJU TENGAH;TOPOYO;TABOLANG;-2.049.041;119.345.903;1;Ada;Ada;Ada;Tidak ada;Ada;Ada;Ada
SULAWESI BARAT;MAMUJU TENGAH;TOPOYO;PARAILI;-2.055.796;119.252.078;1;Ada;Ada;Ada;Ada;Ada;Tidak ada;Ada
SULAWESI BARAT;MAMUJU TENGAH;TOPOYO;SALUPANGKANG;-2.025.123;119.311.563;1;Ada;Ada;Ada;Ada;Ada;Tidak ada;Tidak ada
SULAWESI BARAT;MAMUJU TENGAH;TOPOYO;SALUPANGKANG IV;-199.808;119.282.528;1;Ada;Ada;Ada;Ada;Ada;Ada;Ada
SULAWESI BARAT;MAMUJU TENGAH;TOPOYO;TAPPILINA;-2.025.483;119.285.845;1;Ada;Ada;Ada;Ada;Ada;Tidak ada;Tidak ada
SULAWESI BARAT;MAMUJU TENGAH;TOPOYO;BAMBAMANURUNG;-2.001.365;119.310.688;1;Ada;Ada;Ada;Ada;Ada;Ada;Ada
SULAWESI BARAT;MAMUJU TENGAH;TOPOYO;SALULEKBO;-2.009.704;119.603.109;1;Ada;Ada;Ada;Ada;Ada;Ada;Ada
SULAWESI BARAT;MAMUJU TENGAH;TOPOYO;PANGALLOANG;-2.073.505;119.238.875;1;Ada;Ada;Ada;Ada;Ada;Ada;Ada
SULAWESI BARAT;MAMUJU TENGAH;TOPOYO;SINABATTA;-1.984.601;119.260.195;1;Ada;Ada;Ada;Ada;Ada;Ada;Ada
SULAWESI BARAT;MAMUJU TENGAH;KAROSSA;KAROSSA;-1.810.358;119.369.261;1;Ada;Ada;Ada;Ada;Ada;Ada;Ada
SULAWESI BARAT;MAMUJU TENGAH;KAROSSA;TASOKKO;-1.925.635;119.538.147;1;Ada;Ada;Ada;Ada;Ada;Ada;Ada
SULAWESI BARAT;MAMUJU TENGAH;KAROSSA;LARA;-1.879.259;119.573.964;1;Ada;Ada;Ada;Ada;Ada;Ada;Tidak ada
SULAWESI BARAT;MAMUJU TENGAH;KAROSSA;KADAILA;-1.767.856;119.373.452;1;Ada;Ada;Ada;Ada;Ada;Ada;Ada
SULAWESI BARAT;MAMUJU TENGAH;KAROSSA;KAYU CALLA;-1.791.329;11.936.596;1;Ada;Ada;Ada;Ada;Ada;Ada;Tidak ada
SULAWESI BARAT;MAMUJU TENGAH;KAROSSA;LEMBAH HOPO;-1.853.025;119.447.647;1;Ada;Ada;Ada;Ada;Ada;Ada;Ada
SULAWESI BARAT;MAMUJU TENGAH;KAROSSA;BENGGAULU;-175.638;119.416.732;1;Ada;Ada;Ada;Ada;Ada;Tidak ada;Ada
SULAWESI BARAT;MAMUJU TENGAH;KAROSSA;SUKA MAJU;-1.829.642;119.384.218;1;Ada;Ada;Ada;Tidak ada;Ada;Tidak ada;Tidak ada
SULAWESI BARAT;MAMUJU TENGAH;KAROSSA;KAMBUNONG;-194.825;119.520.753;1;Ada;Ada;Ada;Ada;Ada;Ada;Ada
SULAWESI BARAT;MAMUJU TENGAH;KAROSSA;SALUBIRO;-1.908.342;119.572.004;1;Ada;Ada;Ada;Ada;Ada;Tidak ada;Tidak ada
SULAWESI BARAT;MAMUJU TENGAH;KAROSSA;SANJANGO;-1.801.845;119.525.873;1;Ada;Ada;Ada;Tidak ada;Tidak ada;Tidak ada;Tidak ada
SULAWESI BARAT;PASANGKAYU;BAMBAIRA;TAMPAURE;-0.955359;119.531.154;1;Ada;Ada;Ada;Ada;Ada;Ada;Tidak ada
SULAWESI BARAT;PASANGKAYU;BAMBAIRA;BAMBAIRA;-0.981161;119.524.179;1;Ada;Ada;Ada;Ada;Ada;Ada;Ada
SULAWESI BARAT;PASANGKAYU;BAMBAIRA;KASOLOANG;-1.013.465;119.492.595;1;Tidak ada;Ada;Ada;Ada;Tidak ada;Tidak ada;Ada
SULAWESI BARAT;PASANGKAYU;BAMBAIRA;KALUKU NANGKA;-1.004.631;119.534.346;1;Tidak ada;Ada;Ada;Ada;Ada;Tidak ada;Tidak ada
SULAWESI BARAT;PASANGKAYU;BAMBALAMOTU;RANDOMAYANG;-1.055.057;119.491.314;1;Ada;Ada;Ada;Ada;Ada;Ada;Ada
SULAWESI BARAT;PASANGKAYU;BAMBALAMOTU;BAMBALAMOTU;-1.086.986;119.508.658;1;Ada;Ada;Ada;Ada;Ada;Tidak ada;Ada
SULAWESI BARAT;PASANGKAYU;BAMBALAMOTU;POLEWALI;-1.138.055;119.453.009;1;Ada;Ada;Ada;Tidak ada;Ada;Ada;Tidak ada
SULAWESI BARAT;PASANGKAYU;BAMBALAMOTU;PANGIANG;-1.132.456;119.417.321;1;Ada;Ada;Ada;Ada;Ada;Ada;Ada
SULAWESI BARAT;PASANGKAYU;BAMBALAMOTU;KALOLA;-1.119.735;119.528.367;1;Ada;Ada;Ada;Ada;Ada;Ada;Ada
SULAWESI BARAT;PASANGKAYU;BAMBALAMOTU;WULAI;-1.058.962;119.541.929;1;Ada;Ada;Ada;Ada;Ada;Ada;Ada
SULAWESI BARAT;PASANGKAYU;BARAS;BARAS;-1.561.229;119.382.028;1;Ada;Ada;Ada;Ada;Ada;Ada;Ada
SULAWESI BARAT;PASANGKAYU;BARAS;BULU PARIGI;-1.608.294;119.333.694;1;Ada;Ada;Ada;Ada;Ada;Ada;Ada
SULAWESI BARAT;PASANGKAYU;BARAS;BALANTI;-1.581.314;119.394.304;1;Ada;Ada;Ada;Ada;Ada;Ada;Ada
SULAWESI BARAT;PASANGKAYU;BARAS;MOTU;-1.528.099;119.403.241;1;Ada;Ada;Ada;Ada;Ada;Ada;Ada
SULAWESI BARAT;PASANGKAYU;BARAS;TOWONI;-1.604.194;119.428.198;1;Ada;Ada;Ada;Ada;Ada;Ada;Ada
SULAWESI BARAT;PASANGKAYU;BARAS;KASANO;-1.537.815;119.342.546;1;Ada;Ada;Ada;Ada;Ada;Ada;Ada
SULAWESI BARAT;PASANGKAYU;BULU TABA;SUMBER SARI;-1.431.718;119.422.594;1;Ada;Ada;Ada;Ada;Ada;Ada;Ada
SULAWESI BARAT;PASANGKAYU;BULU TABA;LELEJAE;-1.430.692;119.417.283;1;Ada;Ada;Ada;Ada;Ada;Ada;Ada
SULAWESI BARAT;PASANGKAYU;BULU TABA;BUKIT HARAPAN;-1.560.798;119.547.483;1;Ada;Ada;Ada;Ada;Ada;Ada;Ada
SULAWESI BARAT;PASANGKAYU;BULU TABA;LILIMORI;-1.460.243;119.418.637;1;Tidak ada;Ada;Ada;Ada;Ada;Ada;Ada
SULAWESI BARAT;PASANGKAYU;BULU TABA;KARAVE;-149.089;119.402.276;1;Ada;Ada;Ada;Ada;Ada;Ada;Ada
SULAWESI BARAT;PASANGKAYU;BULU TABA;KASTABUANA;-1.424.806;119.459.572;1;Ada;Ada;Ada;Ada;Ada;Ada;Ada
SULAWESI BARAT;PASANGKAYU;BULU TABA;OMPI;-1.467.259;119.574.529;1;Ada;Ada;Ada;Ada;Ada;Ada;Ada
SULAWESI BARAT;PASANGKAYU;DAPURANG;DAPURANG;-1.735.939;119.351.909;1;Ada;Tidak ada;Ada;Ada;Ada;Ada;Ada
SULAWESI BARAT;PASANGKAYU;DAPURANG;BENGGAULU;-1.744.048;119.607.768;1;Tidak ada;Tidak ada;Ada;Tidak ada;Ada;Ada;Ada
SULAWESI BARAT;PASANGKAYU;DAPURANG;TIRTABUANA;-1.752.968;119.357.662;1;Ada;Ada;Ada;Tidak ada;Tidak ada;Tidak ada;Tidak ada
SULAWESI BARAT;PASANGKAYU;DAPURANG;BULU BONGGU;-1.669.328;119.570.559;1;Tidak ada;Tidak ada;Ada;Ada;Ada;Tidak ada;Tidak ada
SULAWESI BARAT;PASANGKAYU;DAPURANG;SARASA;-1.781.604;119.325.645;1;Ada;Tidak ada;Ada;Tidak ada;Tidak ada;Tidak ada;Tidak ada
SULAWESI BARAT;PASANGKAYU;DURIPOKU;TAMMARUNANG;-1.669.112;119.410.624;1;Ada;Ada;Ada;Ada;Ada;Ada;Ada
SULAWESI BARAT;PASANGKAYU;DURIPOKU;SAPTANAJAYA;-1.636.996;11.937.369;1;Ada;Tidak ada;Ada;Ada;Tidak ada;Tidak ada;Tidak ada
SULAWESI BARAT;PASANGKAYU;DURIPOKU;TARANGGI;-1.661.982;119.381.014;1;Ada;Ada;Ada;Ada;Ada;Ada;Ada
SULAWESI BARAT;PASANGKAYU;DURIPOKU;SIPAKAINGA;-1.623.399;119.513.654;1;Tidak ada;Tidak ada;Tidak ada;Tidak ada;Tidak ada;Tidak ada;Tidak ada
SULAWESI BARAT;PASANGKAYU;LARIANG;KULU;-1.455.079;119.379.171;1;Ada;Ada;Ada;Ada;Ada;Ada;Ada
SULAWESI BARAT;PASANGKAYU;LARIANG;PARABU;-1.473.405;119.379.441;1;Ada;Ada;Ada;Ada;Ada;Ada;Ada
SULAWESI BARAT;PASANGKAYU;LARIANG;KENANGAN;-1.474.151;119.352.732;1;Tidak ada;Ada;Ada;Ada;Ada;Tidak ada;Ada
SULAWESI BARAT;PASANGKAYU;LARIANG;BAJAWALI;-1.491.403;119.364.795;1;Ada;Ada;Ada;Ada;Ada;Ada;Ada
SULAWESI BARAT;PASANGKAYU;LARIANG;SINGGANI;-1.482.615;119.322.545;1;Ada;Ada;Ada;Ada;Ada;Ada;Ada
SULAWESI BARAT;PASANGKAYU;LARIANG;BATU MATORU;-1.444.723;11.933.279;1;Ada;Ada;Ada;Ada;Ada;Ada;Ada
SULAWESI BARAT;PASANGKAYU;LARIANG;BAMBAKORO;-1.444.998;1.193.043;1;Ada;Ada;Ada;Ada;Ada;Ada;Ada
SULAWESI BARAT;PASANGKAYU;PASANGKAYU;KARYA BERSAMA;-1.215.059;119.338.032;1;Ada;Ada;Ada;Ada;Ada;Ada;Ada
SULAWESI BARAT;PASANGKAYU;PASANGKAYU;AKO;-1.181.076;119.399.538;1;Ada;Ada;Ada;Ada;Ada;Ada;Ada
SULAWESI BARAT;PASANGKAYU;PASANGKAYU;PASANGKAYU;-1.207.562;119.440.268;1;Ada;Ada;Ada;Ada;Ada;Ada;Ada
SULAWESI BARAT;PASANGKAYU;PASANGKAYU;MARTAJAYA;-1.176.998;11.942.685;1;Ada;Ada;Ada;Ada;Ada;Ada;Ada
SULAWESI BARAT;PASANGKAYU;PASANGKAYU;PAKAVA;-1.183.775;119.615.337;1;Ada;Ada;Ada;Ada;Ada;Ada;Ada
SULAWESI BARAT;PASANGKAYU;PASANGKAYU;GUNUNG SARI;-1.215.378;11.945.695;1;Ada;Ada;Ada;Ada;Ada;Ada;Ada
SULAWESI BARAT;PASANGKAYU;PEDONGGA;MALEI;-1.266.285;119.329.249;1;Ada;Ada;Ada;Ada;Ada;Ada;Ada
SULAWESI BARAT;PASANGKAYU;PEDONGGA;PEDANDA;-1.254.368;119.355.188;1;Ada;Ada;Ada;Ada;Ada;Ada;Ada
SULAWESI BARAT;PASANGKAYU;PEDONGGA;BATU OGE;-126.843;119.312.981;1;Ada;Ada;Ada;Ada;Ada;Ada;Ada
SULAWESI BARAT;PASANGKAYU;PEDONGGA;MARTASARI;-1.276.132;119.402.107;1;Ada;Ada;Ada;Ada;Ada;Ada;Ada
SULAWESI BARAT;PASANGKAYU;SARJO;SARJO;-0.878492;119.551.033;1;Ada;Ada;Ada;Tidak ada;Tidak ada;Tidak ada;Ada
SULAWESI BARAT;PASANGKAYU;SARJO;MAPONU;-0.932777;119.532.482;1;Ada;Ada;Ada;Tidak ada;Tidak ada;Tidak ada;Tidak ada
SULAWESI BARAT;PASANGKAYU;SARJO;LETAWA;-0.904213;119.546.249;1;Tidak ada;Ada;Ada;Tidak ada;Tidak ada;Ada;Tidak ada
SULAWESI BARAT;PASANGKAYU;SARJO;SARUDE;-0.869685;119.561.686;1;Tidak ada;Ada;Ada;Ada;Ada;Tidak ada;Tidak ada
SULAWESI BARAT;PASANGKAYU;SARUDU;DODA;-0.904516;119.546.773;1;Ada;Ada;Ada;Ada;Ada;Ada;Ada
SULAWESI BARAT;PASANGKAYU;SARUDU;SARUDU;-0.875177;119.562.115;1;Ada;Tidak ada;Ada;Tidak ada;Ada;Tidak ada;Ada
SULAWESI BARAT;PASANGKAYU;SARUDU;BULU MARIO;-1.673.317;119.348.796;1;Ada;Ada;Ada;Ada;Ada;Ada;Ada
SULAWESI BARAT;PASANGKAYU;SARUDU;KUMASARI;-1.707.779;11.935.282;1;Ada;Ada;Ada;Ada;Ada;Ada;Ada
SULAWESI BARAT;PASANGKAYU;SARUDU;PATIKA;-1.644.117;119.342.395;1;Ada;Ada;Ada;Ada;Ada;Ada;Ada
SULAWESI BARAT;PASANGKAYU;TIKKE RAYA;MAKMUR JAYA;-1.352.223;119.416.481;1;Ada;Ada;Ada;Ada;Ada;Tidak ada;Ada
SULAWESI BARAT;PASANGKAYU;TIKKE RAYA;LARIANG;-1.409.998;119.362.488;1;Ada;Ada;Ada;Ada;Ada;Ada;Ada
SULAWESI BARAT;PASANGKAYU;TIKKE RAYA;TIKKE;-1.327.648;119.349.264;1;Ada;Ada;Ada;Ada;Ada;Ada;Ada
SULAWESI BARAT;PASANGKAYU;TIKKE RAYA;PAJALELE;-1.308.676;119.395.644;1;Ada;Ada;Ada;Ada;Ada;Ada;Ada
SULAWESI BARAT;PASANGKAYU;TIKKE RAYA;JENGENG RAYA;-1.365.611;119.347.062;1;Ada;Ada;Ada;Ada;Ada;Ada;Ada
SULAWESI BARAT;MAJENE;BANGGAE;BANGGAE;-3.535.722;118.940.153;1;Ada;Ada;Ada;Ada;Ada;Ada;Ada
SULAWESI BARAT;MAJENE;BANGGAE;BARU;-3.531.953;118.940.496;1;Ada;Ada;Ada;Ada;Ada;Ada;Ada
SULAWESI BARAT;MAJENE;BANGGAE;PANGALI ALI;-3.533.911;118.952.528;1;Ada;Ada;Ada;Ada;Ada;Ada;Ada
SULAWESI BARAT;MAJENE;BANGGAE;TOTOLI;-3.543.346;118.932.885;1;Ada;Ada;Ada;Ada;Ada;Ada;Ada
SULAWESI BARAT;MAJENE;BANGGAE;RANGAS;-3.567.695;118.935.262;1;Ada;Ada;Ada;Ada;Ada;Ada;Ada
SULAWESI BARAT;MAJENE;BANGGAE;GALUNG;-3.533.555;118.970.948;1;Ada;Ada;Ada;Ada;Ada;Ada;Ada
SULAWESI BARAT;MAJENE;BANGGAE;PALIPI SOREANG;-3.557.869;118.927.816;1;Ada;Ada;Ada;Ada;Ada;Ada;Ada
SULAWESI BARAT;MAJENE;BANGGAE;PAMBOBORANG;-3.533.015;11.894.113;1;Ada;Ada;Ada;Ada;Ada;Ada;Ada
SULAWESI BARAT;MAJENE;BANGGAE TIMUR;BAURUNG;-3.547.587;118.990.205;1;Ada;Ada;Ada;Ada;Ada;Ada;Ada
SULAWESI BARAT;MAJENE;BANGGAE TIMUR;BARUGA;-3.508.637;118.947.659;1;Ada;Ada;Ada;Ada;Ada;Ada;Ada
SULAWESI BARAT;MAJENE;BANGGAE TIMUR;BARUGA DHUA;-3.479.169;118.949.659;1;Ada;Ada;Ada;Ada;Ada;Ada;Ada
SULAWESI BARAT;MAJENE;BANGGAE TIMUR;LABUANG;-3.537.993;118.974.951;1;Tidak ada;Tidak ada;Ada;Ada;Ada;Ada;Ada
SULAWESI BARAT;MAJENE;BANGGAE TIMUR;TANDE;-3.514.647;118.981.443;1;Ada;Ada;Ada;Ada;Ada;Ada;Ada
SULAWESI BARAT;MAJENE;BANGGAE TIMUR;LEMBANG;-3.542.558;118.992.164;1;Ada;Ada;Ada;Ada;Ada;Ada;Ada
SULAWESI BARAT;MAJENE;BANGGAE TIMUR;LABUANG UTARA;-3.540.478;118.974.522;1;Ada;Ada;Ada;Ada;Ada;Ada;Ada
SULAWESI BARAT;MAJENE;BANGGAE TIMUR;TANDE TIMUR;-3.515.076;118.982.473;1;Ada;Ada;Ada;Ada;Ada;Ada;Ada
SULAWESI BARAT;MAJENE;BANGGAE TIMUR;BUTTU BARUGA;-3.501.822;118.952.825;1;Ada;Ada;Ada;Ada;Ada;Ada;Ada
SULAWESI BARAT;MAJENE;MALUNDA;MALUNDA;-2.977.546;118.942.458;1;Ada;Ada;Ada;Ada;Ada;Ada;Ada
SULAWESI BARAT;MAJENE;MALUNDA;LAMUNGANG BATU;-3.024.282;11.886.047;1;Ada;Ada;Ada;Ada;Ada;Ada;Ada
SULAWESI BARAT;MAJENE;MALUNDA;BAMBANGAN;-2.963.485;118.942.332;1;Ada;Ada;Ada;Ada;Ada;Ada;Ada
SULAWESI BARAT;MAJENE;MALUNDA;LOMBANG;-2.999.811;118.959.268;1;Ada;Ada;Ada;Ada;Ada;Ada;Ada
SULAWESI BARAT;MAJENE;MALUNDA;LOMBONG;-298.876;118.856.301;1;Ada;Ada;Ada;Ada;Ada;Ada;Ada
SULAWESI BARAT;MAJENE;MALUNDA;MEKKATTA;-2.941.611;118.904.067;1;Ada;Ada;Ada;Ada;Ada;Ada;Ada
SULAWESI BARAT;MAJENE;MALUNDA;MALIAYA;-293.152;118.881.492;1;Ada;Ada;Ada;Ada;Ada;Ada;Ada
SULAWESI BARAT;MAJENE;MALUNDA;LOMBANG TIMUR;-3.001.868;118.964.075;1;Ada;Ada;Ada;Ada;Ada;Ada;Ada
SULAWESI BARAT;MAJENE;MALUNDA;SALUTAHONGAN;-2.997.775;118.898.856;1;Ada;Ada;Ada;Ada;Ada;Ada;Ada
SULAWESI BARAT;MAJENE;MALUNDA;LOMBONG TIMUR;-2.990.583;118.866.803;1;Ada;Ada;Ada;Ada;Ada;Ada;Ada
SULAWESI BARAT;MAJENE;MALUNDA;MEKKATTA SELATAN;-2.941.268;118.903.208;1;Ada;Ada;Ada;Ada;Ada;Ada;Ada
SULAWESI BARAT;MAJENE;MALUNDA;KAYUANGIN;-2.988.803;118.879.658;1;Ada;Ada;Ada;Ada;Ada;Ada;Ada
SULAWESI BARAT;MAJENE;PAMBOANG;LALAMPANUA;-3.481.013;118.896.201;1;Tidak ada;Ada;Ada;Ada;Ada;Ada;Ada
SULAWESI BARAT;MAJENE;PAMBOANG;SIRINDU;-344.716;118.883.738;1;Ada;Tidak ada;Ada;Ada;Ada;Ada;Ada
SULAWESI BARAT;MAJENE;PAMBOANG;ADOLANG;-3.430.784;118.905.476;1;Ada;Ada;Ada;Ada;Ada;Ada;Ada
SULAWESI BARAT;MAJENE;PAMBOANG;BABABULO;-3.508.359;118.906.557;1;Tidak ada;Tidak ada;Ada;Ada;Ada;Ada;Tidak ada
SULAWESI BARAT;MAJENE;PAMBOANG;BONDE;-3.524.203;118.918.328;1;Tidak ada;Tidak ada;Ada;Ada;Ada;Ada;Tidak ada
SULAWESI BARAT;MAJENE;PAMBOANG;BETTENG;-346.202;118.919.089;1;Ada;Tidak ada;Ada;Ada;Ada;Ada;Tidak ada
SULAWESI BARAT;MAJENE;PAMBOANG;SIMBANG;-3.497.453;118.924.014;1;Ada;Tidak ada;Ada;Ada;Ada;Tidak ada;Tidak ada
SULAWESI BARAT;MAJENE;PAMBOANG;BONDE UTARA;-352.398;118.922.952;1;Ada;Ada;Ada;Ada;Ada;Ada;Ada
SULAWESI BARAT;MAJENE;PAMBOANG;BABABULO UTARA;-3.507.673;118.906.986;1;Tidak ada;Tidak ada;Ada;Ada;Ada;Tidak ada;Tidak ada
SULAWESI BARAT;MAJENE;PAMBOANG;BUTTU PAMBOANG;-3.506.922;118.912.995;1;Ada;Ada;Ada;Ada;Ada;Ada;Ada
SULAWESI BARAT;MAJENE;PAMBOANG;BANUA ADOLANG;-3.454.444;118.910.844;1;Ada;Ada;Ada;Ada;Ada;Ada;Ada
SULAWESI BARAT;MAJENE;PAMBOANG;ADOLANG DHUA;-3.430.698;118.891.915;1;Ada;Ada;Ada;Ada;Ada;Ada;Ada
SULAWESI BARAT;MAJENE;PAMBOANG;TINAMBUNG;-3.510.485;119.009.536;1;Tidak ada;Tidak ada;Ada;Ada;Ada;Ada;Ada
SULAWESI BARAT;MAJENE;PAMBOANG;PESULOANG;-3.462.478;118.879.887;1;Ada;Ada;Ada;Ada;Ada;Ada;Ada
SULAWESI BARAT;MAJENE;PAMBOANG;BALOMBONG;-3.449.273;118.880.531;1;Ada;Ada;Ada;Ada;Ada;Ada;Tidak ada
SULAWESI BARAT;MAJENE;SENDANA;MOSSO;-338.562;118.877.536;1;Ada;Ada;Ada;Ada;Ada;Ada;Ada
SULAWESI BARAT;MAJENE;SENDANA;MOSSO DHUA;-3.406.561;118.887.369;1;Ada;Ada;Ada;Ada;Ada;Ada;Ada
SULAWESI BARAT;MAJENE;SENDANA;TOTOLISI SENDANA;-3.327.144;118.843.489;1;Ada;Ada;Ada;Ada;Ada;Ada;Ada
SULAWESI BARAT;MAJENE;SENDANA;TALLUBANUA;-3.274.011;118.882.046;1;Ada;Ada;Ada;Ada;Ada;Ada;Ada
SULAWESI BARAT;MAJENE;SENDANA;LALATEDZONG;-3.364.404;118.853.636;1;Ada;Ada;Ada;Ada;Ada;Ada;Ada
SULAWESI BARAT;MAJENE;SENDANA;BINANGA;-3.344.893;118.853.728;1;Ada;Ada;Ada;Ada;Ada;Ada;Ada
SULAWESI BARAT;MAJENE;SENDANA;PUTTADA;-3.348.956;118.884.249;1;Ada;Ada;Ada;Ada;Ada;Ada;Ada
SULAWESI BARAT;MAJENE;SENDANA;PAMINGGALAN;-3.376.191;118.850.928;1;Ada;Ada;Ada;Ada;Ada;Ada;Tidak ada
SULAWESI BARAT;MAJENE;SENDANA;LEPPANGANG;-3.349.569;118.856.719;1;Ada;Ada;Ada;Ada;Ada;Ada;Ada
SULAWESI BARAT;MAJENE;SENDANA;PUNDAU;-3.321.384;118.877.962;1;Ada;Ada;Ada;Ada;Ada;Ada;Ada
SULAWESI BARAT;MAJENE;SENDANA;SENDANA;-3.328.416;118.884.191;1;Tidak ada;Tidak ada;Ada;Ada;Ada;Ada;Tidak ada
SULAWESI BARAT;MAJENE;SENDANA;BANUA SENDANA;-3.300.876;118.878.302;1;Ada;Ada;Ada;Ada;Ada;Ada;Ada
SULAWESI BARAT;MAJENE;SENDANA;TALLUBANUA UTARA;-3.273.668;118.879.986;1;Ada;Ada;Ada;Ada;Ada;Ada;Ada
SULAWESI BARAT;MAJENE;SENDANA;LIMBORO RAMBU-RAMBU;-3.278.196;118.900.499;1;Ada;Ada;Ada;Ada;Ada;Ada;Ada
SULAWESI BARAT;MAJENE;SENDANA;LIMBUA;-3.372.813;118.850.473;1;Ada;Ada;Ada;Ada;Ada;Ada;Ada
SULAWESI BARAT;MAJENE;SENDANA;BUKIT SAMANG;-3.393.077;118.863.277;1;Ada;Ada;Ada;Ada;Ada;Ada;Ada
SULAWESI BARAT;MAJENE;TAMMERODO SENDANA;SEPPONG;-3.222.792;118.869.106;1;Ada;Ada;Ada;Ada;Ada;Ada;Ada
SULAWESI BARAT;MAJENE;TAMMERODO SENDANA;TAMMERODO;-3.254.425;11.884.399;1;Ada;Ada;Ada;Ada;Ada;Ada;Ada
SULAWESI BARAT;MAJENE;TAMMERODO SENDANA;ULIDANG;-3.198.456;118.855.332;1;Ada;Ada;Ada;Ada;Ada;Ada;Ada
SULAWESI BARAT;MAJENE;TAMMERODO SENDANA;TALLAMBALAO;-3.248.279;118.874.537;1;Ada;Ada;Ada;Ada;Ada;Ada;Tidak ada
SULAWESI BARAT;MAJENE;TAMMERODO SENDANA;TAMMERODO UTARA;-326.925;118.848.367;1;Ada;Ada;Ada;Ada;Ada;Ada;Ada
SULAWESI BARAT;MAJENE;TAMMERODO SENDANA;MANYAMBA;-3.231.392;118.867.914;1;Ada;Ada;Ada;Ada;Ada;Ada;Tidak ada
SULAWESI BARAT;MAJENE;TAMMERODO SENDANA;AWO;-3.211.725;118.848.859;1;Ada;Ada;Ada;Ada;Ada;Ada;Ada
SULAWESI BARAT;MAJENE;TUBO SENDANA;ONANG;-3.103.174;118.784.383;1;Ada;Ada;Ada;Ada;Ada;Ada;Ada
SULAWESI BARAT;MAJENE;TUBO SENDANA;TUBO;-3.100.175;118.819.741;1;Ada;Ada;Ada;Ada;Ada;Ada;Ada
SULAWESI BARAT;MAJENE;TUBO SENDANA;ONANG UTARA;-3.109.331;118.798.525;1;Ada;Ada;Ada;Ada;Ada;Ada;Ada
SULAWESI BARAT;MAJENE;TUBO SENDANA;TUBO SELATAN;-3.160.661;118.824.478;1;Ada;Ada;Ada;Ada;Ada;Ada;Ada
SULAWESI BARAT;MAJENE;TUBO SENDANA;BONDE BONDE;-3.113.971;118.782.049;1;Ada;Ada;Ada;Ada;Ada;Ada;Ada
SULAWESI BARAT;MAJENE;TUBO SENDANA;TUBO TENGAH;-308.466;118.787.628;1;Ada;Ada;Ada;Ada;Ada;Ada;Ada
SULAWESI BARAT;MAJENE;TUBO SENDANA;TUBO POANG;-3.091.427;118.832.254;1;Ada;Ada;Ada;Ada;Ada;Ada;Ada
SULAWESI BARAT;MAJENE;ULUMANDA;KABIRAAN;-3.054.621;11.886.926;1;Ada;Ada;Ada;Ada;Ada;Ada;Ada
SULAWESI BARAT;MAJENE;ULUMANDA;SAMBABO;-3.111.233;118.856.965;1;Ada;Ada;Ada;Ada;Ada;Ada;Ada
SULAWESI BARAT;MAJENE;ULUMANDA;TANDEALLO;-3.113.671;118.898.128;1;Ada;Ada;Ada;Ada;Ada;Ada;Ada
SULAWESI BARAT;MAJENE;ULUMANDA;ULUMANDA;-3.073.266;118.934.239;1;Ada;Ada;Ada;Ada;Ada;Ada;Ada
SULAWESI BARAT;MAJENE;ULUMANDA;SALUTAMBUNG;-3.085.639;118.836.457;1;Ada;Ada;Ada;Ada;Ada;Ada;Ada
SULAWESI BARAT;MAJENE;ULUMANDA;POPENGA;-3.033.196;118.993.761;1;Ada;Ada;Ada;Ada;Ada;Tidak ada;Tidak ada
SULAWESI BARAT;MAJENE;ULUMANDA;SULAI;-3.075.323;118.847.035;1;Ada;Ada;Ada;Ada;Ada;Ada;Ada
SULAWESI BARAT;MAJENE;ULUMANDA;PANGGALO;-3.122.115;11.891.408;1;Ada;Ada;Ada;Ada;Ada;Ada;Ada
SULAWESI BARAT;MAMASA;ARALLE;ARALLE;-2.872.817;119.082.565;1;Tidak ada;Tidak ada;Ada;Tidak ada;Ada;Tidak ada;Tidak ada
SULAWESI BARAT;MAMASA;ARALLE;RALLE ANAK;-2.903.276;119.095.538;1;Ada;Tidak ada;Ada;Ada;Ada;Tidak ada;Tidak ada
SULAWESI BARAT;MAMASA;ARALLE;PANETEAN;-2.852.389;119.137.895;1;Ada;Tidak ada;Ada;Ada;Tidak ada;Tidak ada;Tidak ada
SULAWESI BARAT;MAMASA;ARALLE;UHAILANU;-2.906.202;1.191.487;1;Ada;Ada;Ada;Ada;Ada;Ada;Ada
SULAWESI BARAT;MAMASA;ARALLE;ARALLE UTARA;-2.866.855;119.151.369;1;Tidak ada;Tidak ada;Tidak ada;Tidak ada;Tidak ada;Tidak ada;Tidak ada
SULAWESI BARAT;MAMASA;ARALLE;UHAIDAHO;-2.900.145;119.054.437;1;Tidak ada;Tidak ada;Tidak ada;Tidak ada;Tidak ada;Tidak ada;Tidak ada
SULAWESI BARAT;MAMASA;ARALLE;BARURU;-2.881.639;119.155.526;1;Ada;Tidak ada;Ada;Tidak ada;Tidak ada;Tidak ada;Tidak ada
SULAWESI BARAT;MAMASA;ARALLE;RALLEANAK UTARA;-2.875.849;119.101.367;1;Tidak ada;Tidak ada;Ada;Tidak ada;Tidak ada;Tidak ada;Tidak ada
SULAWESI BARAT;MAMASA;ARALLE;PAMOSEANG PANGGA;-2.947.756;119.062.189;1;Tidak ada;Tidak ada;Ada;Tidak ada;Tidak ada;Tidak ada;Tidak ada
SULAWESI BARAT;MAMASA;ARALLE;KALABE;-2.883.439;119.158.444;1;Tidak ada;Tidak ada;Tidak ada;Tidak ada;Tidak ada;Tidak ada;Tidak ada
SULAWESI BARAT;MAMASA;ARALLE;ARALLE SELATAN;-2.892.945;11.914.886;1;Tidak ada;Tidak ada;Ada;Tidak ada;Ada;Tidak ada;Tidak ada
SULAWESI BARAT;MAMASA;ARALLE;HAHANGAN;-2.898.766;119.174.156;1;Tidak ada;Tidak ada;Tidak ada;Tidak ada;Tidak ada;Tidak ada;Tidak ada
SULAWESI BARAT;MAMASA;BALLA;BALLA;-2.989.267;119.319.182;1;Ada;Ada;Ada;Ada;Ada;Ada;Ada
SULAWESI BARAT;MAMASA;BALLA;BALLA BARAT;-297.827;11.930.686;1;Ada;Ada;Ada;Ada;Ada;Ada;Ada
SULAWESI BARAT;MAMASA;BALLA;BALLA SATANETEAN;-2.967.125;119.318.327;1;Ada;Ada;Ada;Ada;Ada;Ada;Tidak ada
SULAWESI BARAT;MAMASA;BALLA;BALLA TUMUKA;-2.973.935;119.279.279;1;Ada;Ada;Ada;Ada;Ada;Ada;Tidak ada
SULAWESI BARAT;MAMASA;BALLA;SEPAKUAN;-3.029.125;119.344.102;1;Ada;Ada;Ada;Ada;Ada;Ada;Ada
SULAWESI BARAT;MAMASA;BALLA;PIDARA;-29.838;119.298.533;1;Ada;Ada;Ada;Tidak ada;Tidak ada;Tidak ada;Ada
SULAWESI BARAT;MAMASA;BALLA;BAMBAPUANG;-3.016.355;11.934.555;1;Ada;Tidak ada;Ada;Ada;Tidak ada;Tidak ada;Tidak ada
SULAWESI BARAT;MAMASA;BALLA;BALLA TIMUR;-3.006.164;119.348.845;1;Ada;Tidak ada;Ada;Ada;Tidak ada;Ada;Tidak ada
SULAWESI BARAT;MAMASA;BAMBANG;MOKALLANG;-2.908.515;119.238.463;1;Ada;Ada;Ada;Ada;Ada;Ada;Ada
SULAWESI BARAT;MAMASA;BAMBANG;MASOSO;-2.931.871;119.216.176;1;Ada;Ada;Ada;Ada;Ada;Tidak ada;Tidak ada
SULAWESI BARAT;MAMASA;BAMBANG;SALUASSING;-2.922.391;119.196.199;1;Ada;Ada;Ada;Ada;Tidak ada;Tidak ada;Tidak ada
SULAWESI BARAT;MAMASA;BAMBANG;SALUBULO;-2.963.748;119.213.566;1;Ada;Ada;Ada;Ada;Tidak ada;Tidak ada;Tidak ada
SULAWESI BARAT;MAMASA;BAMBANG;SALUKADI;-2.937.478;11.922.405;1;Ada;Ada;Ada;Tidak ada;Tidak ada;Tidak ada;Tidak ada
SULAWESI BARAT;MAMASA;BAMBANG;SALUKEPOPOK;-2.917.095;119.180.972;1;Ada;Ada;Ada;Ada;Tidak ada;Tidak ada;Tidak ada
SULAWESI BARAT;MAMASA;BAMBANG;ULUMAMBI BARAT;-2.896.059;119.253.426;1;Ada;Ada;Ada;Tidak ada;Tidak ada;Tidak ada;Tidak ada
SULAWESI BARAT;MAMASA;BAMBANG;LIMBADEBATA;-2.957.542;119.249.035;1;Ada;Ada;Ada;Ada;Ada;Ada;Ada
SULAWESI BARAT;MAMASA;BAMBANG;TANETE TOMBA;-2.959.157;119.225.329;1;Ada;Ada;Ada;Tidak ada;Tidak ada;Tidak ada;Tidak ada
SULAWESI BARAT;MAMASA;BAMBANG;BAMBANG;-2.909.668;11.924.345;1;Ada;Ada;Ada;Ada;Ada;Tidak ada;Tidak ada
SULAWESI BARAT;MAMASA;BAMBANG;RANTELEMO;-2.937.738;119.232.015;1;Ada;Ada;Ada;Ada;Ada;Ada;Ada
SULAWESI BARAT;MAMASA;BAMBANG;SALUDENGEN;-2.913.482;119.205.006;1;Ada;Ada;Ada;Tidak ada;Ada;Tidak ada;Tidak ada
SULAWESI BARAT;MAMASA;BAMBANG;ULUMAMBI;-2.906.435;119.274.398;1;Ada;Ada;Ada;Tidak ada;Tidak ada;Tidak ada;Tidak ada
SULAWESI BARAT;MAMASA;BAMBANG;BAMBANG TIMUR;-294.613;119.215.792;1;Ada;Ada;Ada;Tidak ada;Ada;Ada;Tidak ada
SULAWESI BARAT;MAMASA;BAMBANG;MINANGA;-2.951.514;119.191.309;1;Ada;Ada;Ada;Tidak ada;Tidak ada;Tidak ada;Tidak ada
SULAWESI BARAT;MAMASA;BAMBANG;SIKAMASE;-2.895.296;11.930.669;1;Ada;Ada;Ada;Tidak ada;Tidak ada;Tidak ada;Tidak ada
SULAWESI BARAT;MAMASA;BAMBANG;RANTETARIMA;-2.881.968;119.223.675;1;Ada;Ada;Ada;Tidak ada;Tidak ada;Tidak ada;Tidak ada
SULAWESI BARAT;MAMASA;BAMBANG;SALURURU;-2.941.265;119.243.858;1;Ada;Ada;Ada;Tidak ada;Tidak ada;Ada;Ada
SULAWESI BARAT;MAMASA;BAMBANG;SALUTABANG;-2.923.471;119.228.775;1;Ada;Ada;Ada;Ada;Ada;Tidak ada;Ada
SULAWESI BARAT;MAMASA;BAMBANG;BALATANA;-2.949.437;11.922.531;1;Ada;Ada;Ada;Tidak ada;Tidak ada;Tidak ada;Tidak ada
SULAWESI BARAT;MAMASA;BUNTUMALANGKA;BUNTUMALANGKA;-283.111;119.187.385;1;Ada;Ada;Ada;Ada;Ada;Ada;Ada
SULAWESI BARAT;MAMASA;BUNTUMALANGKA;RANTEBERAN;-2.817.749;119.221.847;1;Tidak ada;Tidak ada;Ada;Tidak ada;Tidak ada;Tidak ada;Tidak ada
SULAWESI BARAT;MAMASA;BUNTUMALANGKA;KEBANGA;-2.842.381;119.214.738;1;Ada;Ada;Ada;Ada;Ada;Ada;Ada
SULAWESI BARAT;MAMASA;BUNTUMALANGKA;SALURINDU;-2.833.553;119.141.465;1;Tidak ada;Tidak ada;Ada;Tidak ada;Tidak ada;Tidak ada;Ada
SULAWESI BARAT;MAMASA;BUNTUMALANGKA;TAORA;-2.798.998;119.179.118;1;Tidak ada;Tidak ada;Ada;Tidak ada;Tidak ada;Tidak ada;Ada
SULAWESI BARAT;MAMASA;BUNTUMALANGKA;KABAE;-2.851.275;119.169.717;1;Ada;Ada;Ada;Ada;Ada;Ada;Ada
SULAWESI BARAT;MAMASA;BUNTUMALANGKA;SALUTAMBUN BARAT;-285.943;119.179.803;1;Tidak ada;Tidak ada;Ada;Tidak ada;Tidak ada;Tidak ada;Tidak ada
SULAWESI BARAT;MAMASA;BUNTUMALANGKA;PENATANGAN;-2.822.065;119.149.858;1;Tidak ada;Tidak ada;Ada;Tidak ada;Tidak ada;Tidak ada;Ada
SULAWESI BARAT;MAMASA;BUNTUMALANGKA;SALUTAMBUN TIMUR;-2.874.243;119.197.644;1;Tidak ada;Tidak ada;Ada;Tidak ada;Tidak ada;Tidak ada;Tidak ada
SULAWESI BARAT;MAMASA;BUNTUMALANGKA;SALUTAMBUN;-2.862.693;11.919.159;1;Tidak ada;Tidak ada;Tidak ada;Tidak ada;Tidak ada;Tidak ada;Tidak ada
SULAWESI BARAT;MAMASA;BUNTUMALANGKA;ARALLE TIMUR;-2.890.228;119.186.985;1;Tidak ada;Tidak ada;Tidak ada;Tidak ada;Tidak ada;Tidak ada;Tidak ada
SULAWESI BARAT;MAMASA;MAMASA;MAMASA;-2.941.503;119.320.837;1;Ada;Ada;Ada;Ada;Ada;Ada;Ada
SULAWESI BARAT;MAMASA;MAMASA;RAMBUSARATU;-2.857.419;119.411.577;1;Tidak ada;Tidak ada;Ada;Ada;Tidak ada;Ada;Ada
SULAWESI BARAT;MAMASA;MAMASA;OSANGO;-2.937.325;119.350.587;1;Ada;Ada;Ada;Ada;Ada;Ada;Ada
SULAWESI BARAT;MAMASA;MAMASA;LAMBANAN;-285.784;119.455.311;1;Tidak ada;Tidak ada;Ada;Tidak ada;Tidak ada;Tidak ada;Tidak ada
SULAWESI BARAT;MAMASA;MAMASA;LEMBANA SALULO;-2.948.404;119.334.583;1;Ada;Ada;Ada;Ada;Ada;Ada;Ada
SULAWESI BARAT;MAMASA;MAMASA;TAUPE;-2.912.243;119.345.131;1;Tidak ada;Tidak ada;Ada;Tidak ada;Tidak ada;Ada;Tidak ada
SULAWESI BARAT;MAMASA;MAMASA;BUNTU BUDA;-2.935.616;119.372.973;1;Ada;Ada;Ada;Tidak ada;Ada;Tidak ada;Tidak ada
SULAWESI BARAT;MAMASA;MAMASA;TONDOK BAKARU;-2.846.552;11.939.136;1;Tidak ada;Tidak ada;Ada;Tidak ada;Ada;Ada;Tidak ada
SULAWESI BARAT;MAMASA;MAMASA;PEBASSIAN;-2.955.508;119.326.522;1;Ada;Ada;Ada;Ada;Ada;Ada;Ada
SULAWESI BARAT;MAMASA;MAMASA;MAMBULILING;-2.898.651;119.363.551;1;Tidak ada;Tidak ada;Ada;Tidak ada;Tidak ada;Tidak ada;Tidak ada
SULAWESI BARAT;MAMASA;MAMASA;BOMBONG LAMBE;-2.969.933;119.357.347;1;Ada;Ada;Ada;Tidak ada;Ada;Tidak ada;Tidak ada
SULAWESI BARAT;MAMASA;MAMASA;BUBUN BATU;-2.938.975;119.337.392;1;Tidak ada;Tidak ada;Ada;Ada;Ada;Tidak ada;Tidak ada
SULAWESI BARAT;MAMASA;MAMBI;MAMBI;-2.949.716;119.171.817;1;Tidak ada;Tidak ada;Ada;Ada;Ada;Tidak ada;Tidak ada
SULAWESI BARAT;MAMASA;MAMBI;TALIPUKKI;-294.429;11.914.739;1;Tidak ada;Tidak ada;Tidak ada;Tidak ada;Tidak ada;Tidak ada;Tidak ada
SULAWESI BARAT;MAMASA;MAMBI;RANTEBULAHAN;-2.968.284;119.181.448;1;Tidak ada;Ada;Ada;Tidak ada;Tidak ada;Tidak ada;Tidak ada
SULAWESI BARAT;MAMASA;MAMBI;SONDONGLAYU;-2.940.247;119.183.644;1;Ada;Ada;Ada;Ada;Ada;Tidak ada;Tidak ada
SULAWESI BARAT;MAMASA;MAMBI;SALUBANUA;-3.034.768;11.910.322;1;Tidak ada;Tidak ada;Tidak ada;Tidak ada;Tidak ada;Tidak ada;Tidak ada
SULAWESI BARAT;MAMASA;MAMBI;TAPALINA;-2.920.449;119.159.966;1;Tidak ada;Tidak ada;Tidak ada;Tidak ada;Tidak ada;Tidak ada;Tidak ada
SULAWESI BARAT;MAMASA;MAMBI;SENDANA;-2.952.151;119.180.739;1;Ada;Ada;Ada;Ada;Ada;Ada;Ada
SULAWESI BARAT;MAMASA;MAMBI;PAMOSEAN;-2.973.179;119.120.012;1;Tidak ada;Tidak ada;Tidak ada;Tidak ada;Tidak ada;Tidak ada;Tidak ada
SULAWESI BARAT;MAMASA;MAMBI;SELUMAKA;-2.994.356;119.149.579;1;Tidak ada;Tidak ada;Tidak ada;Tidak ada;Tidak ada;Tidak ada;Tidak ada
SULAWESI BARAT;MAMASA;MAMBI;BUJUNG MANURUNG;-2.932.996;119.171.306;1;Ada;Ada;Ada;Ada;Ada;Tidak ada;Ada
SULAWESI BARAT;MAMASA;MAMBI;SALU ALO;-299.002;119.181.499;1;Tidak ada;Ada;Tidak ada;Tidak ada;Tidak ada;Tidak ada;Tidak ada
SULAWESI BARAT;MAMASA;MAMBI;INDOBANUA;-2.988.312;119.089.882;1;Tidak ada;Ada;Tidak ada;Tidak ada;Tidak ada;Tidak ada;Tidak ada
SULAWESI BARAT;MAMASA;MAMBI;SALUDURIAN;-2.971.493;119.165.247;1;Ada;Ada;Ada;Ada;Ada;Tidak ada;Tidak ada
SULAWESI BARAT;MAMASA;MEHALAAN;MEHALAAN;-3.027.863;11.918.441;1;Ada;Ada;Ada;Ada;Ada;Ada;Ada
SULAWESI BARAT;MAMASA;MEHALAAN;BOTTENG;-3.082.448;119.138.485;1;Ada;Ada;Ada;Ada;Ada;Ada;Ada
SULAWESI BARAT;MAMASA;MEHALAAN;SALUKONTA;-3.013.088;119.246.681;1;Tidak ada;Tidak ada;Ada;Ada;Ada;Ada;Ada
SULAWESI BARAT;MAMASA;MEHALAAN;MESAKADA;-3.027.265;119.225.607;1;Ada;Ada;Ada;Ada;Ada;Ada;Ada
SULAWESI BARAT;MAMASA;MEHALAAN;MEHALAAN BARAT;-3.029.435;119.181.063;1;Ada;Ada;Ada;Ada;Ada;Ada;Ada
SULAWESI BARAT;MAMASA;MEHALAAN;SALUAHOK;-3.001.125;119.192.933;1;Tidak ada;Tidak ada;Ada;Ada;Ada;Ada;Ada
SULAWESI BARAT;MAMASA;MEHALAAN;SALUBALO;-2.989.934;119.180.769;1;Tidak ada;Tidak ada;Ada;Ada;Ada;Ada;Ada
SULAWESI BARAT;MAMASA;MEHALAAN;PASSEMBUK;-3.066.986;119.208.138;1;Tidak ada;Tidak ada;Ada;Ada;Ada;Ada;Ada
SULAWESI BARAT;MAMASA;MEHALAAN;KONDO;-3.094.925;119.152.691;1;Tidak ada;Tidak ada;Ada;Ada;Ada;Ada;Ada
SULAWESI BARAT;MAMASA;MEHALAAN;LEKO SUKAMAJU;-3.013.325;119.238.698;1;Tidak ada;Tidak ada;Ada;Ada;Ada;Ada;Ada
SULAWESI BARAT;MAMASA;MEHALAAN;ULUMEA;-3.016.525;119.200.082;1;Tidak ada;Tidak ada;Ada;Ada;Ada;Ada;Ada
SULAWESI BARAT;MAMASA;MESSAWA;MESSAWA;-3.249.935;119.363.551;1;Ada;Tidak ada;Ada;Tidak ada;Tidak ada;Tidak ada;Ada
SULAWESI BARAT;MAMASA;MESSAWA;RIPPUNG;-3.224.699;119.335.023;1;Tidak ada;Tidak ada;Tidak ada;Tidak ada;Tidak ada;Tidak ada;Tidak ada
SULAWESI BARAT;MAMASA;MESSAWA;MAKUANG;-3.271.708;11.934.623;1;Tidak ada;Ada;Tidak ada;Tidak ada;Tidak ada;Ada;Tidak ada
SULAWESI BARAT;MAMASA;MESSAWA;SEPANG;-3.314.185;119.429.415;1;Tidak ada;Ada;Ada;Tidak ada;Tidak ada;Tidak ada;Tidak ada
SULAWESI BARAT;MAMASA;MESSAWA;MALIMBONG;-3.251.345;119.383.034;1;Tidak ada;Tidak ada;Ada;Tidak ada;Tidak ada;Tidak ada;Ada
SULAWESI BARAT;MAMASA;MESSAWA;MATANDE;-3.277.341;119.393.455;1;Ada;Tidak ada;Ada;Ada;Ada;Ada;Ada
SULAWESI BARAT;MAMASA;MESSAWA;SIPAI;-3.287.396;119.415.616;1;Tidak ada;Tidak ada;Tidak ada;Tidak ada;Tidak ada;Tidak ada;Tidak ada
SULAWESI BARAT;MAMASA;MESSAWA;PASMA MAMBU;-3.251.052;11.931.123;1;Ada;Ada;Ada;Ada;Ada;Tidak ada;Tidak ada
SULAWESI BARAT;MAMASA;MESSAWA;TANETE BATU;-3.300.904;119.416.453;1;Tidak ada;Tidak ada;Ada;Tidak ada;Tidak ada;Tidak ada;Tidak ada
SULAWESI BARAT;MAMASA;NOSU;NOSU;-3.129.392;119.478.946;1;Ada;Ada;Ada;Ada;Ada;Ada;Ada
SULAWESI BARAT;MAMASA;NOSU;MINANGA;-3.099.521;119.461.353;1;Tidak ada;Ada;Ada;Ada;Ada;Ada;Ada
SULAWESI BARAT;MAMASA;NOSU;BATUPAPAN;-3.147.687;119.483.585;1;Tidak ada;Ada;Ada;Ada;Ada;Ada;Ada
SULAWESI BARAT;MAMASA;NOSU;MASEWWE;-3.176.034;119.473.763;1;Ada;Ada;Ada;Ada;Ada;Ada;Ada
SULAWESI BARAT;MAMASA;NOSU;SIWI;-3.107.345;11.949.597;1;Tidak ada;Ada;Ada;Ada;Ada;Ada;Ada
SULAWESI BARAT;MAMASA;NOSU;MINANGA TIMUR;-3.091.642;119.487.341;1;Tidak ada;Ada;Ada;Ada;Ada;Ada;Ada
SULAWESI BARAT;MAMASA;NOSU;PARINDING;-3.077.752;119.475.029;1;Tidak ada;Tidak ada;Ada;Ada;Ada;Ada;Ada
SULAWESI BARAT;MAMASA;PANA;PANA;-3.066.967;119.533.762;1;Ada;Ada;Ada;Tidak ada;Ada;Ada;Ada
SULAWESI BARAT;MAMASA;PANA;MANIPI;-3.099.987;119.610.361;1;Ada;Ada;Ada;Ada;Ada;Ada;Ada
SULAWESI BARAT;MAMASA;PANA;MAMULLU;-3.080.986;119.588.924;1;Ada;Ada;Tidak ada;Ada;Ada;Ada;Tidak ada
SULAWESI BARAT;MAMASA;PANA;SAPAN;-3.032.824;119.557.713;1;Tidak ada;Tidak ada;Tidak ada;Ada;Ada;Ada;Tidak ada
SULAWESI BARAT;MAMASA;PANA;DATUBARINGAN;-3.113.176;119.562.942;1;Ada;Ada;Ada;Ada;Ada;Ada;Tidak ada
SULAWESI BARAT;MAMASA;PANA;PANURA;-3.088.859;11.954.521;1;Tidak ada;Tidak ada;Ada;Ada;Ada;Ada;Tidak ada
SULAWESI BARAT;MAMASA;PANA;TALLANG BULAWAN;-3.079.248;119.571.331;1;Tidak ada;Tidak ada;Tidak ada;Ada;Ada;Ada;Tidak ada
SULAWESI BARAT;MAMASA;PANA;KARAKA;-3.049.035;119.580.829;1;Tidak ada;Tidak ada;Ada;Ada;Ada;Ada;Tidak ada
SULAWESI BARAT;MAMASA;PANA;ULUSALU;-3.030.163;119.531.923;1;Tidak ada;Tidak ada;Tidak ada;Tidak ada;Tidak ada;Tidak ada;Tidak ada
SULAWESI BARAT;MAMASA;PANA;WERI;-3.062.596;1.195.434;1;Ada;Ada;Ada;Ada;Ada;Ada;Tidak ada
SULAWESI BARAT;MAMASA;PANA;SALUTAMBUN;-3.064.842;119.527.025;1;Tidak ada;Tidak ada;Tidak ada;Tidak ada;Tidak ada;Ada;Tidak ada
SULAWESI BARAT;MAMASA;PANA;SALOAN;-2.992.553;119.495.402;1;Ada;Ada;Ada;Ada;Ada;Ada;Ada
SULAWESI BARAT;MAMASA;PANA;ULUSALU INDAH;-3.045.354;119.491.784;1;Tidak ada;Tidak ada;Ada;Tidak ada;Tidak ada;Ada;Tidak ada
SULAWESI BARAT;MAMASA;RANTEBULAHAN TIMUR;SALUMOKANAN;-299.138;119.249.712;1;Ada;Ada;Ada;Ada;Ada;Ada;Ada
SULAWESI BARAT;MAMASA;RANTEBULAHAN TIMUR;SALUMOKANAN BARAT;-297.951;119.211.405;1;Tidak ada;Tidak ada;Tidak ada;Tidak ada;Tidak ada;Tidak ada;Tidak ada
SULAWESI BARAT;MAMASA;RANTEBULAHAN TIMUR;BUANGIN;-2.974.266;119.249.585;1;Ada;Ada;Ada;Ada;Ada;Ada;Tidak ada
SULAWESI BARAT;MAMASA;RANTEBULAHAN TIMUR;BAMBANG BUDA;-2.975.336;119.196.308;1;Tidak ada;Tidak ada;Ada;Ada;Ada;Ada;Ada
SULAWESI BARAT;MAMASA;RANTEBULAHAN TIMUR;LEKO;-3.007.196;119.235.641;1;Tidak ada;Ada;Tidak ada;Tidak ada;Tidak ada;Tidak ada;Tidak ada
SULAWESI BARAT;MAMASA;RANTEBULAHAN TIMUR;KIRAK;-2.998.019;119.213.508;1;Tidak ada;Tidak ada;Ada;Tidak ada;Tidak ada;Tidak ada;Tidak ada
SULAWESI BARAT;MAMASA;RANTEBULAHAN TIMUR;SALUMOKANAN UTARA;-2.977.765;119.232.211;1;Ada;Ada;Ada;Ada;Ada;Ada;Tidak ada
SULAWESI BARAT;MAMASA;RANTEBULAHAN TIMUR;SAMPALE;-2.984.631;119.228.465;1;Tidak ada;Tidak ada;Tidak ada;Tidak ada;Tidak ada;Tidak ada;Tidak ada
SULAWESI BARAT;MAMASA;SESENAPADANG;OROBUA;-2.984.739;119.403.587;1;Ada;Ada;Ada;Ada;Ada;Ada;Ada
SULAWESI BARAT;MAMASA;SESENAPADANG;PALADAN;-2.992.517;119.380.935;1;Ada;Ada;Ada;Ada;Ada;Ada;Ada
SULAWESI BARAT;MAMASA;SESENAPADANG;OROBUA TIMUR;-2.996.551;119.441.334;1;Ada;Ada;Ada;Ada;Ada;Ada;Ada
SULAWESI BARAT;MAMASA;SESENAPADANG;RANTE PUANG;-3.005.571;119.363.849;1;Ada;Ada;Ada;Ada;Ada;Ada;Ada
SULAWESI BARAT;MAMASA;SESENAPADANG;SATENETEAN;-302.842;119.406.603;1;Ada;Ada;Ada;Ada;Ada;Ada;Ada
SULAWESI BARAT;MAMASA;SESENAPADANG;LISUAN ADA;-2.977.888;119.443.755;1;Ada;Ada;Ada;Ada;Ada;Ada;Ada
SULAWESI BARAT;MAMASA;SESENAPADANG;OROBUA SELATAN;-3.019.655;119.424.373;1;Ada;Ada;Ada;Ada;Tidak ada;Tidak ada;Tidak ada
SULAWESI BARAT;MAMASA;SESENAPADANG;MALANGKENA PADANG;-3.085.322;119.412.738;1;Ada;Ada;Ada;Ada;Ada;Ada;Ada
SULAWESI BARAT;MAMASA;SESENAPADANG;MALIMBONG;-3.046.258;119.429.689;1;Ada;Ada;Ada;Ada;Ada;Ada;Ada
SULAWESI BARAT;MAMASA;SESENAPADANG;MARAMPAN OROBUA;-3.008.176;119.427.609;1;Ada;Ada;Ada;Ada;Ada;Ada;Ada
SULAWESI BARAT;MAMASA;SUMARORONG;SUMARORONG;-3.148.879;119.336.936;1;Tidak ada;Tidak ada;Tidak ada;Tidak ada;Tidak ada;Tidak ada;Ada
SULAWESI BARAT;MAMASA;SUMARORONG;TABONE;-317.504;11.932.981;1;Tidak ada;Tidak ada;Tidak ada;Tidak ada;Tidak ada;Tidak ada;Ada
SULAWESI BARAT;MAMASA;SUMARORONG;BATANG URU;-3.177.387;119.373.509;1;Tidak ada;Tidak ada;Tidak ada;Tidak ada;Tidak ada;Tidak ada;Tidak ada
SULAWESI BARAT;MAMASA;SUMARORONG;SASAKAN;-3.162.006;119.287.314;1;Ada;Tidak ada;Ada;Ada;Ada;Ada;Ada
SULAWESI BARAT;MAMASA;SUMARORONG;TADISI;-3.132.676;119.364.911;1;Tidak ada;Tidak ada;Tidak ada;Tidak ada;Tidak ada;Tidak ada;Tidak ada
SULAWESI BARAT;MAMASA;SUMARORONG;SIBANAWA;-3.194.888;119.344.145;1;Tidak ada;Tidak ada;Tidak ada;Tidak ada;Tidak ada;Tidak ada;Ada
SULAWESI BARAT;MAMASA;SUMARORONG;BATANGNGURU TIMUR;-3.166.517;119.403.314;1;Tidak ada;Tidak ada;Tidak ada;Tidak ada;Tidak ada;Tidak ada;Tidak ada
SULAWESI BARAT;MAMASA;SUMARORONG;SALUBALO;-3.104.945;119.269.456;1;Ada;Ada;Ada;Ada;Ada;Ada;Tidak ada
SULAWESI BARAT;MAMASA;SUMARORONG;BANEA;-3.145.232;119.379.828;1;Tidak ada;Tidak ada;Ada;Tidak ada;Ada;Tidak ada;Tidak ada
SULAWESI BARAT;MAMASA;SUMARORONG;RANTE KAMASE;-3.113.606;119.344.115;1;Tidak ada;Tidak ada;Tidak ada;Tidak ada;Tidak ada;Tidak ada;Tidak ada
SULAWESI BARAT;MAMASA;TABANG;TABANG;-2.862.358;119.523.753;1;Tidak ada;Tidak ada;Ada;Tidak ada;Tidak ada;Tidak ada;Tidak ada
SULAWESI BARAT;MAMASA;TABANG;TADOKALUA;-2.844.726;119.495.781;1;Ada;Ada;Ada;Ada;Ada;Ada;Ada
SULAWESI BARAT;MAMASA;TABANG;TABANG BARAT;-2.987.605;119.550.666;1;Ada;Ada;Ada;Ada;Ada;Ada;Ada
SULAWESI BARAT;MAMASA;TABANG;MASUPU;-3.02;119.565.956;1;Tidak ada;Tidak ada;Ada;Tidak ada;Tidak ada;Tidak ada;Tidak ada
SULAWESI BARAT;MAMASA;TABANG;KALAMA;-2.968.237;119.514.663;1;Tidak ada;Tidak ada;Ada;Tidak ada;Tidak ada;Tidak ada;Tidak ada
SULAWESI BARAT;MAMASA;TABANG;BAKADISURA;-2.942.551;119.531.184;1;Tidak ada;Tidak ada;Ada;Tidak ada;Tidak ada;Tidak ada;Tidak ada
SULAWESI BARAT;MAMASA;TABANG;SALUKONA;-2.826.638;119.548.095;1;Tidak ada;Tidak ada;Ada;Tidak ada;Tidak ada;Tidak ada;Tidak ada
SULAWESI BARAT;MAMASA;TABULAHAN;LAKAHANG;-268.002;119.171.017;1;Tidak ada;Tidak ada;Ada;Ada;Ada;Ada;Ada
SULAWESI BARAT;MAMASA;TABULAHAN;PERIANGAN;-27.235;119.217.597;1;Tidak ada;Tidak ada;Tidak ada;Tidak ada;Tidak ada;Tidak ada;Ada
SULAWESI BARAT;MAMASA;TABULAHAN;MALATIRO;-2.784.277;119.134.082;1;Ada;Ada;Ada;Ada;Ada;Ada;Ada
SULAWESI BARAT;MAMASA;TABULAHAN;TABULAHAN;-2.757.819;119.225.068;1;Tidak ada;Tidak ada;Tidak ada;Tidak ada;Tidak ada;Tidak ada;Tidak ada
SULAWESI BARAT;MAMASA;TABULAHAN;SALULEANG;-2.777.766;119.312.305;1;Tidak ada;Tidak ada;Tidak ada;Tidak ada;Tidak ada;Tidak ada;Tidak ada
SULAWESI BARAT;MAMASA;TABULAHAN;TAMPAK KURRA;-2.736.929;11.917.475;1;Tidak ada;Tidak ada;Ada;Tidak ada;Tidak ada;Tidak ada;Tidak ada
SULAWESI BARAT;MAMASA;TABULAHAN;GANDANG DEWATA;-2.742.867;119.315.777;1;Tidak ada;Tidak ada;Tidak ada;Tidak ada;Tidak ada;Tidak ada;Tidak ada
SULAWESI BARAT;MAMASA;TABULAHAN;BURANA;-2.706.266;119.126.759;1;Ada;Ada;Ada;Ada;Ada;Tidak ada;Ada
SULAWESI BARAT;MAMASA;TABULAHAN;SALUBAKKA;-276.574;119.187.816;1;Tidak ada;Tidak ada;Tidak ada;Ada;Tidak ada;Tidak ada;Ada
SULAWESI BARAT;MAMASA;TABULAHAN;PANGANDARAN;-2.757.132;119.079.489;1;Tidak ada;Tidak ada;Ada;Ada;Ada;Tidak ada;Tidak ada
SULAWESI BARAT;MAMASA;TABULAHAN;TALOPAK;-2.695.355;119.202.493;1;Tidak ada;Tidak ada;Ada;Ada;Ada;Tidak ada;Tidak ada
SULAWESI BARAT;MAMASA;TABULAHAN;PEU';-2.831.392;119.303.593;1;Tidak ada;Tidak ada;Ada;Tidak ada;Tidak ada;Tidak ada;Ada
SULAWESI BARAT;MAMASA;TABULAHAN;TIMORO;-2.663.628;119.184.071;1;Tidak ada;Tidak ada;Tidak ada;Tidak ada;Tidak ada;Tidak ada;Tidak ada
SULAWESI BARAT;MAMASA;TABULAHAN;LAKAHANG UTAMA;-2.700.373;11.917.985;1;Tidak ada;Tidak ada;Tidak ada;Tidak ada;Tidak ada;Tidak ada;Tidak ada
SULAWESI BARAT;MAMASA;TANDUK KALUA;MINAKE;-3.051.379;119.271.871;1;Tidak ada;Tidak ada;Ada;Ada;Tidak ada;Tidak ada;Tidak ada
SULAWESI BARAT;MAMASA;TANDUK KALUA;MALABO;-3.042.479;119.340.958;1;Tidak ada;Tidak ada;Ada;Tidak ada;Tidak ada;Tidak ada;Tidak ada
SULAWESI BARAT;MAMASA;TANDUK KALUA;SINDAGAMANIK;-3.014.601;119.274.856;1;Tidak ada;Tidak ada;Ada;Tidak ada;Tidak ada;Tidak ada;Tidak ada
SULAWESI BARAT;MAMASA;TANDUK KALUA;PARONDOBULAWAN;-3.017.387;119.284.569;1;Tidak ada;Tidak ada;Tidak ada;Tidak ada;Tidak ada;Tidak ada;Tidak ada
SULAWESI BARAT;MAMASA;TANDUK KALUA;TAMALANTIK;-3.068.684;119.332.878;1;Ada;Ada;Tidak ada;Tidak ada;Tidak ada;Tidak ada;Tidak ada
SULAWESI BARAT;MAMASA;TANDUK KALUA;MANNABABA;-2.998.755;11.926.377;1;Tidak ada;Tidak ada;Tidak ada;Tidak ada;Tidak ada;Tidak ada;Tidak ada
SULAWESI BARAT;MAMASA;TANDUK KALUA;MESAKADA;-3.090.566;119.321.979;1;Ada;Ada;Ada;Ada;Ada;Ada;Ada
SULAWESI BARAT;MAMASA;TANDUK KALUA;BALLABATU;-3.038.509;119.302.536;1;Tidak ada;Tidak ada;Ada;Ada;Tidak ada;Tidak ada;Tidak ada
SULAWESI BARAT;MAMASA;TANDUK KALUA;PAMBE;-301.669;11.930.712;1;Ada;Ada;Ada;Ada;Ada;Tidak ada;Tidak ada
SULAWESI BARAT;MAMASA;TANDUK KALUA;SALURANO;-3.057.503;119.345.397;1;Tidak ada;Tidak ada;Tidak ada;Tidak ada;Tidak ada;Tidak ada;Tidak ada
SULAWESI BARAT;MAMASA;TANDUK KALUA;TALIMBUNG;-3.045.465;119.307.854;1;Ada;Tidak ada;Tidak ada;Tidak ada;Tidak ada;Tidak ada;Tidak ada
SULAWESI BARAT;MAMASA;TANDUK KALUA;KANAN;-3.089.975;119.346.461;1;Ada;Ada;Ada;Ada;Ada;Ada;Ada
SULAWESI BARAT;MAMASA;TAWALIAN;TAWALIAN;-2.958.323;119.396.203;1;Ada;Ada;Ada;Ada;Ada;Ada;Ada
SULAWESI BARAT;MAMASA;TAWALIAN;TAWALIAN TIMUR;-2.961.186;119.439.764;1;Tidak ada;Ada;Ada;Ada;Ada;Ada;Ada
SULAWESI BARAT;MAMASA;TAWALIAN;KARIANGO;-2.936.817;119.427.096;1;Tidak ada;Ada;Ada;Tidak ada;Tidak ada;Tidak ada;Tidak ada
SULAWESI BARAT;MAMASA;TAWALIAN;RANTETANGNGA;-2.964.676;119.374.024;1;Ada;Ada;Ada;Tidak ada;Tidak ada;Ada;Ada
SULAWESI BARAT;POLEWALI MANDAR;ALLU;PETOOSANG;-341.255;119.003.429;1;Ada;Ada;Ada;Ada;Ada;Ada;Ada
SULAWESI BARAT;POLEWALI MANDAR;ALLU;MOMBI;-3.438.316;118.992.121;1;Ada;Ada;Ada;Ada;Ada;Ada;Tidak ada
SULAWESI BARAT;POLEWALI MANDAR;ALLU;KALUMAMMANG;-3.401.495;118.939.543;1;Ada;Ada;Ada;Ada;Ada;Ada;Ada
SULAWESI BARAT;POLEWALI MANDAR;ALLU;PAO-PAO;-3.368.145;118.994.359;1;Ada;Ada;Ada;Ada;Ada;Ada;Ada
SULAWESI BARAT;POLEWALI MANDAR;ALLU;PUPPU URING;-3.320.923;118.951.548;1;Tidak ada;Tidak ada;Ada;Tidak ada;Tidak ada;Tidak ada;Tidak ada
SULAWESI BARAT;POLEWALI MANDAR;ALLU;SARAGIAN;-3.432.602;118.968.237;1;Ada;Ada;Ada;Ada;Ada;Ada;Ada
SULAWESI BARAT;POLEWALI MANDAR;ALLU;SAYOANG;-34.309.766;1.190.178.078;1;Ada;Ada;Ada;Ada;Ada;Ada;Ada
SULAWESI BARAT;POLEWALI MANDAR;ALLU;ALU;-34.063.661;1.189.828.722;1;Ada;Ada;Ada;Ada;Ada;Ada;Ada
SULAWESI BARAT;POLEWALI MANDAR;ANREAPI;ANREAPI;-3.343.468;119.366.286;1;Ada;Ada;Ada;Ada;Ada;Ada;Ada
SULAWESI BARAT;POLEWALI MANDAR;ANREAPI;DUAMPANUA;-3.372.671;119.328.915;1;Ada;Ada;Ada;Ada;Ada;Ada;Ada
SULAWESI BARAT;POLEWALI MANDAR;ANREAPI;KELAPA DUA;-3.325.437;119.370.385;1;Ada;Ada;Ada;Ada;Ada;Ada;Ada
SULAWESI BARAT;POLEWALI MANDAR;ANREAPI;PAPPANDANGAN;-3.330.685;119.349.404;1;Ada;Ada;Ada;Ada;Ada;Ada;Ada
SULAWESI BARAT;POLEWALI MANDAR;ANREAPI;KUNYI;-3.344.381;119.402.028;1;Ada;Ada;Ada;Ada;Ada;Ada;Ada
SULAWESI BARAT;POLEWALI MANDAR;BALANIPA;BALANIPA;-3.480.183;119.062.311;1;Ada;Ada;Ada;Ada;Ada;Ada;Ada
SULAWESI BARAT;POLEWALI MANDAR;BALANIPA;TAMMAJARRA;-3.484.178;119.030.509;1;Ada;Ada;Ada;Ada;Ada;Ada;Ada
SULAWESI BARAT;POLEWALI MANDAR;BALANIPA;TAMANGGALLE;-3.498.245;119.057.256;1;Ada;Ada;Ada;Ada;Ada;Ada;Ada
SULAWESI BARAT;POLEWALI MANDAR;BALANIPA;MOSSO;-3.462.012;119.051.492;1;Ada;Ada;Ada;Ada;Ada;Ada;Ada
SULAWESI BARAT;POLEWALI MANDAR;BALANIPA;GALUNG TULUK;-3.497.745;119.067.406;1;Ada;Ada;Ada;Ada;Ada;Tidak ada;Ada
SULAWESI BARAT;POLEWALI MANDAR;BALANIPA;SABANG SUBIK;-3.499.187;119.074.155;1;Ada;Ada;Ada;Ada;Ada;Ada;Ada
SULAWESI BARAT;POLEWALI MANDAR;BALANIPA;PAMBUSUANG;-35.008;119.080.735;1;Ada;Ada;Ada;Ada;Ada;Ada;Ada
SULAWESI BARAT;POLEWALI MANDAR;BALANIPA;BALA;-3.497.143;119.095.012;1;Ada;Ada;Ada;Ada;Ada;Ada;Ada
SULAWESI BARAT;POLEWALI MANDAR;BALANIPA;LAMBANAN;-3.480.798;119.071.984;1;Ada;Ada;Ada;Ada;Ada;Ada;Ada
SULAWESI BARAT;POLEWALI MANDAR;BALANIPA;LEGO;-3.485.487;11.908.328;1;Ada;Ada;Ada;Ada;Ada;Ada;Tidak ada
SULAWESI BARAT;POLEWALI MANDAR;BALANIPA;PALLIS;-3.472.696;119.061.197;1;Ada;Ada;Ada;Ada;Ada;Ada;Ada
SULAWESI BARAT;POLEWALI MANDAR;BINUANG;AMASSANGAN;-3.449.431;119.416.018;1;Ada;Ada;Ada;Ada;Ada;Ada;Ada
SULAWESI BARAT;POLEWALI MANDAR;BINUANG;TONYAMAN;-3.452.029;119.368.596;1;Ada;Ada;Ada;Ada;Ada;Ada;Ada
SULAWESI BARAT;POLEWALI MANDAR;BINUANG;KUAJANG;-3.420.749;119.378.788;1;Ada;Ada;Ada;Ada;Ada;Ada;Ada
SULAWESI BARAT;POLEWALI MANDAR;BINUANG;PAKU;-3.477.051;119.474.464;1;Ada;Ada;Ada;Ada;Ada;Ada;Ada
SULAWESI BARAT;POLEWALI MANDAR;BINUANG;MIRRING;-3.442.801;11.944.454;1;Ada;Ada;Ada;Ada;Ada;Ada;Ada
SULAWESI BARAT;POLEWALI MANDAR;BINUANG;BATETANGNGA;-3.407.608;119.408.408;1;Ada;Ada;Ada;Ada;Ada;Ada;Ada
SULAWESI BARAT;POLEWALI MANDAR;BINUANG;MAMMI;-3.407.972;119.362.868;1;Ada;Ada;Ada;Ada;Ada;Ada;Ada
SULAWESI BARAT;POLEWALI MANDAR;BINUANG;KALEOK;-3.382.352;11.944.589;1;Ada;Ada;Ada;Ada;Ada;Ada;Ada
SULAWESI BARAT;POLEWALI MANDAR;BINUANG;AMOLA;-3.422.824;119.468.264;1;Ada;Ada;Ada;Ada;Ada;Ada;Ada
SULAWESI BARAT;POLEWALI MANDAR;BINUANG;REA;-344.278;119.387.321;1;Ada;Ada;Ada;Ada;Ada;Ada;Ada
SULAWESI BARAT;POLEWALI MANDAR;BULO;BULO;-3.194.576;119.127.807;1;Ada;Ada;Ada;Ada;Ada;Ada;Tidak ada
SULAWESI BARAT;POLEWALI MANDAR;BULO;PULLIWA;-3.289.522;119.156.751;1;Ada;Ada;Ada;Ada;Ada;Ada;Ada
SULAWESI BARAT;POLEWALI MANDAR;BULO;PATAMBANUA;-315.064;119.134.092;1;Tidak ada;Ada;Ada;Ada;Ada;Tidak ada;Ada
SULAWESI BARAT;POLEWALI MANDAR;BULO;KAROMBANG;-3.205.114;11.913.133;1;Ada;Ada;Ada;Ada;Tidak ada;Tidak ada;Tidak ada
SULAWESI BARAT;POLEWALI MANDAR;BULO;DAALA TIMUR;-3.269.084;119.111.631;1;Tidak ada;Tidak ada;Ada;Tidak ada;Tidak ada;Tidak ada;Tidak ada
SULAWESI BARAT;POLEWALI MANDAR;BULO;LENGGO;-3.172.362;119.091.151;1;Tidak ada;Tidak ada;Ada;Ada;Ada;Tidak ada;Ada
SULAWESI BARAT;POLEWALI MANDAR;BULO;SABURA;-3.236.853;119.184.168;1;Ada;Ada;Ada;Ada;Ada;Ada;Ada
SULAWESI BARAT;POLEWALI MANDAR;BULO;SEPPORRAKI;-3.208.695;119.180.084;1;Ada;Ada;Ada;Ada;Ada;Tidak ada;Ada
SULAWESI BARAT;POLEWALI MANDAR;BULO;IHING;-3.252.913;119.156.104;1;Ada;Ada;Ada;Ada;Tidak ada;Tidak ada;Ada
SULAWESI BARAT;POLEWALI MANDAR;CAMPALAGIAN;PAPPANG;-3.484.464;119.142.602;1;Ada;Ada;Ada;Ada;Ada;Ada;Ada
SULAWESI BARAT;POLEWALI MANDAR;CAMPALAGIAN;LALIKO;-3.502.237;119.114.243;1;Ada;Ada;Ada;Ada;Ada;Ada;Ada
SULAWESI BARAT;POLEWALI MANDAR;CAMPALAGIAN;BONDE;-3.477.019;119.140.646;1;Ada;Ada;Ada;Ada;Ada;Ada;Ada
SULAWESI BARAT;POLEWALI MANDAR;CAMPALAGIAN;KATUMBANGAN LEMO;-3.468.971;11.918.368;1;Ada;Ada;Ada;Ada;Tidak ada;Tidak ada;Ada
SULAWESI BARAT;POLEWALI MANDAR;CAMPALAGIAN;PANYAMPA;-3.479.536;119.169.832;1;Ada;Ada;Ada;Ada;Ada;Ada;Ada
SULAWESI BARAT;POLEWALI MANDAR;CAMPALAGIAN;SURUANG;-347.688;119.109.827;1;Ada;Ada;Ada;Ada;Ada;Ada;Ada
SULAWESI BARAT;POLEWALI MANDAR;CAMPALAGIAN;LAMPOKO;-3.446.185;119.148.799;1;Ada;Ada;Ada;Ada;Ada;Ada;Ada
SULAWESI BARAT;POLEWALI MANDAR;CAMPALAGIAN;KATUMBANGAN;-3.449.469;119.177.819;1;Ada;Ada;Ada;Ada;Ada;Ada;Ada
SULAWESI BARAT;POLEWALI MANDAR;CAMPALAGIAN;LAPEO;-3.488.994;119.121.731;1;Ada;Ada;Ada;Ada;Ada;Ada;Ada
SULAWESI BARAT;POLEWALI MANDAR;CAMPALAGIAN;PARAPPE;-3.470.856;119.152.301;1;Ada;Ada;Ada;Ada;Ada;Ada;Ada
SULAWESI BARAT;POLEWALI MANDAR;CAMPALAGIAN;ONGKO;-3.448.545;1.190.856;1;Ada;Ada;Ada;Ada;Ada;Ada;Ada
SULAWESI BARAT;POLEWALI MANDAR;CAMPALAGIAN;KENJE;-3.481.044;119.131.785;1;Ada;Ada;Ada;Ada;Ada;Ada;Ada
SULAWESI BARAT;POLEWALI MANDAR;CAMPALAGIAN;SUMARRANG;-342.317;119.092.473;1;Ada;Ada;Ada;Ada;Ada;Ada;Ada
SULAWESI BARAT;POLEWALI MANDAR;CAMPALAGIAN;BOTTO;-3.430.034;119.159.641;1;Ada;Ada;Ada;Ada;Ada;Ada;Ada
SULAWESI BARAT;POLEWALI MANDAR;CAMPALAGIAN;GATTUNGAN;-3.419.557;119.133.068;1;Ada;Ada;Ada;Ada;Ada;Ada;Ada
SULAWESI BARAT;POLEWALI MANDAR;CAMPALAGIAN;PADANG TIMUR;-3.461.851;119.123.525;1;Ada;Ada;Ada;Ada;Ada;Ada;Ada
SULAWESI BARAT;POLEWALI MANDAR;CAMPALAGIAN;PADANG;-3.460.351;11.912.198;1;Ada;Ada;Ada;Ada;Ada;Ada;Ada
SULAWESI BARAT;POLEWALI MANDAR;CAMPALAGIAN;LAGI-AGI;-346.032;119.140.022;1;Ada;Ada;Ada;Ada;Ada;Ada;Ada
SULAWESI BARAT;POLEWALI MANDAR;LIMBORO;LIMBORO;-3.456.191;119.022.205;1;Ada;Ada;Ada;Ada;Ada;Ada;Ada
SULAWESI BARAT;POLEWALI MANDAR;LIMBORO;LEMBANG LEMBANG;-3.458.634;11.900.801;1;Ada;Ada;Ada;Ada;Ada;Ada;Ada
SULAWESI BARAT;POLEWALI MANDAR;LIMBORO;TANDASURA;-3.470.731;118.976.994;1;Ada;Ada;Ada;Ada;Ada;Ada;Ada
SULAWESI BARAT;POLEWALI MANDAR;LIMBORO;SAMASUNDU;-3.471.423;119.018.969;1;Ada;Ada;Ada;Ada;Ada;Ada;Ada
SULAWESI BARAT;POLEWALI MANDAR;LIMBORO;NAPO;-347.181;119.033.324;1;Ada;Ada;Ada;Ada;Ada;Ada;Ada
SULAWESI BARAT;POLEWALI MANDAR;LIMBORO;TODANG TODANG;-3.438.436;119.047.758;1;Ada;Ada;Ada;Ada;Ada;Tidak ada;Ada
SULAWESI BARAT;POLEWALI MANDAR;LIMBORO;PENDULANGAN;-339.945;119.045.484;1;Ada;Ada;Ada;Ada;Ada;Tidak ada;Ada
SULAWESI BARAT;POLEWALI MANDAR;LIMBORO;RENGGEANG;-3.484.546;118.980.244;1;Ada;Ada;Ada;Ada;Ada;Ada;Ada
SULAWESI BARAT;POLEWALI MANDAR;LIMBORO;SALARRI;-3.440.961;119.024.421;1;Ada;Ada;Ada;Ada;Ada;Ada;Ada
SULAWESI BARAT;POLEWALI MANDAR;LIMBORO;TANGAN BARU;-3.458.335;118.974.142;1;Ada;Ada;Ada;Ada;Ada;Ada;Ada
SULAWESI BARAT;POLEWALI MANDAR;LIMBORO;PALECE;-3.477.946;119.001.454;1;Ada;Ada;Ada;Ada;Ada;Ada;Ada
SULAWESI BARAT;POLEWALI MANDAR;LUYO;BATUPANGA;-3.348.765;119.119.224;1;Ada;Tidak ada;Ada;Ada;Ada;Ada;Ada
SULAWESI BARAT;POLEWALI MANDAR;LUYO;MAMBU;-3.373.173;119.141.832;1;Ada;Ada;Ada;Ada;Ada;Ada;Ada
SULAWESI BARAT;POLEWALI MANDAR;LUYO;TENGGELANG;-3.393.046;119.115.804;1;Ada;Ada;Ada;Ada;Ada;Ada;Ada
SULAWESI BARAT;POLEWALI MANDAR;LUYO;BARU;-3.412.263;119.157.282;1;Ada;Ada;Ada;Ada;Ada;Ada;Ada
SULAWESI BARAT;POLEWALI MANDAR;LUYO;PUSSUI;-3.353.634;119.070.803;1;Ada;Tidak ada;Ada;Ada;Ada;Ada;Ada
SULAWESI BARAT;POLEWALI MANDAR;LUYO;MAPILI BARAT;-340.375;119.161.996;1;Ada;Ada;Ada;Ada;Ada;Ada;Ada
SULAWESI BARAT;POLEWALI MANDAR;LUYO;SAMBALI WALI;-3.389.189;119.074.503;1;Ada;Ada;Ada;Ada;Ada;Ada;Ada
SULAWESI BARAT;POLEWALI MANDAR;LUYO;BATUPANGA DAALA;-331.028;119.098.997;1;Ada;Ada;Ada;Ada;Ada;Ada;Ada
SULAWESI BARAT;POLEWALI MANDAR;LUYO;LUYO;-3.362.506;11.910.842;1;Ada;Ada;Ada;Ada;Ada;Ada;Ada
SULAWESI BARAT;POLEWALI MANDAR;LUYO;PUSSUI BARAT;-3.361.049;119.088.447;1;Ada;Tidak ada;Ada;Ada;Ada;Ada;Ada
SULAWESI BARAT;POLEWALI MANDAR;LUYO;PUCCADI;-3.384.622;119.160.269;1;Ada;Ada;Ada;Ada;Ada;Ada;Ada
SULAWESI BARAT;POLEWALI MANDAR;MAPILLI;MAPILI;-3.403.493;119.161.953;1;Ada;Ada;Ada;Ada;Ada;Ada;Ada
SULAWESI BARAT;POLEWALI MANDAR;MAPILLI;UGIBARU;-340.306;119.198.141;1;Ada;Ada;Ada;Ada;Ada;Ada;Ada
SULAWESI BARAT;POLEWALI MANDAR;MAPILLI;RUMPA;-3.451.368;119.201.712;1;Ada;Ada;Ada;Ada;Ada;Ada;Tidak ada
SULAWESI BARAT;POLEWALI MANDAR;MAPILLI;KURMA;-3.369.225;119.171.307;1;Ada;Ada;Ada;Ada;Ada;Ada;Ada
SULAWESI BARAT;POLEWALI MANDAR;MAPILLI;BUKU;-3.403.364;11.916.191;1;Ada;Ada;Ada;Ada;Ada;Ada;Ada
SULAWESI BARAT;POLEWALI MANDAR;MAPILLI;BONNE BONNE;-3.394.314;119.185.189;1;Ada;Ada;Ada;Ada;Ada;Ada;Ada
SULAWESI BARAT;POLEWALI MANDAR;MAPILLI;BEROANGIN;-3.329.687;119.147.185;1;Ada;Ada;Ada;Ada;Ada;Ada;Tidak ada
SULAWESI BARAT;POLEWALI MANDAR;MAPILLI;SEGERANG;-342.646;119.190.737;1;Ada;Ada;Ada;Ada;Ada;Ada;Tidak ada
SULAWESI BARAT;POLEWALI MANDAR;MAPILLI;BONRA;-3.398.118;119.170.673;1;Ada;Ada;Ada;Ada;Ada;Ada;Ada
SULAWESI BARAT;POLEWALI MANDAR;MAPILLI;SATTOKO;-3.309.308;11.912.768;1;Ada;Ada;Ada;Ada;Ada;Ada;Ada
SULAWESI BARAT;POLEWALI MANDAR;MAPILLI;RAPPANG BARAT;-3.352.312;119.178.222;1;Ada;Ada;Ada;Ada;Ada;Ada;Ada
SULAWESI BARAT;POLEWALI MANDAR;MAPILLI;LANDI KANUSUANG;-3.298.269;119.180.823;1;Ada;Ada;Ada;Ada;Ada;Ada;Ada
SULAWESI BARAT;POLEWALI MANDAR;MATAKALI;MATAKALI;-3.383.497;119.270.611;1;Ada;Ada;Ada;Ada;Ada;Ada;Ada
SULAWESI BARAT;POLEWALI MANDAR;MATAKALI;PETAMPANUA;-3.407.862;119.286.232;1;Ada;Ada;Ada;Ada;Ada;Ada;Ada
SULAWESI BARAT;POLEWALI MANDAR;MATAKALI;BARUMBUNG;-3.351.258;119.282.618;1;Ada;Ada;Ada;Ada;Ada;Ada;Ada
SULAWESI BARAT;POLEWALI MANDAR;MATAKALI;PASIANG;-3.325.794;119.320.991;1;Ada;Ada;Ada;Ada;Ada;Ada;Ada
SULAWESI BARAT;POLEWALI MANDAR;MATAKALI;TONROLIMA;-3.375.631;119.250.362;1;Ada;Ada;Ada;Ada;Ada;Ada;Ada
SULAWESI BARAT;POLEWALI MANDAR;MATAKALI;INDOMAKKOMBONG;-3.345.134;119.259.622;1;Ada;Ada;Ada;Ada;Ada;Ada;Ada
SULAWESI BARAT;POLEWALI MANDAR;MATAKALI;BUNGA-BUNGA;-3.385.598;119.299.887;1;Ada;Ada;Ada;Ada;Ada;Ada;Ada
SULAWESI BARAT;POLEWALI MANDAR;MATANGNGA;MATANGNGA;-3.104.387;119.222.347;1;Ada;Ada;Ada;Ada;Ada;Ada;Ada
SULAWESI BARAT;POLEWALI MANDAR;MATANGNGA;LILLI;-3.187.685;119.197.778;1;Ada;Ada;Ada;Ada;Ada;Ada;Ada
SULAWESI BARAT;POLEWALI MANDAR;MATANGNGA;RANGOAN;-314.873;119.181.257;1;Ada;Ada;Ada;Tidak ada;Tidak ada;Tidak ada;Tidak ada
SULAWESI BARAT;POLEWALI MANDAR;MATANGNGA;TAPUA;-3.203.844;119.230.289;1;Ada;Ada;Ada;Ada;Ada;Ada;Ada
SULAWESI BARAT;POLEWALI MANDAR;MATANGNGA;MAMBU TAPUA;-3.233.218;119.271.732;1;Ada;Ada;Ada;Ada;Ada;Ada;Ada
SULAWESI BARAT;POLEWALI MANDAR;MATANGNGA;BA'BA TAPUA;-3.282.548;119.212.201;1;Ada;Ada;Ada;Ada;Tidak ada;Tidak ada;Tidak ada
SULAWESI BARAT;POLEWALI MANDAR;MATANGNGA;KATIMBANG;-314.525;119.234.931;1;Ada;Ada;Ada;Ada;Ada;Tidak ada;Tidak ada
SULAWESI BARAT;POLEWALI MANDAR;POLEWALI;POLEWALI;-3.411.289;119.325.924;1;Ada;Ada;Ada;Ada;Ada;Ada;Ada
SULAWESI BARAT;POLEWALI MANDAR;POLEWALI;WATTANG;-3.429.272;119.345.853;1;Ada;Ada;Ada;Ada;Ada;Ada;Ada
SULAWESI BARAT;POLEWALI MANDAR;POLEWALI;SULEWATANG;-341.026;119.344.512;1;Ada;Ada;Ada;Ada;Ada;Ada;Ada
SULAWESI BARAT;POLEWALI MANDAR;POLEWALI;LANTORA;-3.422.043;11.933.801;1;Ada;Ada;Ada;Ada;Ada;Ada;Ada
SULAWESI BARAT;POLEWALI MANDAR;POLEWALI;TAKATIDUNG;-3.420.392;119.324.438;1;Ada;Ada;Ada;Ada;Ada;Ada;Ada
SULAWESI BARAT;POLEWALI MANDAR;POLEWALI;PEKKABATA;-3.412.598;119.312.675;1;Ada;Ada;Ada;Ada;Ada;Ada;Ada
SULAWESI BARAT;POLEWALI MANDAR;POLEWALI;MADATE;-3.404.699;119.306.729;1;Ada;Ada;Ada;Ada;Ada;Ada;Ada
SULAWESI BARAT;POLEWALI MANDAR;POLEWALI;MANDING;-3.418.116;119.302.134;1;Ada;Ada;Ada;Ada;Ada;Ada;Ada
SULAWESI BARAT;POLEWALI MANDAR;POLEWALI;DARMA;-3.398.865;119.330.107;1;Ada;Ada;Ada;Ada;Ada;Ada;Ada
SULAWESI BARAT;POLEWALI MANDAR;TAPANGO;PELITAKAN;-3.360.882;119.238.027;1;Tidak ada;Ada;Ada;Ada;Ada;Ada;Ada
SULAWESI BARAT;POLEWALI MANDAR;TAPANGO;TAPANGO;-3.309.478;119.257.189;1;Tidak ada;Ada;Ada;Ada;Ada;Tidak ada;Tidak ada
SULAWESI BARAT;POLEWALI MANDAR;TAPANGO;RAPPANG;-3.348.337;119.198.809;1;Ada;Ada;Ada;Ada;Ada;Ada;Ada
SULAWESI BARAT;POLEWALI MANDAR;TAPANGO;DAKKA;-3.356.835;119.222.528;1;Ada;Ada;Ada;Ada;Ada;Ada;Ada
SULAWESI BARAT;POLEWALI MANDAR;TAPANGO;BATU;-3.299.801;119.236.065;1;Ada;Ada;Ada;Ada;Ada;Ada;Ada
SULAWESI BARAT;POLEWALI MANDAR;TAPANGO;RISO;-3.314.503;11.927.358;1;Ada;Ada;Ada;Tidak ada;Ada;Tidak ada;Ada
SULAWESI BARAT;POLEWALI MANDAR;TAPANGO;PALATTA;-3.276.644;119.248.655;1;Ada;Ada;Tidak ada;Ada;Tidak ada;Ada;Tidak ada
SULAWESI BARAT;POLEWALI MANDAR;TAPANGO;TAPANGO BARAT;-3.325.581;119.224.387;1;Tidak ada;Ada;Ada;Ada;Ada;Tidak ada;Tidak ada
SULAWESI BARAT;POLEWALI MANDAR;TAPANGO;KURRAK;-3.285.228;119.316.124;1;Tidak ada;Ada;Ada;Ada;Ada;Tidak ada;Tidak ada
SULAWESI BARAT;POLEWALI MANDAR;TAPANGO;BUSSU;-3.314.476;119.210.337;1;Ada;Ada;Ada;Ada;Ada;Ada;Ada
SULAWESI BARAT;POLEWALI MANDAR;TAPANGO;TUTTULA;-3.314.814;119.193.848;1;Ada;Ada;Ada;Ada;Ada;Ada;Ada
SULAWESI BARAT;POLEWALI MANDAR;TAPANGO;JAMBU MALEA;-3.351.462;119.213.258;1;Ada;Ada;Ada;Ada;Ada;Ada;Ada
SULAWESI BARAT;POLEWALI MANDAR;TAPANGO;KALIMBUA;-3.294.107;119.286.324;1;Ada;Ada;Ada;Ada;Ada;Ada;Tidak ada
SULAWESI BARAT;POLEWALI MANDAR;TAPANGO;BANATO REJO;-3.339.288;119.237.791;1;Ada;Ada;Ada;Ada;Ada;Ada;Ada
SULAWESI BARAT;POLEWALI MANDAR;TINAMBUNG;TINAMBUNG;-3.506.373;119.015.544;1;Ada;Ada;Ada;Ada;Ada;Ada;Ada
SULAWESI BARAT;POLEWALI MANDAR;TINAMBUNG;KARAMA;-3.510.092;119.042.944;1;Ada;Ada;Ada;Ada;Ada;Ada;Ada
SULAWESI BARAT;POLEWALI MANDAR;TINAMBUNG;TANGNGA TANGNGA;-3.510.688;119.029.762;1;Ada;Ada;Ada;Ada;Ada;Tidak ada;Tidak ada
SULAWESI BARAT;POLEWALI MANDAR;TINAMBUNG;LEKOPADIS;-3.497.953;11.901.187;1;Ada;Ada;Ada;Tidak ada;Tidak ada;Ada;Tidak ada
SULAWESI BARAT;POLEWALI MANDAR;TINAMBUNG;GALUNG LOMBOK;-3.497.126;118.987.437;1;Ada;Ada;Ada;Ada;Ada;Ada;Ada
SULAWESI BARAT;POLEWALI MANDAR;TINAMBUNG;TANDUNG;-3.516.074;11.900.544;1;Ada;Ada;Ada;Ada;Ada;Ada;Ada
SULAWESI BARAT;POLEWALI MANDAR;TINAMBUNG;BATULAYA;-3.495.849;119.027.555;1;Ada;Ada;Ada;Tidak ada;Tidak ada;Tidak ada;Ada
SULAWESI BARAT;POLEWALI MANDAR;TINAMBUNG;SEPABATU;-3.510.145;119.016.271;1;Ada;Ada;Ada;Ada;Ada;Ada;Ada
SULAWESI BARAT;POLEWALI MANDAR;TUTAR;TARAMANU;-3.326.774;119.022.103;1;Ada;Ada;Ada;Ada;Ada;Ada;Ada
SULAWESI BARAT;POLEWALI MANDAR;TUTAR;AMBOPADANG;-329.503;119.063.567;1;Ada;Ada;Ada;Ada;Ada;Ada;Ada
SULAWESI BARAT;POLEWALI MANDAR;TUTAR;TUBBI;-3.185.934;119.053.227;1;Tidak ada;Tidak ada;Ada;Ada;Tidak ada;Tidak ada;Tidak ada
SULAWESI BARAT;POLEWALI MANDAR;TUTAR;RATTE;-3.219.464;118.996.626;1;Tidak ada;Tidak ada;Ada;Tidak ada;Tidak ada;Tidak ada;Tidak ada
SULAWESI BARAT;POLEWALI MANDAR;TUTAR;BESOANGIN;-3.232.071;118.934.716;1;Tidak ada;Ada;Ada;Ada;Ada;Ada;Ada
SULAWESI BARAT;POLEWALI MANDAR;TUTAR;PIRIANG TAPIKO;-3.134.882;119.022.814;1;Tidak ada;Tidak ada;Ada;Ada;Tidak ada;Tidak ada;Tidak ada
SULAWESI BARAT;POLEWALI MANDAR;TUTAR;PEBURRU;-3.269.062;119.077.413;1;Tidak ada;Ada;Ada;Ada;Ada;Ada;Ada
SULAWESI BARAT;POLEWALI MANDAR;TUTAR;TALOBA;-3.136.359;119.062.461;1;Ada;Tidak ada;Ada;Tidak ada;Tidak ada;Tidak ada;Tidak ada
SULAWESI BARAT;POLEWALI MANDAR;TUTAR;POLLEWANI;-3.231.729;119.049.138;1;Ada;Ada;Ada;Ada;Ada;Ada;Ada
SULAWESI BARAT;POLEWALI MANDAR;TUTAR;ARABUA;-3.324.761;119.057.037;1;Ada;Ada;Ada;Ada;Ada;Ada;Ada
SULAWESI BARAT;POLEWALI MANDAR;TUTAR;BESOANGIN UTARA;-3.135.347;118.974.026;1;Tidak ada;Ada;Ada;Ada;Ada;Ada;Ada
SULAWESI BARAT;POLEWALI MANDAR;TUTAR;PODA;-3.361.282;119.032.057;1;Ada;Ada;Ada;Ada;Ada;Tidak ada;Ada
SULAWESI BARAT;POLEWALI MANDAR;TUTAR;TARAMANU TUA;-328.567;119.021.242;1;Ada;Ada;Ada;Ada;Ada;Ada;Ada
SULAWESI BARAT;POLEWALI MANDAR;WONOMULYO;SIDODADI;-3.397.287;11.921.549;1;Ada;Ada;Ada;Ada;Ada;Ada;Ada
SULAWESI BARAT;POLEWALI MANDAR;WONOMULYO;SIDOREJO;-3.409.938;119.217.463;1;Ada;Ada;Ada;Ada;Ada;Ada;Ada
SULAWESI BARAT;POLEWALI MANDAR;WONOMULYO;SUMBEREJO;-3.387.141;119.229.449;1;Ada;Ada;Ada;Ada;Ada;Ada;Ada
SULAWESI BARAT;POLEWALI MANDAR;WONOMULYO;BUMIAYU;-3.422.101;119.215.024;1;Ada;Ada;Ada;Ada;Ada;Ada;Ada
SULAWESI BARAT;POLEWALI MANDAR;WONOMULYO;KEBUNSARI;-3.441.962;119.217.715;1;Ada;Ada;Ada;Ada;Ada;Ada;Ada
SULAWESI BARAT;POLEWALI MANDAR;WONOMULYO;BANUA BARU;-338.867;119.201.973;1;Tidak ada;Ada;Ada;Ada;Ada;Ada;Ada
SULAWESI BARAT;POLEWALI MANDAR;WONOMULYO;NEPO;-3.456.312;119.236.558;1;Ada;Ada;Ada;Ada;Ada;Ada;Ada
SULAWESI BARAT;POLEWALI MANDAR;WONOMULYO;SUGIHWARAS;-3.381.177;119.214.487;1;Ada;Ada;Ada;Ada;Ada;Ada;Ada
SULAWESI BARAT;POLEWALI MANDAR;WONOMULYO;CAMPURJO;-3.405.852;119.231.523;1;Ada;Ada;Ada;Ada;Ada;Ada;Ada
SULAWESI BARAT;POLEWALI MANDAR;WONOMULYO;BUMIMULYO;-3.431.881;11.922.914;1;Ada;Ada;Ada;Ada;Ada;Ada;Ada
SULAWESI BARAT;POLEWALI MANDAR;WONOMULYO;TUMPILING;-341.093;119.259.681;1;Ada;Ada;Ada;Ada;Ada;Ada;Ada
SULAWESI BARAT;POLEWALI MANDAR;WONOMULYO;BAKKA-BAKKA;-3.376.155;11.920.338;1;Ada;Ada;Ada;Ada;Ada;Ada;Ada
SULAWESI BARAT;POLEWALI MANDAR;WONOMULYO;ARJO SARI;-3.428.032;119.203.748;1;Ada;Ada;Ada;Ada;Ada;Ada;Ada
SULAWESI BARAT;POLEWALI MANDAR;WONOMULYO;GALESON;-34.388;119.255.367;1;Ada;Ada;Ada;Ada;Ada;Ada;Ada
SULAWESI BARAT;MAMUJU;MAMUJU;BINANGA;-2.736.152;118.939.815;1;Ada;Ada;Ada;Ada;Ada;Ada;Ada
SULAWESI BARAT;MAMUJU;MAMUJU;MAMUNYU;-2.718.345;118.965.343;1;Ada;Ada;Ada;Ada;Ada;Ada;Ada
SULAWESI BARAT;MAMUJU;MAMUJU;KAREMA;-273.506;118.905.647;1;Ada;Ada;Ada;Ada;Ada;Ada;Ada
SULAWESI BARAT;MAMUJU;MAMUJU;RIMUKU;-2.721.024;118.917.105;1;Ada;Ada;Ada;Ada;Ada;Ada;Ada
SULAWESI BARAT;MAMUJU;MAMUJU;BAMBU;-2.696.989;11.895.892;1;Ada;Ada;Ada;Ada;Ada;Ada;Ada
SULAWESI BARAT;MAMUJU;MAMUJU;KARAMPUANG;-2.631.789;11.888.686;1;Ada;Ada;Ada;Ada;Ada;Ada;Ada
SULAWESI BARAT;MAMUJU;MAMUJU;TADUI;-268.603;118.977.598;1;Ada;Ada;Ada;Ada;Ada;Ada;Ada
SULAWESI BARAT;MAMUJU;MAMUJU;BATU PANNU;-2.706.704;118.973.921;1;Ada;Ada;Ada;Ada;Ada;Ada;Ada
SULAWESI BARAT;MAMUJU;TAPALANG;GALUNG;-2.822.341;118.930.297;1;Ada;Ada;Ada;Ada;Tidak ada;Ada;Tidak ada
SULAWESI BARAT;MAMUJU;TAPALANG;KASAMBANG;-28.569.723;1.189.478.948;1;Ada;Ada;Ada;Ada;Ada;Ada;Ada
SULAWESI BARAT;MAMUJU;TAPALANG;DAYANGINNA;-2.862.557;118.870.891;1;Ada;Ada;Ada;Ada;Ada;Ada;Ada
SULAWESI BARAT;MAMUJU;TAPALANG;OROBATU;-2.826.111;118.848.868;1;Ada;Ada;Ada;Ada;Ada;Ada;Ada
SULAWESI BARAT;MAMUJU;TAPALANG;TAKANDEANG;-2.805.028;118.867.436;1;Ada;Ada;Ada;Ada;Ada;Tidak ada;Ada
SULAWESI BARAT;MAMUJU;TAPALANG;BELA;-289.822;119.006.544;1;Ada;Ada;Ada;Ada;Ada;Ada;Ada
SULAWESI BARAT;MAMUJU;TAPALANG;TAAN;-2.900.927;118.942.106;1;Ada;Ada;Ada;Ada;Ada;Ada;Ada
SULAWESI BARAT;MAMUJU;TAPALANG;TAMPALANG;-2.809.103;118.909.365;1;Ada;Ada;Ada;Ada;Ada;Ada;Ada
SULAWESI BARAT;MAMUJU;TAPALANG;RANTEDODA;-2.786.436;118.858.189;1;Ada;Ada;Ada;Ada;Ada;Ada;Ada
SULAWESI BARAT;MAMUJU;TAPALANG;KOPEANG;-2.811.896;119.001.471;1;Ada;Ada;Ada;Ada;Ada;Ada;Ada
SULAWESI BARAT;MAMUJU;KALUKKU;SINYONYOI;-2.619.429;119.046.964;1;Ada;Ada;Ada;Ada;Ada;Ada;Ada
SULAWESI BARAT;MAMUJU;KALUKKU;BEBANGA;-265.479;119.016.632;1;Ada;Ada;Ada;Tidak ada;Ada;Tidak ada;Ada
SULAWESI BARAT;MAMUJU;KALUKKU;KALUKKU;-2.579.032;119.098.589;1;Ada;Ada;Ada;Tidak ada;Tidak ada;Tidak ada;Ada
SULAWESI BARAT;MAMUJU;KALUKKU;SINYONYOI SELATAN;-2.579.302;119.057.607;1;Ada;Ada;Ada;Ada;Ada;Ada;Ada
SULAWESI BARAT;MAMUJU;KALUKKU;SONDOANG;-2.592.722;119.112.744;1;Ada;Ada;Ada;Tidak ada;Tidak ada;Tidak ada;Tidak ada
SULAWESI BARAT;MAMUJU;KALUKKU;BERU-BERU;-25.158.605;1.190.709.433;1;Ada;Ada;Ada;Ada;Ada;Ada;Ada
SULAWESI BARAT;MAMUJU;KALUKKU;BELANG BELANG;-24.706.699;1.191.482.069;1;Ada;Ada;Ada;Ada;Ada;Ada;Ada
SULAWESI BARAT;MAMUJU;KALUKKU;KABULOANG;-25.008.163;1.191.074.341;1;Ada;Ada;Ada;Ada;Ada;Tidak ada;Ada
SULAWESI BARAT;MAMUJU;KALUKKU;KEANG;-26.476.687;1.191.475.119;1;Ada;Ada;Ada;Tidak ada;Tidak ada;Tidak ada;Tidak ada
SULAWESI BARAT;MAMUJU;KALUKKU;POKKANG;-25.279.148;1.190.981.402;1;Ada;Ada;Ada;Ada;Ada;Ada;Ada
SULAWESI BARAT;MAMUJU;KALUKKU;GULILING;-25.542.154;1.190.966.372;1;Ada;Ada;Ada;Ada;Ada;Ada;Ada
SULAWESI BARAT;MAMUJU;KALUKKU;UHAIMATE;-26.263.501;1.191.292.818;1;Ada;Ada;Ada;Ada;Ada;Ada;Ada
SULAWESI BARAT;MAMUJU;KALUKKU;KALUKKU BARAT;-25.297.794;1.190.504.796;1;Ada;Ada;Ada;Tidak ada;Ada;Ada;Ada
SULAWESI BARAT;MAMUJU;KALUKKU;PAMMULUKANG;-25.983.959;1.190.535.171;1;Ada;Ada;Ada;Ada;Ada;Ada;Ada
SULAWESI BARAT;MAMUJU;KALUMPANG;KALUMPANG;-24.768.461;1.194.854.601;1;Ada;Tidak ada;Tidak ada;Tidak ada;Tidak ada;Tidak ada;Tidak ada
SULAWESI BARAT;MAMUJU;KALUMPANG;KARATAUN;-25.339.502;1.195.160.099;1;Ada;Ada;Ada;Ada;Ada;Tidak ada;Tidak ada
SULAWESI BARAT;MAMUJU;KALUMPANG;KARAMA;-23.751.671;1.196.156.495;1;Ada;Tidak ada;Tidak ada;Tidak ada;Tidak ada;Tidak ada;Tidak ada
SULAWESI BARAT;MAMUJU;KALUMPANG;SIRAUN;-25.957.785;119.608.352;1;Ada;Ada;Ada;Tidak ada;Tidak ada;Tidak ada;Tidak ada
SULAWESI BARAT;MAMUJU;KALUMPANG;TUMOGA;-24.275.443;119.601.195;1;Ada;Tidak ada;Ada;Ada;Ada;Tidak ada;Tidak ada
SULAWESI BARAT;MAMUJU;KALUMPANG;SALUMAKKI;-25.652.141;1.196.526.208;1;Ada;Tidak ada;Tidak ada;Tidak ada;Tidak ada;Tidak ada;Tidak ada
SULAWESI BARAT;MAMUJU;KALUMPANG;POLIO;-23.943.473;1.196.477.764;1;Ada;Tidak ada;Ada;Tidak ada;Ada;Tidak ada;Tidak ada
SULAWESI BARAT;MAMUJU;KALUMPANG;LIMBONG;-24.471.649;1.195.672.443;1;Ada;Ada;Ada;Tidak ada;Ada;Tidak ada;Ada
SULAWESI BARAT;MAMUJU;KALUMPANG;SANDAPANG;-2.336.355;1.195.906.707;1;Ada;Tidak ada;Tidak ada;Tidak ada;Tidak ada;Tidak ada;Tidak ada
SULAWESI BARAT;MAMUJU;KALUMPANG;KONDO BULO;-25.455.859;1.194.861.662;1;Ada;Ada;Ada;Ada;Ada;Tidak ada;Tidak ada
SULAWESI BARAT;MAMUJU;KALUMPANG;MAKKALIKI;-25.124.137;1.195.829.245;1;Ada;Tidak ada;Tidak ada;Tidak ada;Tidak ada;Tidak ada;Tidak ada
SULAWESI BARAT;MAMUJU;KALUMPANG;BATU MAKKADA;-23.972.893;1.196.788.465;1;Ada;Tidak ada;Tidak ada;Tidak ada;Tidak ada;Tidak ada;Tidak ada
SULAWESI BARAT;MAMUJU;KALUMPANG;LASA';-26.407.507;1.196.153.256;1;Ada;Ada;Ada;Tidak ada;Tidak ada;Tidak ada;Tidak ada
SULAWESI BARAT;MAMUJU;PAPALANG;TOABO;-23.872.835;1.191.735.784;1;Ada;Ada;Ada;Tidak ada;Ada;Tidak ada;Tidak ada
SULAWESI BARAT;MAMUJU;PAPALANG;PAPALANG;-24.295.946;1.191.504.075;1;Ada;Tidak ada;Ada;Ada;Ada;Ada;Ada
SULAWESI BARAT;MAMUJU;PAPALANG;BONDA;-24.175.166;1.191.381.105;1;Ada;Tidak ada;Ada;Ada;Tidak ada;Ada;Tidak ada
SULAWESI BARAT;MAMUJU;PAPALANG;TOPORE;-24.187.645;1.191.624.761;1;Ada;Tidak ada;Ada;Tidak ada;Tidak ada;Tidak ada;Tidak ada
SULAWESI BARAT;MAMUJU;PAPALANG;SALUKAYU;-23.813.932;119.201.965;1;Ada;Ada;Ada;Ada;Ada;Tidak ada;Ada
SULAWESI BARAT;MAMUJU;PAPALANG;SUKADAMAI;-23.681.931;1.192.256.417;1;Ada;Ada;Ada;Ada;Ada;Tidak ada;Ada
SULAWESI BARAT;MAMUJU;PAPALANG;BODA-BODA;-23.934.541;1.191.932.788;1;Ada;Ada;Ada;Ada;Ada;Tidak ada;Ada
SULAWESI BARAT;MAMUJU;PAPALANG;SISANGO;-24.135.788;1.191.982.556;1;Ada;Ada;Ada;Ada;Ada;Tidak ada;Ada
SULAWESI BARAT;MAMUJU;PAPALANG;BATU AMPA;-24.577.124;119.183.963;1;Ada;Ada;Ada;Tidak ada;Tidak ada;Tidak ada;Tidak ada
SULAWESI BARAT;MAMUJU;SAMPAGA;BUNDE;-23.398.221;1.191.745.264;1;Ada;Tidak ada;Ada;Ada;Ada;Ada;Ada
SULAWESI BARAT;MAMUJU;SAMPAGA;KALONDING;-23.804.436;1.192.667.616;1;Ada;Ada;Ada;Tidak ada;Ada;Tidak ada;Tidak ada
SULAWESI BARAT;MAMUJU;SAMPAGA;TARAILU;-23.104.295;1.191.769.346;1;Ada;Ada;Ada;Tidak ada;Ada;Ada;Tidak ada
SULAWESI BARAT;MAMUJU;SAMPAGA;SAMPAGA;-23.157.601;1.191.511.763;1;Ada;Ada;Ada;Ada;Ada;Ada;Ada
SULAWESI BARAT;MAMUJU;SAMPAGA;TANAMBUAH;-2.345.529;1.192.187.125;1;Ada;Ada;Ada;Tidak ada;Tidak ada;Tidak ada;Ada
SULAWESI BARAT;MAMUJU;SAMPAGA;SALUBARANA;-23.718.508;1.192.373.636;1;Ada;Ada;Ada;Tidak ada;Tidak ada;Tidak ada;Tidak ada
SULAWESI BARAT;MAMUJU;SAMPAGA;LOSSO;-23.198.474;1.192.001.783;1;Ada;Ada;Ada;Ada;Ada;Tidak ada;Tidak ada
SULAWESI BARAT;MAMUJU;TOMMO;TOMMO;-22.830.744;1.192.410.087;1;Ada;Ada;Tidak ada;Tidak ada;Tidak ada;Tidak ada;Tidak ada
SULAWESI BARAT;MAMUJU;TOMMO;CAMPALOGA;-23.155.688;1.192.990.928;1;Ada;Ada;Ada;Ada;Ada;Tidak ada;Tidak ada
SULAWESI BARAT;MAMUJU;TOMMO;BUANA SAKTI;-22.908.906;1.192.714.331;1;Ada;Tidak ada;Ada;Tidak ada;Tidak ada;Tidak ada;Tidak ada
SULAWESI BARAT;MAMUJU;TOMMO;TAMEMONGGA;-23.161.346;1.192.348.712;1;Ada;Ada;Ada;Ada;Ada;Ada;Ada
SULAWESI BARAT;MAMUJU;TOMMO;TAMEJARRA;-22.886.459;1.193.012.347;1;Ada;Tidak ada;Ada;Ada;Ada;Tidak ada;Ada
SULAWESI BARAT;MAMUJU;TOMMO;RANTEMARIO;-23.097.512;1.193.278.658;1;Ada;Ada;Ada;Ada;Tidak ada;Ada;Ada
SULAWESI BARAT;MAMUJU;TOMMO;MALINO;-22.642.238;1.192.968.038;1;Ada;Tidak ada;Ada;Ada;Tidak ada;Tidak ada;Ada
SULAWESI BARAT;MAMUJU;TOMMO;KAKULLASANG;-22.798.004;1.193.618.112;1;Ada;Tidak ada;Ada;Ada;Ada;Tidak ada;Ada
SULAWESI BARAT;MAMUJU;TOMMO;LELING;-22.431.533;1.194.250.019;1;Ada;Tidak ada;Ada;Tidak ada;Tidak ada;Tidak ada;Tidak ada
SULAWESI BARAT;MAMUJU;TOMMO;KALEPU;-23.122.457;1.192.103.347;1;Ada;Tidak ada;Ada;Ada;Ada;Tidak ada;Ada
SULAWESI BARAT;MAMUJU;TOMMO;SANDANA;-22.346.853;1.193.858.703;1;Ada;Ada;Ada;Ada;Ada;Ada;Ada
SULAWESI BARAT;MAMUJU;TOMMO;LELING BARAT;-22.128.725;119.377.939;1;Ada;Ada;Ada;Ada;Ada;Tidak ada;Ada
SULAWESI BARAT;MAMUJU;TOMMO;LELING UTARA;-21.692.081;1.194.613.781;1;Ada;Ada;Ada;Ada;Ada;Tidak ada;Tidak ada
SULAWESI BARAT;MAMUJU;TOMMO;SALUDENGEN;-23.539.382;1.192.655.394;1;Ada;Ada;Ada;Ada;Ada;Tidak ada;Tidak ada
SULAWESI BARAT;MAMUJU;SIMBORO;SIMBORO;-26.777.515;1.188.624.556;1;Ada;Ada;Ada;Ada;Ada;Ada;Ada
SULAWESI BARAT;MAMUJU;SIMBORO;RANGAS;-2.658.175;118.846.047;1;Ada;Ada;Ada;Ada;Ada;Ada;Ada
SULAWESI BARAT;MAMUJU;SIMBORO;BOTTENG;-27.827.113;1.188.625.562;1;Ada;Ada;Ada;Ada;Ada;Ada;Ada
SULAWESI BARAT;MAMUJU;SIMBORO;SALETTO;-27.357.649;1.188.479.831;1;Ada;Ada;Ada;Ada;Ada;Ada;Ada
SULAWESI BARAT;MAMUJU;SIMBORO;SUMARE;-26.523.691;1.188.032.842;1;Ada;Ada;Ada;Ada;Tidak ada;Tidak ada;Tidak ada
SULAWESI BARAT;MAMUJU;SIMBORO;BOTTENG UTARA;-27.518.017;1.188.539.149;1;Ada;Ada;Ada;Ada;Ada;Ada;Ada
SULAWESI BARAT;MAMUJU;SIMBORO;TAPANDULLU;-26.785.595;1.187.852.828;1;Ada;Ada;Ada;Ada;Ada;Ada;Ada
SULAWESI BARAT;MAMUJU;SIMBORO;PATI'DI;-27.155.265;1.188.607.557;1;Ada;Ada;Ada;Ada;Tidak ada;Ada;Ada
SULAWESI BARAT;MAMUJU;TAPALANG BARAT;DUNGKAIT;-28.539.876;1.187.984.658;1;Ada;Ada;Ada;Ada;Ada;Tidak ada;Ada
SULAWESI BARAT;MAMUJU;TAPALANG BARAT;LEBANI;-27.440.806;1.187.829.325;1;Ada;Tidak ada;Ada;Tidak ada;Tidak ada;Tidak ada;Ada
SULAWESI BARAT;MAMUJU;TAPALANG BARAT;LABUANG RANO;-2.802.492;118.766.544;1;Ada;Ada;Ada;Tidak ada;Tidak ada;Tidak ada;Tidak ada
SULAWESI BARAT;MAMUJU;TAPALANG BARAT;PASABU;-2.856.681;118.830.725;1;Ada;Ada;Ada;Ada;Ada;Ada;Ada
SULAWESI BARAT;MAMUJU;TAPALANG BARAT;TANETE PAO;-2.781.059;118.819.418;1;Ada;Tidak ada;Ada;Ada;Tidak ada;Tidak ada;Tidak ada
SULAWESI BARAT;MAMUJU;TAPALANG BARAT;PANGASAAN;-2.760.769;118.806.072;1;Ada;Tidak ada;Ada;Ada;Ada;Tidak ada;Tidak ada
SULAWESI BARAT;MAMUJU;TAPALANG BARAT;AHU;-28.505.286;1.188.132.102;1;Ada;Ada;Ada;Ada;Ada;Ada;Ada
SULAWESI BARAT;MAMUJU;BONEHAU;BONEHAU;-25.480.353;1.192.974.481;1;Ada;Ada;Ada;Ada;Ada;Tidak ada;Ada
SULAWESI BARAT;MAMUJU;BONEHAU;SALUTIWO;-25.288.975;1.193.489.011;1;Ada;Ada;Ada;Ada;Ada;Ada;Ada
SULAWESI BARAT;MAMUJU;BONEHAU;BUTTUADA;-2.710.187;119.342.692;1;Ada;Ada;Tidak ada;Tidak ada;Tidak ada;Tidak ada;Tidak ada
SULAWESI BARAT;MAMUJU;BONEHAU;TAMALEA;-2.478.117;119.330.236;1;Ada;Tidak ada;Ada;Ada;Ada;Ada;Ada
SULAWESI BARAT;MAMUJU;BONEHAU;LUMIKA;-2.492.735;119.389.995;1;Ada;Tidak ada;Ada;Tidak ada;Tidak ada;Tidak ada;Tidak ada
SULAWESI BARAT;MAMUJU;BONEHAU;MAPPU;-2.468.849;119.422.429;1;Ada;Tidak ada;Ada;Tidak ada;Ada;Tidak ada;Ada
SULAWESI BARAT;MAMUJU;BONEHAU;BANUADA;-2.611.795;119.239.265;1;Ada;Ada;Ada;Tidak ada;Tidak ada;Tidak ada;Tidak ada
SULAWESI BARAT;MAMUJU;BONEHAU;HINUA;-258.261;119.266.192;1;Ada;Ada;Ada;Tidak ada;Ada;Ada;Ada
SULAWESI BARAT;MAMUJU;BONEHAU;KINATANG;-2.612.189;119.393.995;1;Ada;Ada;Ada;Ada;Ada;Tidak ada;Ada
SULAWESI BARAT;MAMUJU;KEP. BALA BALAKANG;BALA BALAKANG;-22.226.651;116.984.027;1;Ada;Ada;Ada;Ada;Ada;Tidak ada;Tidak ada
SULAWESI BARAT;MAMUJU;KEP. BALA BALAKANG;BALA-BALAKANG TIMUR;-24.675.921;117.363.742;1;Tidak ada;Ada;Ada;Ada;Ada;Tidak ada;Tidak ada
